 
 |---------------------------------------------------------------|
 |                                                               |
 |          You are using CM1, Release 21.1 (cm1r21.1)           |
 |                                                               |
 |---------------------------------------------------------------|
 |                                                               |
 |    compiled using distributed-memory parallelization (MPI)    |
 |                                                               |
 |---------------------------------------------------------------|
 
 Inside PARAM
 
   Domain dimensions: 
 nx    =        1024
 ny    =         512
 nz    =          65
 
   MPI info: 
 nodex    =           4
 nodey    =           4
 numprocs =          16
 ppnode   =          16
 
   sub-domain dimensions: 
 ni    =         256
 nj    =         128
 nk    =          65
 


  cm1setup =  2 : mesoscale modeling with PBL parameterization 



  psolver =  3 : compressible, vertically implicit p-grad, with time-splitting



  Using these physical parameterizations: 

    microphysics             :  Morrison double moment                                      
    LES subgrid turbulence   :  no LES subgrid turbulence model                             
    planetary boundary layer :  CM1 simple scheme (Bryan-Rotunno, Louis-type scheme)        
    surface layer            :  CM1 simple scheme (neutral stability)                       
    lw/sw radiation          :  RRTMG                                                       


 
 dx        =   500.0000    
 dy        =   500.0000    
 dz        =   500.0000    
 dtl       =   15.00000    
 timax     =   345700.0    
 run_time  =  -999.9000    
 tapfrq    =   86400.0000000000     
 rstfrq    =   86400.0000000000     
 statfrq   =   3600.00000000000     
 prclfrq   =   60.0000000000000     
 
 cm1setup  =           2
 testcase  =           8
 adapt_dt  =           1
 irst      =           0
 rstnum    =           1
 iconly    =           0
 hadvordrs =           5
 vadvordrs =           5
 hadvordrv =           5
 vadvordrv =           5
 advwenos  =           2
 advwenov  =           0
 weno_order=           5
 apmasscon =           1
 idiff     =           0
 mdiff     =           0
 difforder =           6
 imoist    =           1
 ipbl      =           2
 sgsmodel  =           0
 tconfig   =           2
 bcturbs   =           2
 horizturb =           0
 doimpl    =           1
 irdamp    =           2
 hrdamp    =           0
 psolver   =           3
 ptype     =           5
 ihail     =           0
 iautoc    =           1
 cuparam   =           0
 icor      =           1
 betaplane =           0
 lspgrad   =           1
 eqtset    =           2
 idiss     =           1
 efall     =           0
 rterm     =           0
 wbc       =           1
 ebc       =           1
 sbc       =           1
 nbc       =           1
 bbc       =           3
 tbc       =           1
 irbc      =           4
 roflux    =           0
 nudgeobc  =           0
 isnd      =           7
 iwnd      =           0
 itern     =           0
 iinit     =           0
 irandp    =           1
 ibalance  =           0
 iorigin   =           1
 axisymm   =           0
 imove     =           0
 iptra     =           0
 npt       =           1
 pdtra     =           1
 iprcl     =           0
 nparcels  =           1
 
 kdiff2    =   75.00000    
 kdiff6    =  3.9999999E-02
 fcor      =  2.5325249E-05
 kdiv      =  0.1000000    
 alph      =  0.6000000    
 rdalpha   =  3.3333334E-03
 zd        =   20000.00    
 xhd       =   100000.0    
 alphobc   =   60.00000    
 umove     =  0.0000000E+00
 vmove     =  0.0000000E+00
 v_t       =   7.000000    
 l_h       =   100.0000    
 lhref1    =   100.0000    
 lhref2    =   1000.000    
 l_inf     =   75.00000    
 ndcnst    =   100.0000    
 nt_c      =   100.0000    
 csound    =   300.0000    
 cstar     =   30.00000    
 
 radopt    =           2
 dtrad     =   300.0000    
 ctrlat    =   10.00000    
 ctrlon    =   74.00000    
 year      =        2009
 month     =           6
 day       =           1
 hour      =           0
 minute    =           0
 second    =           0
 
 isfcflx   =           1
 sfcmodel  =           1
 oceanmodel=           1
 initsfc   =           1
 tsk0      =   301.0000    
 tmn0      =   297.2800    
 xland0    =   2.000000    
 lu0       =          16
 season    =           1
 cecd      =           3
 pertflx   =           0
 cnstce    =  1.0000000E-03
 cnstcd    =  1.0000000E-03
 isftcflx  =           0
 iz0tlnd   =           0
 oml_hml0  =   50.00000    
 oml_gamma =  0.1400000    
 set_flx   =           0
 cnst_shflx=  0.2400000    
 cnst_lhflx=  5.1999999E-05
 set_znt   =           0
 cnst_znt  =  0.1600000    
 set_ust   =           0
 cnst_ust  =  0.2500000    
 ramp_sgs  =           1
 ramp_time =   1800.000    
 t2p_avg   =           1
 
 stretch_x =           0
 dx_inner  =   1000.000    
 dx_outer  =   7000.000    
 nos_x_len =   40000.00    
 tot_x_len =   120000.0    
 
 stretch_y =           0
 dy_inner  =   1000.000    
 dy_outer  =   7000.000    
 nos_y_len =   40000.00    
 tot_y_len =   120000.0    
 
 stretch_z =           1
 ztop      =   28000.00    
 str_bot   =  0.0000000E+00
 str_top   =   5500.000    
 dz_bot    =   50.00000    
 dz_top    =   500.0000    
 
 bc_temp   =           1
 ptc_top   =   250.0000    
 ptc_bot   =   300.0000    
 viscosity =   25.00000    
 pr_num    =  0.7200000    
 
 var1      =  0.0000000E+00
 var2      =  0.0000000E+00
 var3      =  0.0000000E+00
 var4      =  0.0000000E+00
 var5      =  0.0000000E+00
 var6      =  0.0000000E+00
 var7      =  0.0000000E+00
 var8      =  0.0000000E+00
 var9      =  0.0000000E+00
 var10     =  0.0000000E+00
 var11     =  0.0000000E+00
 var12     =  0.0000000E+00
 var13     =  0.0000000E+00
 var14     =  0.0000000E+00
 var15     =  0.0000000E+00
 var16     =  0.0000000E+00
 var17     =  0.0000000E+00
 var18     =  0.0000000E+00
 var19     =  0.0000000E+00
 var20     =  0.0000000E+00
 
 hurr_vg     =    40.00000    
 hurr_rad    =    40000.00    
 hurr_vgpl   =  -0.7000000    
 hurr_rotate =   0.0000000E+00
 
 
   sp,dp,qp =            4           8          16
 
   pi_sp =    3.141593    
   pi_dp =    3.14159265358979     
   pi_qp =    3.14159265358979323846264338327950      
 
 
   kind_phys =            4
   pi_phys   =    3.141593    
 
 
   dohturb,dovturb =  F F
 
   use_avg_sfc =  F
 
 Calling GRAUPEL_INIT
 Returned from GRAUPEL_INIT
 
 
  ----------------------------------------------- 
   ... using Morrison microphysics scheme ... 
          numq   =           10
          ihail  =            0
          assuming constant cloud droplet concentration
          ndcnst =    100.0000    
  ----------------------------------------------- 
 
 
 iice      =           1
 idm       =           1
 idmplus   =           0
 numq      =          10
 nqv       =           1
 nqc       =           2
 nqr       =           3
 nqi       =           4
 nqi2      =           0
 nqi3      =           0
 nqs       =           5
 nqg       =           6
 nnci      =           7
 nncc      =           0
 nql1      =           2
 nql2      =           3
 nqs1      =           4
 nqs2      =           6
 nnc1      =           7
 nnc2      =          10
 nvl1      =          -2
 nvl2      =          -2
 nzl1      =          -2
 nzl2      =          -2
 
   n  qname    qunit                 qmag 
    1  qv   kg/kg                   1.0000E-02
    2  qc   kg/kg                   1.0000E-02
    3  qr   kg/kg                   1.0000E-02
    4  qi   kg/kg                   1.0000E-02
    5  qs   kg/kg                   1.0000E-02
    6  qg   kg/kg                   1.0000E-02
    7  nci  #/kg                    1.0000E+06
    8  ncs  #/kg                    1.0000E+06
    9  ncr  #/kg                    1.0000E+06
   10  ncg  #/kg                    1.0000E+06
 
 nrain     =           1
 
 
 output_format    =           1
 output_filetype  =           2
 output_interp    =           0
 output_rain      =           1
 output_sws       =           1
 output_svs       =           1
 output_sps       =           1
 output_srs       =           1
 output_sgs       =           1
 output_sus       =           1
 output_shs       =           1
 output_coldpool  =           0
 output_sfcflx    =           1
 output_sfcparams =           1
 output_sfcdiags  =           1
 output_psfc      =           1
 output_zs        =           0
 output_zh        =           0
 output_basestate =           0
 output_th        =           1
 output_thpert    =           0
 output_prs       =           1
 output_prspert   =           0
 output_pi        =           0
 output_pipert    =           0
 output_rho       =           0
 output_rhopert   =           0
 output_tke       =           0
 output_km        =           1
 output_kh        =           1
 output_qv        =           1
 output_qvpert    =           0
 output_q         =           1
 output_dbz       =           1
 output_buoyancy  =           0
 output_u         =           1
 output_upert     =           0
 output_uinterp   =           1
 output_v         =           1
 output_vpert     =           0
 output_vinterp   =           1
 output_w         =           1
 output_winterp   =           1
 output_vort      =           0
 output_pv        =           0
 output_uh        =           0
 output_pblten    =           0
 output_dissten   =           0
 output_fallvel   =           0
 output_nm        =           0
 output_def       =           0
 output_radten    =           1
 output_cape      =           1
 output_cin       =           1
 output_lcl       =           1
 output_lfc       =           1
 output_lwp       =           1
 output_pwat      =           1
 output_thbudget  =           0
 output_qvbudget  =           0
 output_ubudget   =           0
 output_vbudget   =           0
 output_wbudget   =           0
 output_pdcomp    =           0
 
 
 restart_format       =            1
 restart_filetype     =            2
 restart_file_theta   =  F
 restart_file_dbz     =  F
 restart_file_th0     =  F
 restart_file_prs0    =  F
 restart_file_pi0     =  F
 restart_file_rho0    =  F
 restart_file_qv0     =  F
 restart_file_u0      =  F
 restart_file_v0      =  F
 restart_file_zs      =  F
 restart_file_zh      =  F
 restart_file_zf      =  F
 restart_file_diags   =  F
 restart_use_theta    =  F
 restart_reset_frqtim =  T
 
 
   myid,mynode             =            0           0
   nodeleader,nodes,ppnode =            0           1          16
   nodex,nodey             =            4           4
   nimax,njmax             =          256         128
 
   d2i   =         1028
   d2is  =         1024
   d2iu  =         1025
   d2iv  =         1024
 
   d2j   =          516
   d2js  =          512
   d2ju  =          512
   d2jv  =          513
 
   d3i   =          257
   d3is  =          256
   d3iu  =          257
   d3iv  =          256
 
   d3j   =          129
   d3js  =          128
   d3ju  =          128
   d3jv  =          129
 
   d3n   =           16
   d3t   =           15
 
 
 stat_w       =            1
 stat_wlevs   =            0
 stat_u       =            1
 stat_v       =            1
 stat_rmw     =            0
 stat_pipert  =            1
 stat_prspert =            1
 stat_thpert  =            1
 stat_q       =            1
 stat_tke     =            0
 stat_km      =            1
 stat_kh      =            1
 stat_div     =            1
 stat_rh      =            1
 stat_rhi     =            1
 stat_the     =            1
 stat_cloud   =            1
 stat_sfcprs  =            1
 stat_wsp     =            1
 stat_cfl     =            1
 stat_vort    =            1
 stat_tmass   =            1
 stat_tmois   =            1
 stat_qmass   =            1
 stat_tenerg  =            1
 stat_mo      =            1
 stat_tmf     =            1
 stat_pcn     =            1
 stat_qsrc    =            1
 
 
 prcl_th      =            0
 prcl_t       =            0
 prcl_prs     =            0
 prcl_ptra    =            0
 prcl_q       =            0
 prcl_nc      =            0
 prcl_km      =            0
 prcl_kh      =            0
 prcl_tke     =            0
 prcl_dbz     =            0
 prcl_b       =            0
 prcl_vpg     =            0
 prcl_vort    =            0
 prcl_rho     =            0
 prcl_qsat    =            0
 prcl_sfc     =            0
 
 
 dodomaindiag =  T
 diagfrq      =    3600.00000000000     
 
 
   nparcels =            1
   npvals   =            1
     prx      =            0
     pry      =            0
     prz      =            0
     pru      =            0
     prv      =            0
     prw      =            0
     prtime   =            0
     prth     =            0
     prt      =            0
     prprs    =            0
     prpt1    =            0
     prpt2    =            0
     prqv     =            0
     prq1     =            0
     prq2     =            0
     prnc1    =            0
     prnc2    =            0
     prkm     =            0
     prkh     =            0
     prtke    =            0
     prdbz    =            0
     prb      =            0
     prvpg    =            0
     przv     =            0
     prrho    =            0
     prqsl    =            0
     prqsi    =            0
     prznt    =            0
     prust    =            0
     przs     =            0
     prsig    =            0
 
   myi,myj=           1           1
 
   mywest  =           3
   myeast  =           1
   mysouth =          12
   mynorth =           4
 
   mysw    =          15
   mynw    =           7
   myne    =           5
   myse    =          13
 
   cs1we   =        8320
   cs1sn   =       16640
   ct1we   =        8448
   ct1sn   =       16896
   cv1we   =        8385
   cu1sn   =       16705
   cw1we   =        8192
   cw1sn   =       16384
   cs2we   =       16640
   cs2sn   =       33280
   cs3we   =       24960
   cs3sn   =       49920
   ct3we   =       25344
   ct3sn   =       50688
   cv3we   =       25155
   cu3sn   =       50115
   cw3we   =       24576
   cw3sn   =       49152
   cs3weq  =      249600
   cs3snq  =      499200
 
 
 g     =   9.810000    
 to    =   273.1500    
 rd    =   287.0400    
 rv    =   461.5000    
 cp    =   1005.700    
 cv    =   718.6600    
 cpv   =   1870.000    
 cvv   =   1408.500    
 p00   =   100000.0    
 rp00  =  9.9999997E-06
 th0r  =   300.0000    
 rcp   =  9.9433225E-04
 pi    =   3.141593    
 
 cpdcv =   1.399410    
 cvdcp =  0.7145869    
 rovcp =  0.2854131    
 rddcv =  0.3994100    
 cvdrd =   2.503693    
 cpdrd =   3.503693    
 eps   =  0.6219718    
 reps  =   1.607790    
 repsm1=  0.6077898    
 cpt   =  0.8594013    
 cvt   =  0.9598975    
 pnum  =  -72634.25    
 xlv   =   2501000.    
 xls   =   2834000.    
 xlf   =   333000.0    
 lvdcp =   2486.825    
 condc =  1.3476814E+07
 cpl   =   4190.000    
 cpi   =   2106.000    
 lv1   =   3134708.    
 lv2   =   2320.000    
 ls1   =   2898464.    
 ls2   =   236.0000    
 karman=  0.4000000    
 
 timeformat   =           4
 timestats    =           1
 terrain_flag = F
 procfiles    = F
 outunits     =           1
 outunitconv  =  1.0000000E-03
 
 ib,ibm,ibi,ibc,ibt=       -2       -2       -2       -2        1
 ie,iem,iei,iec,iet=      259      259      259      259        1
 jb,jbm,jbi,jbc,jbt=       -2       -2       -2       -2        1
 je,jem,jei,jec,jet=      131      131      131      131        1
 kb,kbm,kbi,kbc,kbt=        0        0        0        0        1
 ke,kem,kei,kec,ket=       66       66       66       67        1
 
   idoles    =  F
   idopbl    =  T
   iusetke   =  F
   iusekm    =            1
   iusekh    =            1
 
 
 imirror,jmirror =            0           0
 
 ibp,itb,ipb,ibr,ibb=        1        1        1       -2       -2
 iep,ite,ipe,ier,ieb=        1        1        1      259      259
 jbp,jtb,jpb,jbr,jbb=        1        1        1       -2       -2
 jep,jte,jpe,jer,jeb=        1        1        1      131      131
 kbp,ktb,kpb,kbr,kbb=        1        1        1        0        0
 kep,kte,kpe,ker,keb=        1        1        1       66       66
 
 ibl,ibph,ibp3     =       -2        1        1
 iel,ieph,iep3     =      259        1        1
 jbl,jbph,jbp3     =       -2        1        1
 jel,jeph,jep3     =      131        1        1
     kbph,kbp3     =                 1        1
     keph,kep3     =                 1        1
 
 np3a,np3o =            1           1
 
 ibnba             =        1
 ienba             =        1
 jbnba             =        1
 jenba             =        1
 kbnba             =        1
 kenba             =        1
 
 imp,jmp,kmp,kmt,rmp,cmp =    256    128     65     66      8      3
 
   ngxy,ngz =            3           1
 
 ibdt,ibdq,ibdv    =        1       -2        1
 iedt,iedq,iedv    =        1      259        1
 jbdt,jbdq,jbdv    =        1       -2        1
 jedt,jedq,jedv    =        1      131        1
 kbdt,kbdq,kbdv    =        1        0        1
 kedt,kedq,kedv    =        1       66        1
 
 ibdk,ibdp,ibmynn  =        1        1        1
 iedk,iedp,iemynn  =        1        1        1
 jbdk,jbdp,jbmynn  =        1        1        1
 jedk,jedp,jemynn  =        1        1        1
 kbdk,kbdp,kbmynn  =        1        1        1
 kedk,kedp,kemynn  =        1        1        1
 
 ibmyj,ibtmp,ibcu  =        1        1        1
 iemyj,ietmp,iecu  =        1        1        1
 jbmyj,jbtmp,jbcu  =        1        1        1
 jemyj,jetmp,jecu  =        1        1        1
 kbmyj,kbtmp,kbcu  =        1        1        1
 kemyj,ketmp,kecu  =        1        1        1
 
 ntmp2d            =        1
 ntmp1d            =        1
 
   use_pbl =  T
 
  ib3d,ie3d,ib2d,ie2d =            1           1           1           1
  jb3d,je3d,jb2d,je2d =            1           1           1           1
  kb3d,ke3d           =            1           1
  nout3d,nout2d       =            1           1
 
   ntdiag    =            1
 
   nqdiag    =            6
   qd_dbz    =            1
   qd_vtc    =            2
   qd_vtr    =            3
   qd_vts    =            4
   qd_vtg    =            5
   qd_vti    =            6
 
   nudiag    =            1
 
   nvdiag    =            1
 
   nwdiag    =            1
 
   nkdiag    =            1
 
   npdiag    =            1
 
 rdx    =  2.0000001E-03
 rdy    =  2.0000001E-03
 rdz    =  2.0000001E-03
 rdx2   =  1.0000000E-03
 rdy2   =  1.0000000E-03
 rdz2   =  1.0000000E-03
 rdx4   =  5.0000002E-04
 rdy4   =  5.0000002E-04
 rdz4   =  5.0000002E-04
 govtwo =   4.905000    
 clwsat =  1.0000000E-06
 smeps  =  1.0000000E-30
 tsmall =  9.9999997E-05
 qsmall =  9.9999998E-15
 csmax  =   350.0000    
 epsilon=  1.0000000E-18
 
 nrkmax      =           3
 grads_undef =  -999999.9    
 
 
 x:
      i         xf (m)       xh (m)     dx (m)     uf         uh
 ---------------------------------------------------------------
      -2      -1500.00      -1250.00      500.00     1.0000     1.0000   x
      -1      -1000.00       -750.00      500.00     1.0000     1.0000   x
       0       -500.00       -250.00      500.00     1.0000     1.0000   x
       1          0.00        250.00      500.00     1.0000     1.0000    
       2        500.00        750.00      500.00     1.0000     1.0000    
       3       1000.00       1250.00      500.00     1.0000     1.0000    
       4       1500.00       1750.00      500.00     1.0000     1.0000    
       5       2000.00       2250.00      500.00     1.0000     1.0000    
       6       2500.00       2750.00      500.00     1.0000     1.0000    
       7       3000.00       3250.00      500.00     1.0000     1.0000    
       8       3500.00       3750.00      500.00     1.0000     1.0000    
       9       4000.00       4250.00      500.00     1.0000     1.0000    
      10       4500.00       4750.00      500.00     1.0000     1.0000    
      11       5000.00       5250.00      500.00     1.0000     1.0000    
      12       5500.00       5750.00      500.00     1.0000     1.0000    
      13       6000.00       6250.00      500.00     1.0000     1.0000    
      14       6500.00       6750.00      500.00     1.0000     1.0000    
      15       7000.00       7250.00      500.00     1.0000     1.0000    
      16       7500.00       7750.00      500.00     1.0000     1.0000    
      17       8000.00       8250.00      500.00     1.0000     1.0000    
      18       8500.00       8750.00      500.00     1.0000     1.0000    
      19       9000.00       9250.00      500.00     1.0000     1.0000    
      20       9500.00       9750.00      500.00     1.0000     1.0000    
      21      10000.00      10250.00      500.00     1.0000     1.0000    
      22      10500.00      10750.00      500.00     1.0000     1.0000    
      23      11000.00      11250.00      500.00     1.0000     1.0000    
      24      11500.00      11750.00      500.00     1.0000     1.0000    
      25      12000.00      12250.00      500.00     1.0000     1.0000    
      26      12500.00      12750.00      500.00     1.0000     1.0000    
      27      13000.00      13250.00      500.00     1.0000     1.0000    
      28      13500.00      13750.00      500.00     1.0000     1.0000    
      29      14000.00      14250.00      500.00     1.0000     1.0000    
      30      14500.00      14750.00      500.00     1.0000     1.0000    
      31      15000.00      15250.00      500.00     1.0000     1.0000    
      32      15500.00      15750.00      500.00     1.0000     1.0000    
      33      16000.00      16250.00      500.00     1.0000     1.0000    
      34      16500.00      16750.00      500.00     1.0000     1.0000    
      35      17000.00      17250.00      500.00     1.0000     1.0000    
      36      17500.00      17750.00      500.00     1.0000     1.0000    
      37      18000.00      18250.00      500.00     1.0000     1.0000    
      38      18500.00      18750.00      500.00     1.0000     1.0000    
      39      19000.00      19250.00      500.00     1.0000     1.0000    
      40      19500.00      19750.00      500.00     1.0000     1.0000    
      41      20000.00      20250.00      500.00     1.0000     1.0000    
      42      20500.00      20750.00      500.00     1.0000     1.0000    
      43      21000.00      21250.00      500.00     1.0000     1.0000    
      44      21500.00      21750.00      500.00     1.0000     1.0000    
      45      22000.00      22250.00      500.00     1.0000     1.0000    
      46      22500.00      22750.00      500.00     1.0000     1.0000    
      47      23000.00      23250.00      500.00     1.0000     1.0000    
      48      23500.00      23750.00      500.00     1.0000     1.0000    
      49      24000.00      24250.00      500.00     1.0000     1.0000    
      50      24500.00      24750.00      500.00     1.0000     1.0000    
      51      25000.00      25250.00      500.00     1.0000     1.0000    
      52      25500.00      25750.00      500.00     1.0000     1.0000    
      53      26000.00      26250.00      500.00     1.0000     1.0000    
      54      26500.00      26750.00      500.00     1.0000     1.0000    
      55      27000.00      27250.00      500.00     1.0000     1.0000    
      56      27500.00      27750.00      500.00     1.0000     1.0000    
      57      28000.00      28250.00      500.00     1.0000     1.0000    
      58      28500.00      28750.00      500.00     1.0000     1.0000    
      59      29000.00      29250.00      500.00     1.0000     1.0000    
      60      29500.00      29750.00      500.00     1.0000     1.0000    
      61      30000.00      30250.00      500.00     1.0000     1.0000    
      62      30500.00      30750.00      500.00     1.0000     1.0000    
      63      31000.00      31250.00      500.00     1.0000     1.0000    
      64      31500.00      31750.00      500.00     1.0000     1.0000    
      65      32000.00      32250.00      500.00     1.0000     1.0000    
      66      32500.00      32750.00      500.00     1.0000     1.0000    
      67      33000.00      33250.00      500.00     1.0000     1.0000    
      68      33500.00      33750.00      500.00     1.0000     1.0000    
      69      34000.00      34250.00      500.00     1.0000     1.0000    
      70      34500.00      34750.00      500.00     1.0000     1.0000    
      71      35000.00      35250.00      500.00     1.0000     1.0000    
      72      35500.00      35750.00      500.00     1.0000     1.0000    
      73      36000.00      36250.00      500.00     1.0000     1.0000    
      74      36500.00      36750.00      500.00     1.0000     1.0000    
      75      37000.00      37250.00      500.00     1.0000     1.0000    
      76      37500.00      37750.00      500.00     1.0000     1.0000    
      77      38000.00      38250.00      500.00     1.0000     1.0000    
      78      38500.00      38750.00      500.00     1.0000     1.0000    
      79      39000.00      39250.00      500.00     1.0000     1.0000    
      80      39500.00      39750.00      500.00     1.0000     1.0000    
      81      40000.00      40250.00      500.00     1.0000     1.0000    
      82      40500.00      40750.00      500.00     1.0000     1.0000    
      83      41000.00      41250.00      500.00     1.0000     1.0000    
      84      41500.00      41750.00      500.00     1.0000     1.0000    
      85      42000.00      42250.00      500.00     1.0000     1.0000    
      86      42500.00      42750.00      500.00     1.0000     1.0000    
      87      43000.00      43250.00      500.00     1.0000     1.0000    
      88      43500.00      43750.00      500.00     1.0000     1.0000    
      89      44000.00      44250.00      500.00     1.0000     1.0000    
      90      44500.00      44750.00      500.00     1.0000     1.0000    
      91      45000.00      45250.00      500.00     1.0000     1.0000    
      92      45500.00      45750.00      500.00     1.0000     1.0000    
      93      46000.00      46250.00      500.00     1.0000     1.0000    
      94      46500.00      46750.00      500.00     1.0000     1.0000    
      95      47000.00      47250.00      500.00     1.0000     1.0000    
      96      47500.00      47750.00      500.00     1.0000     1.0000    
      97      48000.00      48250.00      500.00     1.0000     1.0000    
      98      48500.00      48750.00      500.00     1.0000     1.0000    
      99      49000.00      49250.00      500.00     1.0000     1.0000    
     100      49500.00      49750.00      500.00     1.0000     1.0000    
     101      50000.00      50250.00      500.00     1.0000     1.0000    
     102      50500.00      50750.00      500.00     1.0000     1.0000    
     103      51000.00      51250.00      500.00     1.0000     1.0000    
     104      51500.00      51750.00      500.00     1.0000     1.0000    
     105      52000.00      52250.00      500.00     1.0000     1.0000    
     106      52500.00      52750.00      500.00     1.0000     1.0000    
     107      53000.00      53250.00      500.00     1.0000     1.0000    
     108      53500.00      53750.00      500.00     1.0000     1.0000    
     109      54000.00      54250.00      500.00     1.0000     1.0000    
     110      54500.00      54750.00      500.00     1.0000     1.0000    
     111      55000.00      55250.00      500.00     1.0000     1.0000    
     112      55500.00      55750.00      500.00     1.0000     1.0000    
     113      56000.00      56250.00      500.00     1.0000     1.0000    
     114      56500.00      56750.00      500.00     1.0000     1.0000    
     115      57000.00      57250.00      500.00     1.0000     1.0000    
     116      57500.00      57750.00      500.00     1.0000     1.0000    
     117      58000.00      58250.00      500.00     1.0000     1.0000    
     118      58500.00      58750.00      500.00     1.0000     1.0000    
     119      59000.00      59250.00      500.00     1.0000     1.0000    
     120      59500.00      59750.00      500.00     1.0000     1.0000    
     121      60000.00      60250.00      500.00     1.0000     1.0000    
     122      60500.00      60750.00      500.00     1.0000     1.0000    
     123      61000.00      61250.00      500.00     1.0000     1.0000    
     124      61500.00      61750.00      500.00     1.0000     1.0000    
     125      62000.00      62250.00      500.00     1.0000     1.0000    
     126      62500.00      62750.00      500.00     1.0000     1.0000    
     127      63000.00      63250.00      500.00     1.0000     1.0000    
     128      63500.00      63750.00      500.00     1.0000     1.0000    
     129      64000.00      64250.00      500.00     1.0000     1.0000    
     130      64500.00      64750.00      500.00     1.0000     1.0000    
     131      65000.00      65250.00      500.00     1.0000     1.0000    
     132      65500.00      65750.00      500.00     1.0000     1.0000    
     133      66000.00      66250.00      500.00     1.0000     1.0000    
     134      66500.00      66750.00      500.00     1.0000     1.0000    
     135      67000.00      67250.00      500.00     1.0000     1.0000    
     136      67500.00      67750.00      500.00     1.0000     1.0000    
     137      68000.00      68250.00      500.00     1.0000     1.0000    
     138      68500.00      68750.00      500.00     1.0000     1.0000    
     139      69000.00      69250.00      500.00     1.0000     1.0000    
     140      69500.00      69750.00      500.00     1.0000     1.0000    
     141      70000.00      70250.00      500.00     1.0000     1.0000    
     142      70500.00      70750.00      500.00     1.0000     1.0000    
     143      71000.00      71250.00      500.00     1.0000     1.0000    
     144      71500.00      71750.00      500.00     1.0000     1.0000    
     145      72000.00      72250.00      500.00     1.0000     1.0000    
     146      72500.00      72750.00      500.00     1.0000     1.0000    
     147      73000.00      73250.00      500.00     1.0000     1.0000    
     148      73500.00      73750.00      500.00     1.0000     1.0000    
     149      74000.00      74250.00      500.00     1.0000     1.0000    
     150      74500.00      74750.00      500.00     1.0000     1.0000    
     151      75000.00      75250.00      500.00     1.0000     1.0000    
     152      75500.00      75750.00      500.00     1.0000     1.0000    
     153      76000.00      76250.00      500.00     1.0000     1.0000    
     154      76500.00      76750.00      500.00     1.0000     1.0000    
     155      77000.00      77250.00      500.00     1.0000     1.0000    
     156      77500.00      77750.00      500.00     1.0000     1.0000    
     157      78000.00      78250.00      500.00     1.0000     1.0000    
     158      78500.00      78750.00      500.00     1.0000     1.0000    
     159      79000.00      79250.00      500.00     1.0000     1.0000    
     160      79500.00      79750.00      500.00     1.0000     1.0000    
     161      80000.00      80250.00      500.00     1.0000     1.0000    
     162      80500.00      80750.00      500.00     1.0000     1.0000    
     163      81000.00      81250.00      500.00     1.0000     1.0000    
     164      81500.00      81750.00      500.00     1.0000     1.0000    
     165      82000.00      82250.00      500.00     1.0000     1.0000    
     166      82500.00      82750.00      500.00     1.0000     1.0000    
     167      83000.00      83250.00      500.00     1.0000     1.0000    
     168      83500.00      83750.00      500.00     1.0000     1.0000    
     169      84000.00      84250.00      500.00     1.0000     1.0000    
     170      84500.00      84750.00      500.00     1.0000     1.0000    
     171      85000.00      85250.00      500.00     1.0000     1.0000    
     172      85500.00      85750.00      500.00     1.0000     1.0000    
     173      86000.00      86250.00      500.00     1.0000     1.0000    
     174      86500.00      86750.00      500.00     1.0000     1.0000    
     175      87000.00      87250.00      500.00     1.0000     1.0000    
     176      87500.00      87750.00      500.00     1.0000     1.0000    
     177      88000.00      88250.00      500.00     1.0000     1.0000    
     178      88500.00      88750.00      500.00     1.0000     1.0000    
     179      89000.00      89250.00      500.00     1.0000     1.0000    
     180      89500.00      89750.00      500.00     1.0000     1.0000    
     181      90000.00      90250.00      500.00     1.0000     1.0000    
     182      90500.00      90750.00      500.00     1.0000     1.0000    
     183      91000.00      91250.00      500.00     1.0000     1.0000    
     184      91500.00      91750.00      500.00     1.0000     1.0000    
     185      92000.00      92250.00      500.00     1.0000     1.0000    
     186      92500.00      92750.00      500.00     1.0000     1.0000    
     187      93000.00      93250.00      500.00     1.0000     1.0000    
     188      93500.00      93750.00      500.00     1.0000     1.0000    
     189      94000.00      94250.00      500.00     1.0000     1.0000    
     190      94500.00      94750.00      500.00     1.0000     1.0000    
     191      95000.00      95250.00      500.00     1.0000     1.0000    
     192      95500.00      95750.00      500.00     1.0000     1.0000    
     193      96000.00      96250.00      500.00     1.0000     1.0000    
     194      96500.00      96750.00      500.00     1.0000     1.0000    
     195      97000.00      97250.00      500.00     1.0000     1.0000    
     196      97500.00      97750.00      500.00     1.0000     1.0000    
     197      98000.00      98250.00      500.00     1.0000     1.0000    
     198      98500.00      98750.00      500.00     1.0000     1.0000    
     199      99000.00      99250.00      500.00     1.0000     1.0000    
     200      99500.00      99750.00      500.00     1.0000     1.0000    
     201     100000.00     100250.00      500.00     1.0000     1.0000    
     202     100500.00     100750.00      500.00     1.0000     1.0000    
     203     101000.00     101250.00      500.00     1.0000     1.0000    
     204     101500.00     101750.00      500.00     1.0000     1.0000    
     205     102000.00     102250.00      500.00     1.0000     1.0000    
     206     102500.00     102750.00      500.00     1.0000     1.0000    
     207     103000.00     103250.00      500.00     1.0000     1.0000    
     208     103500.00     103750.00      500.00     1.0000     1.0000    
     209     104000.00     104250.00      500.00     1.0000     1.0000    
     210     104500.00     104750.00      500.00     1.0000     1.0000    
     211     105000.00     105250.00      500.00     1.0000     1.0000    
     212     105500.00     105750.00      500.00     1.0000     1.0000    
     213     106000.00     106250.00      500.00     1.0000     1.0000    
     214     106500.00     106750.00      500.00     1.0000     1.0000    
     215     107000.00     107250.00      500.00     1.0000     1.0000    
     216     107500.00     107750.00      500.00     1.0000     1.0000    
     217     108000.00     108250.00      500.00     1.0000     1.0000    
     218     108500.00     108750.00      500.00     1.0000     1.0000    
     219     109000.00     109250.00      500.00     1.0000     1.0000    
     220     109500.00     109750.00      500.00     1.0000     1.0000    
     221     110000.00     110250.00      500.00     1.0000     1.0000    
     222     110500.00     110750.00      500.00     1.0000     1.0000    
     223     111000.00     111250.00      500.00     1.0000     1.0000    
     224     111500.00     111750.00      500.00     1.0000     1.0000    
     225     112000.00     112250.00      500.00     1.0000     1.0000    
     226     112500.00     112750.00      500.00     1.0000     1.0000    
     227     113000.00     113250.00      500.00     1.0000     1.0000    
     228     113500.00     113750.00      500.00     1.0000     1.0000    
     229     114000.00     114250.00      500.00     1.0000     1.0000    
     230     114500.00     114750.00      500.00     1.0000     1.0000    
     231     115000.00     115250.00      500.00     1.0000     1.0000    
     232     115500.00     115750.00      500.00     1.0000     1.0000    
     233     116000.00     116250.00      500.00     1.0000     1.0000    
     234     116500.00     116750.00      500.00     1.0000     1.0000    
     235     117000.00     117250.00      500.00     1.0000     1.0000    
     236     117500.00     117750.00      500.00     1.0000     1.0000    
     237     118000.00     118250.00      500.00     1.0000     1.0000    
     238     118500.00     118750.00      500.00     1.0000     1.0000    
     239     119000.00     119250.00      500.00     1.0000     1.0000    
     240     119500.00     119750.00      500.00     1.0000     1.0000    
     241     120000.00     120250.00      500.00     1.0000     1.0000    
     242     120500.00     120750.00      500.00     1.0000     1.0000    
     243     121000.00     121250.00      500.00     1.0000     1.0000    
     244     121500.00     121750.00      500.00     1.0000     1.0000    
     245     122000.00     122250.00      500.00     1.0000     1.0000    
     246     122500.00     122750.00      500.00     1.0000     1.0000    
     247     123000.00     123250.00      500.00     1.0000     1.0000    
     248     123500.00     123750.00      500.00     1.0000     1.0000    
     249     124000.00     124250.00      500.00     1.0000     1.0000    
     250     124500.00     124750.00      500.00     1.0000     1.0000    
     251     125000.00     125250.00      500.00     1.0000     1.0000    
     252     125500.00     125750.00      500.00     1.0000     1.0000    
     253     126000.00     126250.00      500.00     1.0000     1.0000    
     254     126500.00     126750.00      500.00     1.0000     1.0000    
     255     127000.00     127250.00      500.00     1.0000     1.0000    
     256     127500.00     127750.00      500.00     1.0000     1.0000    
     257     128000.00     128250.00      500.00     1.0000     1.0000    
     258     128500.00     128750.00      500.00     1.0000     1.0000    
     259     129000.00     129250.00      500.00     1.0000     1.0000    
     260     129500.00     129750.00      500.00     1.0000     1.0000    
     261     130000.00     130250.00      500.00     1.0000     1.0000    
     262     130500.00     130750.00      500.00     1.0000     1.0000    
     263     131000.00     131250.00      500.00     1.0000     1.0000    
     264     131500.00     131750.00      500.00     1.0000     1.0000    
     265     132000.00     132250.00      500.00     1.0000     1.0000    
     266     132500.00     132750.00      500.00     1.0000     1.0000    
     267     133000.00     133250.00      500.00     1.0000     1.0000    
     268     133500.00     133750.00      500.00     1.0000     1.0000    
     269     134000.00     134250.00      500.00     1.0000     1.0000    
     270     134500.00     134750.00      500.00     1.0000     1.0000    
     271     135000.00     135250.00      500.00     1.0000     1.0000    
     272     135500.00     135750.00      500.00     1.0000     1.0000    
     273     136000.00     136250.00      500.00     1.0000     1.0000    
     274     136500.00     136750.00      500.00     1.0000     1.0000    
     275     137000.00     137250.00      500.00     1.0000     1.0000    
     276     137500.00     137750.00      500.00     1.0000     1.0000    
     277     138000.00     138250.00      500.00     1.0000     1.0000    
     278     138500.00     138750.00      500.00     1.0000     1.0000    
     279     139000.00     139250.00      500.00     1.0000     1.0000    
     280     139500.00     139750.00      500.00     1.0000     1.0000    
     281     140000.00     140250.00      500.00     1.0000     1.0000    
     282     140500.00     140750.00      500.00     1.0000     1.0000    
     283     141000.00     141250.00      500.00     1.0000     1.0000    
     284     141500.00     141750.00      500.00     1.0000     1.0000    
     285     142000.00     142250.00      500.00     1.0000     1.0000    
     286     142500.00     142750.00      500.00     1.0000     1.0000    
     287     143000.00     143250.00      500.00     1.0000     1.0000    
     288     143500.00     143750.00      500.00     1.0000     1.0000    
     289     144000.00     144250.00      500.00     1.0000     1.0000    
     290     144500.00     144750.00      500.00     1.0000     1.0000    
     291     145000.00     145250.00      500.00     1.0000     1.0000    
     292     145500.00     145750.00      500.00     1.0000     1.0000    
     293     146000.00     146250.00      500.00     1.0000     1.0000    
     294     146500.00     146750.00      500.00     1.0000     1.0000    
     295     147000.00     147250.00      500.00     1.0000     1.0000    
     296     147500.00     147750.00      500.00     1.0000     1.0000    
     297     148000.00     148250.00      500.00     1.0000     1.0000    
     298     148500.00     148750.00      500.00     1.0000     1.0000    
     299     149000.00     149250.00      500.00     1.0000     1.0000    
     300     149500.00     149750.00      500.00     1.0000     1.0000    
     301     150000.00     150250.00      500.00     1.0000     1.0000    
     302     150500.00     150750.00      500.00     1.0000     1.0000    
     303     151000.00     151250.00      500.00     1.0000     1.0000    
     304     151500.00     151750.00      500.00     1.0000     1.0000    
     305     152000.00     152250.00      500.00     1.0000     1.0000    
     306     152500.00     152750.00      500.00     1.0000     1.0000    
     307     153000.00     153250.00      500.00     1.0000     1.0000    
     308     153500.00     153750.00      500.00     1.0000     1.0000    
     309     154000.00     154250.00      500.00     1.0000     1.0000    
     310     154500.00     154750.00      500.00     1.0000     1.0000    
     311     155000.00     155250.00      500.00     1.0000     1.0000    
     312     155500.00     155750.00      500.00     1.0000     1.0000    
     313     156000.00     156250.00      500.00     1.0000     1.0000    
     314     156500.00     156750.00      500.00     1.0000     1.0000    
     315     157000.00     157250.00      500.00     1.0000     1.0000    
     316     157500.00     157750.00      500.00     1.0000     1.0000    
     317     158000.00     158250.00      500.00     1.0000     1.0000    
     318     158500.00     158750.00      500.00     1.0000     1.0000    
     319     159000.00     159250.00      500.00     1.0000     1.0000    
     320     159500.00     159750.00      500.00     1.0000     1.0000    
     321     160000.00     160250.00      500.00     1.0000     1.0000    
     322     160500.00     160750.00      500.00     1.0000     1.0000    
     323     161000.00     161250.00      500.00     1.0000     1.0000    
     324     161500.00     161750.00      500.00     1.0000     1.0000    
     325     162000.00     162250.00      500.00     1.0000     1.0000    
     326     162500.00     162750.00      500.00     1.0000     1.0000    
     327     163000.00     163250.00      500.00     1.0000     1.0000    
     328     163500.00     163750.00      500.00     1.0000     1.0000    
     329     164000.00     164250.00      500.00     1.0000     1.0000    
     330     164500.00     164750.00      500.00     1.0000     1.0000    
     331     165000.00     165250.00      500.00     1.0000     1.0000    
     332     165500.00     165750.00      500.00     1.0000     1.0000    
     333     166000.00     166250.00      500.00     1.0000     1.0000    
     334     166500.00     166750.00      500.00     1.0000     1.0000    
     335     167000.00     167250.00      500.00     1.0000     1.0000    
     336     167500.00     167750.00      500.00     1.0000     1.0000    
     337     168000.00     168250.00      500.00     1.0000     1.0000    
     338     168500.00     168750.00      500.00     1.0000     1.0000    
     339     169000.00     169250.00      500.00     1.0000     1.0000    
     340     169500.00     169750.00      500.00     1.0000     1.0000    
     341     170000.00     170250.00      500.00     1.0000     1.0000    
     342     170500.00     170750.00      500.00     1.0000     1.0000    
     343     171000.00     171250.00      500.00     1.0000     1.0000    
     344     171500.00     171750.00      500.00     1.0000     1.0000    
     345     172000.00     172250.00      500.00     1.0000     1.0000    
     346     172500.00     172750.00      500.00     1.0000     1.0000    
     347     173000.00     173250.00      500.00     1.0000     1.0000    
     348     173500.00     173750.00      500.00     1.0000     1.0000    
     349     174000.00     174250.00      500.00     1.0000     1.0000    
     350     174500.00     174750.00      500.00     1.0000     1.0000    
     351     175000.00     175250.00      500.00     1.0000     1.0000    
     352     175500.00     175750.00      500.00     1.0000     1.0000    
     353     176000.00     176250.00      500.00     1.0000     1.0000    
     354     176500.00     176750.00      500.00     1.0000     1.0000    
     355     177000.00     177250.00      500.00     1.0000     1.0000    
     356     177500.00     177750.00      500.00     1.0000     1.0000    
     357     178000.00     178250.00      500.00     1.0000     1.0000    
     358     178500.00     178750.00      500.00     1.0000     1.0000    
     359     179000.00     179250.00      500.00     1.0000     1.0000    
     360     179500.00     179750.00      500.00     1.0000     1.0000    
     361     180000.00     180250.00      500.00     1.0000     1.0000    
     362     180500.00     180750.00      500.00     1.0000     1.0000    
     363     181000.00     181250.00      500.00     1.0000     1.0000    
     364     181500.00     181750.00      500.00     1.0000     1.0000    
     365     182000.00     182250.00      500.00     1.0000     1.0000    
     366     182500.00     182750.00      500.00     1.0000     1.0000    
     367     183000.00     183250.00      500.00     1.0000     1.0000    
     368     183500.00     183750.00      500.00     1.0000     1.0000    
     369     184000.00     184250.00      500.00     1.0000     1.0000    
     370     184500.00     184750.00      500.00     1.0000     1.0000    
     371     185000.00     185250.00      500.00     1.0000     1.0000    
     372     185500.00     185750.00      500.00     1.0000     1.0000    
     373     186000.00     186250.00      500.00     1.0000     1.0000    
     374     186500.00     186750.00      500.00     1.0000     1.0000    
     375     187000.00     187250.00      500.00     1.0000     1.0000    
     376     187500.00     187750.00      500.00     1.0000     1.0000    
     377     188000.00     188250.00      500.00     1.0000     1.0000    
     378     188500.00     188750.00      500.00     1.0000     1.0000    
     379     189000.00     189250.00      500.00     1.0000     1.0000    
     380     189500.00     189750.00      500.00     1.0000     1.0000    
     381     190000.00     190250.00      500.00     1.0000     1.0000    
     382     190500.00     190750.00      500.00     1.0000     1.0000    
     383     191000.00     191250.00      500.00     1.0000     1.0000    
     384     191500.00     191750.00      500.00     1.0000     1.0000    
     385     192000.00     192250.00      500.00     1.0000     1.0000    
     386     192500.00     192750.00      500.00     1.0000     1.0000    
     387     193000.00     193250.00      500.00     1.0000     1.0000    
     388     193500.00     193750.00      500.00     1.0000     1.0000    
     389     194000.00     194250.00      500.00     1.0000     1.0000    
     390     194500.00     194750.00      500.00     1.0000     1.0000    
     391     195000.00     195250.00      500.00     1.0000     1.0000    
     392     195500.00     195750.00      500.00     1.0000     1.0000    
     393     196000.00     196250.00      500.00     1.0000     1.0000    
     394     196500.00     196750.00      500.00     1.0000     1.0000    
     395     197000.00     197250.00      500.00     1.0000     1.0000    
     396     197500.00     197750.00      500.00     1.0000     1.0000    
     397     198000.00     198250.00      500.00     1.0000     1.0000    
     398     198500.00     198750.00      500.00     1.0000     1.0000    
     399     199000.00     199250.00      500.00     1.0000     1.0000    
     400     199500.00     199750.00      500.00     1.0000     1.0000    
     401     200000.00     200250.00      500.00     1.0000     1.0000    
     402     200500.00     200750.00      500.00     1.0000     1.0000    
     403     201000.00     201250.00      500.00     1.0000     1.0000    
     404     201500.00     201750.00      500.00     1.0000     1.0000    
     405     202000.00     202250.00      500.00     1.0000     1.0000    
     406     202500.00     202750.00      500.00     1.0000     1.0000    
     407     203000.00     203250.00      500.00     1.0000     1.0000    
     408     203500.00     203750.00      500.00     1.0000     1.0000    
     409     204000.00     204250.00      500.00     1.0000     1.0000    
     410     204500.00     204750.00      500.00     1.0000     1.0000    
     411     205000.00     205250.00      500.00     1.0000     1.0000    
     412     205500.00     205750.00      500.00     1.0000     1.0000    
     413     206000.00     206250.00      500.00     1.0000     1.0000    
     414     206500.00     206750.00      500.00     1.0000     1.0000    
     415     207000.00     207250.00      500.00     1.0000     1.0000    
     416     207500.00     207750.00      500.00     1.0000     1.0000    
     417     208000.00     208250.00      500.00     1.0000     1.0000    
     418     208500.00     208750.00      500.00     1.0000     1.0000    
     419     209000.00     209250.00      500.00     1.0000     1.0000    
     420     209500.00     209750.00      500.00     1.0000     1.0000    
     421     210000.00     210250.00      500.00     1.0000     1.0000    
     422     210500.00     210750.00      500.00     1.0000     1.0000    
     423     211000.00     211250.00      500.00     1.0000     1.0000    
     424     211500.00     211750.00      500.00     1.0000     1.0000    
     425     212000.00     212250.00      500.00     1.0000     1.0000    
     426     212500.00     212750.00      500.00     1.0000     1.0000    
     427     213000.00     213250.00      500.00     1.0000     1.0000    
     428     213500.00     213750.00      500.00     1.0000     1.0000    
     429     214000.00     214250.00      500.00     1.0000     1.0000    
     430     214500.00     214750.00      500.00     1.0000     1.0000    
     431     215000.00     215250.00      500.00     1.0000     1.0000    
     432     215500.00     215750.00      500.00     1.0000     1.0000    
     433     216000.00     216250.00      500.00     1.0000     1.0000    
     434     216500.00     216750.00      500.00     1.0000     1.0000    
     435     217000.00     217250.00      500.00     1.0000     1.0000    
     436     217500.00     217750.00      500.00     1.0000     1.0000    
     437     218000.00     218250.00      500.00     1.0000     1.0000    
     438     218500.00     218750.00      500.00     1.0000     1.0000    
     439     219000.00     219250.00      500.00     1.0000     1.0000    
     440     219500.00     219750.00      500.00     1.0000     1.0000    
     441     220000.00     220250.00      500.00     1.0000     1.0000    
     442     220500.00     220750.00      500.00     1.0000     1.0000    
     443     221000.00     221250.00      500.00     1.0000     1.0000    
     444     221500.00     221750.00      500.00     1.0000     1.0000    
     445     222000.00     222250.00      500.00     1.0000     1.0000    
     446     222500.00     222750.00      500.00     1.0000     1.0000    
     447     223000.00     223250.00      500.00     1.0000     1.0000    
     448     223500.00     223750.00      500.00     1.0000     1.0000    
     449     224000.00     224250.00      500.00     1.0000     1.0000    
     450     224500.00     224750.00      500.00     1.0000     1.0000    
     451     225000.00     225250.00      500.00     1.0000     1.0000    
     452     225500.00     225750.00      500.00     1.0000     1.0000    
     453     226000.00     226250.00      500.00     1.0000     1.0000    
     454     226500.00     226750.00      500.00     1.0000     1.0000    
     455     227000.00     227250.00      500.00     1.0000     1.0000    
     456     227500.00     227750.00      500.00     1.0000     1.0000    
     457     228000.00     228250.00      500.00     1.0000     1.0000    
     458     228500.00     228750.00      500.00     1.0000     1.0000    
     459     229000.00     229250.00      500.00     1.0000     1.0000    
     460     229500.00     229750.00      500.00     1.0000     1.0000    
     461     230000.00     230250.00      500.00     1.0000     1.0000    
     462     230500.00     230750.00      500.00     1.0000     1.0000    
     463     231000.00     231250.00      500.00     1.0000     1.0000    
     464     231500.00     231750.00      500.00     1.0000     1.0000    
     465     232000.00     232250.00      500.00     1.0000     1.0000    
     466     232500.00     232750.00      500.00     1.0000     1.0000    
     467     233000.00     233250.00      500.00     1.0000     1.0000    
     468     233500.00     233750.00      500.00     1.0000     1.0000    
     469     234000.00     234250.00      500.00     1.0000     1.0000    
     470     234500.00     234750.00      500.00     1.0000     1.0000    
     471     235000.00     235250.00      500.00     1.0000     1.0000    
     472     235500.00     235750.00      500.00     1.0000     1.0000    
     473     236000.00     236250.00      500.00     1.0000     1.0000    
     474     236500.00     236750.00      500.00     1.0000     1.0000    
     475     237000.00     237250.00      500.00     1.0000     1.0000    
     476     237500.00     237750.00      500.00     1.0000     1.0000    
     477     238000.00     238250.00      500.00     1.0000     1.0000    
     478     238500.00     238750.00      500.00     1.0000     1.0000    
     479     239000.00     239250.00      500.00     1.0000     1.0000    
     480     239500.00     239750.00      500.00     1.0000     1.0000    
     481     240000.00     240250.00      500.00     1.0000     1.0000    
     482     240500.00     240750.00      500.00     1.0000     1.0000    
     483     241000.00     241250.00      500.00     1.0000     1.0000    
     484     241500.00     241750.00      500.00     1.0000     1.0000    
     485     242000.00     242250.00      500.00     1.0000     1.0000    
     486     242500.00     242750.00      500.00     1.0000     1.0000    
     487     243000.00     243250.00      500.00     1.0000     1.0000    
     488     243500.00     243750.00      500.00     1.0000     1.0000    
     489     244000.00     244250.00      500.00     1.0000     1.0000    
     490     244500.00     244750.00      500.00     1.0000     1.0000    
     491     245000.00     245250.00      500.00     1.0000     1.0000    
     492     245500.00     245750.00      500.00     1.0000     1.0000    
     493     246000.00     246250.00      500.00     1.0000     1.0000    
     494     246500.00     246750.00      500.00     1.0000     1.0000    
     495     247000.00     247250.00      500.00     1.0000     1.0000    
     496     247500.00     247750.00      500.00     1.0000     1.0000    
     497     248000.00     248250.00      500.00     1.0000     1.0000    
     498     248500.00     248750.00      500.00     1.0000     1.0000    
     499     249000.00     249250.00      500.00     1.0000     1.0000    
     500     249500.00     249750.00      500.00     1.0000     1.0000    
     501     250000.00     250250.00      500.00     1.0000     1.0000    
     502     250500.00     250750.00      500.00     1.0000     1.0000    
     503     251000.00     251250.00      500.00     1.0000     1.0000    
     504     251500.00     251750.00      500.00     1.0000     1.0000    
     505     252000.00     252250.00      500.00     1.0000     1.0000    
     506     252500.00     252750.00      500.00     1.0000     1.0000    
     507     253000.00     253250.00      500.00     1.0000     1.0000    
     508     253500.00     253750.00      500.00     1.0000     1.0000    
     509     254000.00     254250.00      500.00     1.0000     1.0000    
     510     254500.00     254750.00      500.00     1.0000     1.0000    
     511     255000.00     255250.00      500.00     1.0000     1.0000    
     512     255500.00     255750.00      500.00     1.0000     1.0000    
     513     256000.00     256250.00      500.00     1.0000     1.0000    
     514     256500.00     256750.00      500.00     1.0000     1.0000    
     515     257000.00     257250.00      500.00     1.0000     1.0000    
     516     257500.00     257750.00      500.00     1.0000     1.0000    
     517     258000.00     258250.00      500.00     1.0000     1.0000    
     518     258500.00     258750.00      500.00     1.0000     1.0000    
     519     259000.00     259250.00      500.00     1.0000     1.0000    
     520     259500.00     259750.00      500.00     1.0000     1.0000    
     521     260000.00     260250.00      500.00     1.0000     1.0000    
     522     260500.00     260750.00      500.00     1.0000     1.0000    
     523     261000.00     261250.00      500.00     1.0000     1.0000    
     524     261500.00     261750.00      500.00     1.0000     1.0000    
     525     262000.00     262250.00      500.00     1.0000     1.0000    
     526     262500.00     262750.00      500.00     1.0000     1.0000    
     527     263000.00     263250.00      500.00     1.0000     1.0000    
     528     263500.00     263750.00      500.00     1.0000     1.0000    
     529     264000.00     264250.00      500.00     1.0000     1.0000    
     530     264500.00     264750.00      500.00     1.0000     1.0000    
     531     265000.00     265250.00      500.00     1.0000     1.0000    
     532     265500.00     265750.00      500.00     1.0000     1.0000    
     533     266000.00     266250.00      500.00     1.0000     1.0000    
     534     266500.00     266750.00      500.00     1.0000     1.0000    
     535     267000.00     267250.00      500.00     1.0000     1.0000    
     536     267500.00     267750.00      500.00     1.0000     1.0000    
     537     268000.00     268250.00      500.00     1.0000     1.0000    
     538     268500.00     268750.00      500.00     1.0000     1.0000    
     539     269000.00     269250.00      500.00     1.0000     1.0000    
     540     269500.00     269750.00      500.00     1.0000     1.0000    
     541     270000.00     270250.00      500.00     1.0000     1.0000    
     542     270500.00     270750.00      500.00     1.0000     1.0000    
     543     271000.00     271250.00      500.00     1.0000     1.0000    
     544     271500.00     271750.00      500.00     1.0000     1.0000    
     545     272000.00     272250.00      500.00     1.0000     1.0000    
     546     272500.00     272750.00      500.00     1.0000     1.0000    
     547     273000.00     273250.00      500.00     1.0000     1.0000    
     548     273500.00     273750.00      500.00     1.0000     1.0000    
     549     274000.00     274250.00      500.00     1.0000     1.0000    
     550     274500.00     274750.00      500.00     1.0000     1.0000    
     551     275000.00     275250.00      500.00     1.0000     1.0000    
     552     275500.00     275750.00      500.00     1.0000     1.0000    
     553     276000.00     276250.00      500.00     1.0000     1.0000    
     554     276500.00     276750.00      500.00     1.0000     1.0000    
     555     277000.00     277250.00      500.00     1.0000     1.0000    
     556     277500.00     277750.00      500.00     1.0000     1.0000    
     557     278000.00     278250.00      500.00     1.0000     1.0000    
     558     278500.00     278750.00      500.00     1.0000     1.0000    
     559     279000.00     279250.00      500.00     1.0000     1.0000    
     560     279500.00     279750.00      500.00     1.0000     1.0000    
     561     280000.00     280250.00      500.00     1.0000     1.0000    
     562     280500.00     280750.00      500.00     1.0000     1.0000    
     563     281000.00     281250.00      500.00     1.0000     1.0000    
     564     281500.00     281750.00      500.00     1.0000     1.0000    
     565     282000.00     282250.00      500.00     1.0000     1.0000    
     566     282500.00     282750.00      500.00     1.0000     1.0000    
     567     283000.00     283250.00      500.00     1.0000     1.0000    
     568     283500.00     283750.00      500.00     1.0000     1.0000    
     569     284000.00     284250.00      500.00     1.0000     1.0000    
     570     284500.00     284750.00      500.00     1.0000     1.0000    
     571     285000.00     285250.00      500.00     1.0000     1.0000    
     572     285500.00     285750.00      500.00     1.0000     1.0000    
     573     286000.00     286250.00      500.00     1.0000     1.0000    
     574     286500.00     286750.00      500.00     1.0000     1.0000    
     575     287000.00     287250.00      500.00     1.0000     1.0000    
     576     287500.00     287750.00      500.00     1.0000     1.0000    
     577     288000.00     288250.00      500.00     1.0000     1.0000    
     578     288500.00     288750.00      500.00     1.0000     1.0000    
     579     289000.00     289250.00      500.00     1.0000     1.0000    
     580     289500.00     289750.00      500.00     1.0000     1.0000    
     581     290000.00     290250.00      500.00     1.0000     1.0000    
     582     290500.00     290750.00      500.00     1.0000     1.0000    
     583     291000.00     291250.00      500.00     1.0000     1.0000    
     584     291500.00     291750.00      500.00     1.0000     1.0000    
     585     292000.00     292250.00      500.00     1.0000     1.0000    
     586     292500.00     292750.00      500.00     1.0000     1.0000    
     587     293000.00     293250.00      500.00     1.0000     1.0000    
     588     293500.00     293750.00      500.00     1.0000     1.0000    
     589     294000.00     294250.00      500.00     1.0000     1.0000    
     590     294500.00     294750.00      500.00     1.0000     1.0000    
     591     295000.00     295250.00      500.00     1.0000     1.0000    
     592     295500.00     295750.00      500.00     1.0000     1.0000    
     593     296000.00     296250.00      500.00     1.0000     1.0000    
     594     296500.00     296750.00      500.00     1.0000     1.0000    
     595     297000.00     297250.00      500.00     1.0000     1.0000    
     596     297500.00     297750.00      500.00     1.0000     1.0000    
     597     298000.00     298250.00      500.00     1.0000     1.0000    
     598     298500.00     298750.00      500.00     1.0000     1.0000    
     599     299000.00     299250.00      500.00     1.0000     1.0000    
     600     299500.00     299750.00      500.00     1.0000     1.0000    
     601     300000.00     300250.00      500.00     1.0000     1.0000    
     602     300500.00     300750.00      500.00     1.0000     1.0000    
     603     301000.00     301250.00      500.00     1.0000     1.0000    
     604     301500.00     301750.00      500.00     1.0000     1.0000    
     605     302000.00     302250.00      500.00     1.0000     1.0000    
     606     302500.00     302750.00      500.00     1.0000     1.0000    
     607     303000.00     303250.00      500.00     1.0000     1.0000    
     608     303500.00     303750.00      500.00     1.0000     1.0000    
     609     304000.00     304250.00      500.00     1.0000     1.0000    
     610     304500.00     304750.00      500.00     1.0000     1.0000    
     611     305000.00     305250.00      500.00     1.0000     1.0000    
     612     305500.00     305750.00      500.00     1.0000     1.0000    
     613     306000.00     306250.00      500.00     1.0000     1.0000    
     614     306500.00     306750.00      500.00     1.0000     1.0000    
     615     307000.00     307250.00      500.00     1.0000     1.0000    
     616     307500.00     307750.00      500.00     1.0000     1.0000    
     617     308000.00     308250.00      500.00     1.0000     1.0000    
     618     308500.00     308750.00      500.00     1.0000     1.0000    
     619     309000.00     309250.00      500.00     1.0000     1.0000    
     620     309500.00     309750.00      500.00     1.0000     1.0000    
     621     310000.00     310250.00      500.00     1.0000     1.0000    
     622     310500.00     310750.00      500.00     1.0000     1.0000    
     623     311000.00     311250.00      500.00     1.0000     1.0000    
     624     311500.00     311750.00      500.00     1.0000     1.0000    
     625     312000.00     312250.00      500.00     1.0000     1.0000    
     626     312500.00     312750.00      500.00     1.0000     1.0000    
     627     313000.00     313250.00      500.00     1.0000     1.0000    
     628     313500.00     313750.00      500.00     1.0000     1.0000    
     629     314000.00     314250.00      500.00     1.0000     1.0000    
     630     314500.00     314750.00      500.00     1.0000     1.0000    
     631     315000.00     315250.00      500.00     1.0000     1.0000    
     632     315500.00     315750.00      500.00     1.0000     1.0000    
     633     316000.00     316250.00      500.00     1.0000     1.0000    
     634     316500.00     316750.00      500.00     1.0000     1.0000    
     635     317000.00     317250.00      500.00     1.0000     1.0000    
     636     317500.00     317750.00      500.00     1.0000     1.0000    
     637     318000.00     318250.00      500.00     1.0000     1.0000    
     638     318500.00     318750.00      500.00     1.0000     1.0000    
     639     319000.00     319250.00      500.00     1.0000     1.0000    
     640     319500.00     319750.00      500.00     1.0000     1.0000    
     641     320000.00     320250.00      500.00     1.0000     1.0000    
     642     320500.00     320750.00      500.00     1.0000     1.0000    
     643     321000.00     321250.00      500.00     1.0000     1.0000    
     644     321500.00     321750.00      500.00     1.0000     1.0000    
     645     322000.00     322250.00      500.00     1.0000     1.0000    
     646     322500.00     322750.00      500.00     1.0000     1.0000    
     647     323000.00     323250.00      500.00     1.0000     1.0000    
     648     323500.00     323750.00      500.00     1.0000     1.0000    
     649     324000.00     324250.00      500.00     1.0000     1.0000    
     650     324500.00     324750.00      500.00     1.0000     1.0000    
     651     325000.00     325250.00      500.00     1.0000     1.0000    
     652     325500.00     325750.00      500.00     1.0000     1.0000    
     653     326000.00     326250.00      500.00     1.0000     1.0000    
     654     326500.00     326750.00      500.00     1.0000     1.0000    
     655     327000.00     327250.00      500.00     1.0000     1.0000    
     656     327500.00     327750.00      500.00     1.0000     1.0000    
     657     328000.00     328250.00      500.00     1.0000     1.0000    
     658     328500.00     328750.00      500.00     1.0000     1.0000    
     659     329000.00     329250.00      500.00     1.0000     1.0000    
     660     329500.00     329750.00      500.00     1.0000     1.0000    
     661     330000.00     330250.00      500.00     1.0000     1.0000    
     662     330500.00     330750.00      500.00     1.0000     1.0000    
     663     331000.00     331250.00      500.00     1.0000     1.0000    
     664     331500.00     331750.00      500.00     1.0000     1.0000    
     665     332000.00     332250.00      500.00     1.0000     1.0000    
     666     332500.00     332750.00      500.00     1.0000     1.0000    
     667     333000.00     333250.00      500.00     1.0000     1.0000    
     668     333500.00     333750.00      500.00     1.0000     1.0000    
     669     334000.00     334250.00      500.00     1.0000     1.0000    
     670     334500.00     334750.00      500.00     1.0000     1.0000    
     671     335000.00     335250.00      500.00     1.0000     1.0000    
     672     335500.00     335750.00      500.00     1.0000     1.0000    
     673     336000.00     336250.00      500.00     1.0000     1.0000    
     674     336500.00     336750.00      500.00     1.0000     1.0000    
     675     337000.00     337250.00      500.00     1.0000     1.0000    
     676     337500.00     337750.00      500.00     1.0000     1.0000    
     677     338000.00     338250.00      500.00     1.0000     1.0000    
     678     338500.00     338750.00      500.00     1.0000     1.0000    
     679     339000.00     339250.00      500.00     1.0000     1.0000    
     680     339500.00     339750.00      500.00     1.0000     1.0000    
     681     340000.00     340250.00      500.00     1.0000     1.0000    
     682     340500.00     340750.00      500.00     1.0000     1.0000    
     683     341000.00     341250.00      500.00     1.0000     1.0000    
     684     341500.00     341750.00      500.00     1.0000     1.0000    
     685     342000.00     342250.00      500.00     1.0000     1.0000    
     686     342500.00     342750.00      500.00     1.0000     1.0000    
     687     343000.00     343250.00      500.00     1.0000     1.0000    
     688     343500.00     343750.00      500.00     1.0000     1.0000    
     689     344000.00     344250.00      500.00     1.0000     1.0000    
     690     344500.00     344750.00      500.00     1.0000     1.0000    
     691     345000.00     345250.00      500.00     1.0000     1.0000    
     692     345500.00     345750.00      500.00     1.0000     1.0000    
     693     346000.00     346250.00      500.00     1.0000     1.0000    
     694     346500.00     346750.00      500.00     1.0000     1.0000    
     695     347000.00     347250.00      500.00     1.0000     1.0000    
     696     347500.00     347750.00      500.00     1.0000     1.0000    
     697     348000.00     348250.00      500.00     1.0000     1.0000    
     698     348500.00     348750.00      500.00     1.0000     1.0000    
     699     349000.00     349250.00      500.00     1.0000     1.0000    
     700     349500.00     349750.00      500.00     1.0000     1.0000    
     701     350000.00     350250.00      500.00     1.0000     1.0000    
     702     350500.00     350750.00      500.00     1.0000     1.0000    
     703     351000.00     351250.00      500.00     1.0000     1.0000    
     704     351500.00     351750.00      500.00     1.0000     1.0000    
     705     352000.00     352250.00      500.00     1.0000     1.0000    
     706     352500.00     352750.00      500.00     1.0000     1.0000    
     707     353000.00     353250.00      500.00     1.0000     1.0000    
     708     353500.00     353750.00      500.00     1.0000     1.0000    
     709     354000.00     354250.00      500.00     1.0000     1.0000    
     710     354500.00     354750.00      500.00     1.0000     1.0000    
     711     355000.00     355250.00      500.00     1.0000     1.0000    
     712     355500.00     355750.00      500.00     1.0000     1.0000    
     713     356000.00     356250.00      500.00     1.0000     1.0000    
     714     356500.00     356750.00      500.00     1.0000     1.0000    
     715     357000.00     357250.00      500.00     1.0000     1.0000    
     716     357500.00     357750.00      500.00     1.0000     1.0000    
     717     358000.00     358250.00      500.00     1.0000     1.0000    
     718     358500.00     358750.00      500.00     1.0000     1.0000    
     719     359000.00     359250.00      500.00     1.0000     1.0000    
     720     359500.00     359750.00      500.00     1.0000     1.0000    
     721     360000.00     360250.00      500.00     1.0000     1.0000    
     722     360500.00     360750.00      500.00     1.0000     1.0000    
     723     361000.00     361250.00      500.00     1.0000     1.0000    
     724     361500.00     361750.00      500.00     1.0000     1.0000    
     725     362000.00     362250.00      500.00     1.0000     1.0000    
     726     362500.00     362750.00      500.00     1.0000     1.0000    
     727     363000.00     363250.00      500.00     1.0000     1.0000    
     728     363500.00     363750.00      500.00     1.0000     1.0000    
     729     364000.00     364250.00      500.00     1.0000     1.0000    
     730     364500.00     364750.00      500.00     1.0000     1.0000    
     731     365000.00     365250.00      500.00     1.0000     1.0000    
     732     365500.00     365750.00      500.00     1.0000     1.0000    
     733     366000.00     366250.00      500.00     1.0000     1.0000    
     734     366500.00     366750.00      500.00     1.0000     1.0000    
     735     367000.00     367250.00      500.00     1.0000     1.0000    
     736     367500.00     367750.00      500.00     1.0000     1.0000    
     737     368000.00     368250.00      500.00     1.0000     1.0000    
     738     368500.00     368750.00      500.00     1.0000     1.0000    
     739     369000.00     369250.00      500.00     1.0000     1.0000    
     740     369500.00     369750.00      500.00     1.0000     1.0000    
     741     370000.00     370250.00      500.00     1.0000     1.0000    
     742     370500.00     370750.00      500.00     1.0000     1.0000    
     743     371000.00     371250.00      500.00     1.0000     1.0000    
     744     371500.00     371750.00      500.00     1.0000     1.0000    
     745     372000.00     372250.00      500.00     1.0000     1.0000    
     746     372500.00     372750.00      500.00     1.0000     1.0000    
     747     373000.00     373250.00      500.00     1.0000     1.0000    
     748     373500.00     373750.00      500.00     1.0000     1.0000    
     749     374000.00     374250.00      500.00     1.0000     1.0000    
     750     374500.00     374750.00      500.00     1.0000     1.0000    
     751     375000.00     375250.00      500.00     1.0000     1.0000    
     752     375500.00     375750.00      500.00     1.0000     1.0000    
     753     376000.00     376250.00      500.00     1.0000     1.0000    
     754     376500.00     376750.00      500.00     1.0000     1.0000    
     755     377000.00     377250.00      500.00     1.0000     1.0000    
     756     377500.00     377750.00      500.00     1.0000     1.0000    
     757     378000.00     378250.00      500.00     1.0000     1.0000    
     758     378500.00     378750.00      500.00     1.0000     1.0000    
     759     379000.00     379250.00      500.00     1.0000     1.0000    
     760     379500.00     379750.00      500.00     1.0000     1.0000    
     761     380000.00     380250.00      500.00     1.0000     1.0000    
     762     380500.00     380750.00      500.00     1.0000     1.0000    
     763     381000.00     381250.00      500.00     1.0000     1.0000    
     764     381500.00     381750.00      500.00     1.0000     1.0000    
     765     382000.00     382250.00      500.00     1.0000     1.0000    
     766     382500.00     382750.00      500.00     1.0000     1.0000    
     767     383000.00     383250.00      500.00     1.0000     1.0000    
     768     383500.00     383750.00      500.00     1.0000     1.0000    
     769     384000.00     384250.00      500.00     1.0000     1.0000    
     770     384500.00     384750.00      500.00     1.0000     1.0000    
     771     385000.00     385250.00      500.00     1.0000     1.0000    
     772     385500.00     385750.00      500.00     1.0000     1.0000    
     773     386000.00     386250.00      500.00     1.0000     1.0000    
     774     386500.00     386750.00      500.00     1.0000     1.0000    
     775     387000.00     387250.00      500.00     1.0000     1.0000    
     776     387500.00     387750.00      500.00     1.0000     1.0000    
     777     388000.00     388250.00      500.00     1.0000     1.0000    
     778     388500.00     388750.00      500.00     1.0000     1.0000    
     779     389000.00     389250.00      500.00     1.0000     1.0000    
     780     389500.00     389750.00      500.00     1.0000     1.0000    
     781     390000.00     390250.00      500.00     1.0000     1.0000    
     782     390500.00     390750.00      500.00     1.0000     1.0000    
     783     391000.00     391250.00      500.00     1.0000     1.0000    
     784     391500.00     391750.00      500.00     1.0000     1.0000    
     785     392000.00     392250.00      500.00     1.0000     1.0000    
     786     392500.00     392750.00      500.00     1.0000     1.0000    
     787     393000.00     393250.00      500.00     1.0000     1.0000    
     788     393500.00     393750.00      500.00     1.0000     1.0000    
     789     394000.00     394250.00      500.00     1.0000     1.0000    
     790     394500.00     394750.00      500.00     1.0000     1.0000    
     791     395000.00     395250.00      500.00     1.0000     1.0000    
     792     395500.00     395750.00      500.00     1.0000     1.0000    
     793     396000.00     396250.00      500.00     1.0000     1.0000    
     794     396500.00     396750.00      500.00     1.0000     1.0000    
     795     397000.00     397250.00      500.00     1.0000     1.0000    
     796     397500.00     397750.00      500.00     1.0000     1.0000    
     797     398000.00     398250.00      500.00     1.0000     1.0000    
     798     398500.00     398750.00      500.00     1.0000     1.0000    
     799     399000.00     399250.00      500.00     1.0000     1.0000    
     800     399500.00     399750.00      500.00     1.0000     1.0000    
     801     400000.00     400250.00      500.00     1.0000     1.0000    
     802     400500.00     400750.00      500.00     1.0000     1.0000    
     803     401000.00     401250.00      500.00     1.0000     1.0000    
     804     401500.00     401750.00      500.00     1.0000     1.0000    
     805     402000.00     402250.00      500.00     1.0000     1.0000    
     806     402500.00     402750.00      500.00     1.0000     1.0000    
     807     403000.00     403250.00      500.00     1.0000     1.0000    
     808     403500.00     403750.00      500.00     1.0000     1.0000    
     809     404000.00     404250.00      500.00     1.0000     1.0000    
     810     404500.00     404750.00      500.00     1.0000     1.0000    
     811     405000.00     405250.00      500.00     1.0000     1.0000    
     812     405500.00     405750.00      500.00     1.0000     1.0000    
     813     406000.00     406250.00      500.00     1.0000     1.0000    
     814     406500.00     406750.00      500.00     1.0000     1.0000    
     815     407000.00     407250.00      500.00     1.0000     1.0000    
     816     407500.00     407750.00      500.00     1.0000     1.0000    
     817     408000.00     408250.00      500.00     1.0000     1.0000    
     818     408500.00     408750.00      500.00     1.0000     1.0000    
     819     409000.00     409250.00      500.00     1.0000     1.0000    
     820     409500.00     409750.00      500.00     1.0000     1.0000    
     821     410000.00     410250.00      500.00     1.0000     1.0000    
     822     410500.00     410750.00      500.00     1.0000     1.0000    
     823     411000.00     411250.00      500.00     1.0000     1.0000    
     824     411500.00     411750.00      500.00     1.0000     1.0000    
     825     412000.00     412250.00      500.00     1.0000     1.0000    
     826     412500.00     412750.00      500.00     1.0000     1.0000    
     827     413000.00     413250.00      500.00     1.0000     1.0000    
     828     413500.00     413750.00      500.00     1.0000     1.0000    
     829     414000.00     414250.00      500.00     1.0000     1.0000    
     830     414500.00     414750.00      500.00     1.0000     1.0000    
     831     415000.00     415250.00      500.00     1.0000     1.0000    
     832     415500.00     415750.00      500.00     1.0000     1.0000    
     833     416000.00     416250.00      500.00     1.0000     1.0000    
     834     416500.00     416750.00      500.00     1.0000     1.0000    
     835     417000.00     417250.00      500.00     1.0000     1.0000    
     836     417500.00     417750.00      500.00     1.0000     1.0000    
     837     418000.00     418250.00      500.00     1.0000     1.0000    
     838     418500.00     418750.00      500.00     1.0000     1.0000    
     839     419000.00     419250.00      500.00     1.0000     1.0000    
     840     419500.00     419750.00      500.00     1.0000     1.0000    
     841     420000.00     420250.00      500.00     1.0000     1.0000    
     842     420500.00     420750.00      500.00     1.0000     1.0000    
     843     421000.00     421250.00      500.00     1.0000     1.0000    
     844     421500.00     421750.00      500.00     1.0000     1.0000    
     845     422000.00     422250.00      500.00     1.0000     1.0000    
     846     422500.00     422750.00      500.00     1.0000     1.0000    
     847     423000.00     423250.00      500.00     1.0000     1.0000    
     848     423500.00     423750.00      500.00     1.0000     1.0000    
     849     424000.00     424250.00      500.00     1.0000     1.0000    
     850     424500.00     424750.00      500.00     1.0000     1.0000    
     851     425000.00     425250.00      500.00     1.0000     1.0000    
     852     425500.00     425750.00      500.00     1.0000     1.0000    
     853     426000.00     426250.00      500.00     1.0000     1.0000    
     854     426500.00     426750.00      500.00     1.0000     1.0000    
     855     427000.00     427250.00      500.00     1.0000     1.0000    
     856     427500.00     427750.00      500.00     1.0000     1.0000    
     857     428000.00     428250.00      500.00     1.0000     1.0000    
     858     428500.00     428750.00      500.00     1.0000     1.0000    
     859     429000.00     429250.00      500.00     1.0000     1.0000    
     860     429500.00     429750.00      500.00     1.0000     1.0000    
     861     430000.00     430250.00      500.00     1.0000     1.0000    
     862     430500.00     430750.00      500.00     1.0000     1.0000    
     863     431000.00     431250.00      500.00     1.0000     1.0000    
     864     431500.00     431750.00      500.00     1.0000     1.0000    
     865     432000.00     432250.00      500.00     1.0000     1.0000    
     866     432500.00     432750.00      500.00     1.0000     1.0000    
     867     433000.00     433250.00      500.00     1.0000     1.0000    
     868     433500.00     433750.00      500.00     1.0000     1.0000    
     869     434000.00     434250.00      500.00     1.0000     1.0000    
     870     434500.00     434750.00      500.00     1.0000     1.0000    
     871     435000.00     435250.00      500.00     1.0000     1.0000    
     872     435500.00     435750.00      500.00     1.0000     1.0000    
     873     436000.00     436250.00      500.00     1.0000     1.0000    
     874     436500.00     436750.00      500.00     1.0000     1.0000    
     875     437000.00     437250.00      500.00     1.0000     1.0000    
     876     437500.00     437750.00      500.00     1.0000     1.0000    
     877     438000.00     438250.00      500.00     1.0000     1.0000    
     878     438500.00     438750.00      500.00     1.0000     1.0000    
     879     439000.00     439250.00      500.00     1.0000     1.0000    
     880     439500.00     439750.00      500.00     1.0000     1.0000    
     881     440000.00     440250.00      500.00     1.0000     1.0000    
     882     440500.00     440750.00      500.00     1.0000     1.0000    
     883     441000.00     441250.00      500.00     1.0000     1.0000    
     884     441500.00     441750.00      500.00     1.0000     1.0000    
     885     442000.00     442250.00      500.00     1.0000     1.0000    
     886     442500.00     442750.00      500.00     1.0000     1.0000    
     887     443000.00     443250.00      500.00     1.0000     1.0000    
     888     443500.00     443750.00      500.00     1.0000     1.0000    
     889     444000.00     444250.00      500.00     1.0000     1.0000    
     890     444500.00     444750.00      500.00     1.0000     1.0000    
     891     445000.00     445250.00      500.00     1.0000     1.0000    
     892     445500.00     445750.00      500.00     1.0000     1.0000    
     893     446000.00     446250.00      500.00     1.0000     1.0000    
     894     446500.00     446750.00      500.00     1.0000     1.0000    
     895     447000.00     447250.00      500.00     1.0000     1.0000    
     896     447500.00     447750.00      500.00     1.0000     1.0000    
     897     448000.00     448250.00      500.00     1.0000     1.0000    
     898     448500.00     448750.00      500.00     1.0000     1.0000    
     899     449000.00     449250.00      500.00     1.0000     1.0000    
     900     449500.00     449750.00      500.00     1.0000     1.0000    
     901     450000.00     450250.00      500.00     1.0000     1.0000    
     902     450500.00     450750.00      500.00     1.0000     1.0000    
     903     451000.00     451250.00      500.00     1.0000     1.0000    
     904     451500.00     451750.00      500.00     1.0000     1.0000    
     905     452000.00     452250.00      500.00     1.0000     1.0000    
     906     452500.00     452750.00      500.00     1.0000     1.0000    
     907     453000.00     453250.00      500.00     1.0000     1.0000    
     908     453500.00     453750.00      500.00     1.0000     1.0000    
     909     454000.00     454250.00      500.00     1.0000     1.0000    
     910     454500.00     454750.00      500.00     1.0000     1.0000    
     911     455000.00     455250.00      500.00     1.0000     1.0000    
     912     455500.00     455750.00      500.00     1.0000     1.0000    
     913     456000.00     456250.00      500.00     1.0000     1.0000    
     914     456500.00     456750.00      500.00     1.0000     1.0000    
     915     457000.00     457250.00      500.00     1.0000     1.0000    
     916     457500.00     457750.00      500.00     1.0000     1.0000    
     917     458000.00     458250.00      500.00     1.0000     1.0000    
     918     458500.00     458750.00      500.00     1.0000     1.0000    
     919     459000.00     459250.00      500.00     1.0000     1.0000    
     920     459500.00     459750.00      500.00     1.0000     1.0000    
     921     460000.00     460250.00      500.00     1.0000     1.0000    
     922     460500.00     460750.00      500.00     1.0000     1.0000    
     923     461000.00     461250.00      500.00     1.0000     1.0000    
     924     461500.00     461750.00      500.00     1.0000     1.0000    
     925     462000.00     462250.00      500.00     1.0000     1.0000    
     926     462500.00     462750.00      500.00     1.0000     1.0000    
     927     463000.00     463250.00      500.00     1.0000     1.0000    
     928     463500.00     463750.00      500.00     1.0000     1.0000    
     929     464000.00     464250.00      500.00     1.0000     1.0000    
     930     464500.00     464750.00      500.00     1.0000     1.0000    
     931     465000.00     465250.00      500.00     1.0000     1.0000    
     932     465500.00     465750.00      500.00     1.0000     1.0000    
     933     466000.00     466250.00      500.00     1.0000     1.0000    
     934     466500.00     466750.00      500.00     1.0000     1.0000    
     935     467000.00     467250.00      500.00     1.0000     1.0000    
     936     467500.00     467750.00      500.00     1.0000     1.0000    
     937     468000.00     468250.00      500.00     1.0000     1.0000    
     938     468500.00     468750.00      500.00     1.0000     1.0000    
     939     469000.00     469250.00      500.00     1.0000     1.0000    
     940     469500.00     469750.00      500.00     1.0000     1.0000    
     941     470000.00     470250.00      500.00     1.0000     1.0000    
     942     470500.00     470750.00      500.00     1.0000     1.0000    
     943     471000.00     471250.00      500.00     1.0000     1.0000    
     944     471500.00     471750.00      500.00     1.0000     1.0000    
     945     472000.00     472250.00      500.00     1.0000     1.0000    
     946     472500.00     472750.00      500.00     1.0000     1.0000    
     947     473000.00     473250.00      500.00     1.0000     1.0000    
     948     473500.00     473750.00      500.00     1.0000     1.0000    
     949     474000.00     474250.00      500.00     1.0000     1.0000    
     950     474500.00     474750.00      500.00     1.0000     1.0000    
     951     475000.00     475250.00      500.00     1.0000     1.0000    
     952     475500.00     475750.00      500.00     1.0000     1.0000    
     953     476000.00     476250.00      500.00     1.0000     1.0000    
     954     476500.00     476750.00      500.00     1.0000     1.0000    
     955     477000.00     477250.00      500.00     1.0000     1.0000    
     956     477500.00     477750.00      500.00     1.0000     1.0000    
     957     478000.00     478250.00      500.00     1.0000     1.0000    
     958     478500.00     478750.00      500.00     1.0000     1.0000    
     959     479000.00     479250.00      500.00     1.0000     1.0000    
     960     479500.00     479750.00      500.00     1.0000     1.0000    
     961     480000.00     480250.00      500.00     1.0000     1.0000    
     962     480500.00     480750.00      500.00     1.0000     1.0000    
     963     481000.00     481250.00      500.00     1.0000     1.0000    
     964     481500.00     481750.00      500.00     1.0000     1.0000    
     965     482000.00     482250.00      500.00     1.0000     1.0000    
     966     482500.00     482750.00      500.00     1.0000     1.0000    
     967     483000.00     483250.00      500.00     1.0000     1.0000    
     968     483500.00     483750.00      500.00     1.0000     1.0000    
     969     484000.00     484250.00      500.00     1.0000     1.0000    
     970     484500.00     484750.00      500.00     1.0000     1.0000    
     971     485000.00     485250.00      500.00     1.0000     1.0000    
     972     485500.00     485750.00      500.00     1.0000     1.0000    
     973     486000.00     486250.00      500.00     1.0000     1.0000    
     974     486500.00     486750.00      500.00     1.0000     1.0000    
     975     487000.00     487250.00      500.00     1.0000     1.0000    
     976     487500.00     487750.00      500.00     1.0000     1.0000    
     977     488000.00     488250.00      500.00     1.0000     1.0000    
     978     488500.00     488750.00      500.00     1.0000     1.0000    
     979     489000.00     489250.00      500.00     1.0000     1.0000    
     980     489500.00     489750.00      500.00     1.0000     1.0000    
     981     490000.00     490250.00      500.00     1.0000     1.0000    
     982     490500.00     490750.00      500.00     1.0000     1.0000    
     983     491000.00     491250.00      500.00     1.0000     1.0000    
     984     491500.00     491750.00      500.00     1.0000     1.0000    
     985     492000.00     492250.00      500.00     1.0000     1.0000    
     986     492500.00     492750.00      500.00     1.0000     1.0000    
     987     493000.00     493250.00      500.00     1.0000     1.0000    
     988     493500.00     493750.00      500.00     1.0000     1.0000    
     989     494000.00     494250.00      500.00     1.0000     1.0000    
     990     494500.00     494750.00      500.00     1.0000     1.0000    
     991     495000.00     495250.00      500.00     1.0000     1.0000    
     992     495500.00     495750.00      500.00     1.0000     1.0000    
     993     496000.00     496250.00      500.00     1.0000     1.0000    
     994     496500.00     496750.00      500.00     1.0000     1.0000    
     995     497000.00     497250.00      500.00     1.0000     1.0000    
     996     497500.00     497750.00      500.00     1.0000     1.0000    
     997     498000.00     498250.00      500.00     1.0000     1.0000    
     998     498500.00     498750.00      500.00     1.0000     1.0000    
     999     499000.00     499250.00      500.00     1.0000     1.0000    
    1000     499500.00     499750.00      500.00     1.0000     1.0000    
    1001     500000.00     500250.00      500.00     1.0000     1.0000    
    1002     500500.00     500750.00      500.00     1.0000     1.0000    
    1003     501000.00     501250.00      500.00     1.0000     1.0000    
    1004     501500.00     501750.00      500.00     1.0000     1.0000    
    1005     502000.00     502250.00      500.00     1.0000     1.0000    
    1006     502500.00     502750.00      500.00     1.0000     1.0000    
    1007     503000.00     503250.00      500.00     1.0000     1.0000    
    1008     503500.00     503750.00      500.00     1.0000     1.0000    
    1009     504000.00     504250.00      500.00     1.0000     1.0000    
    1010     504500.00     504750.00      500.00     1.0000     1.0000    
    1011     505000.00     505250.00      500.00     1.0000     1.0000    
    1012     505500.00     505750.00      500.00     1.0000     1.0000    
    1013     506000.00     506250.00      500.00     1.0000     1.0000    
    1014     506500.00     506750.00      500.00     1.0000     1.0000    
    1015     507000.00     507250.00      500.00     1.0000     1.0000    
    1016     507500.00     507750.00      500.00     1.0000     1.0000    
    1017     508000.00     508250.00      500.00     1.0000     1.0000    
    1018     508500.00     508750.00      500.00     1.0000     1.0000    
    1019     509000.00     509250.00      500.00     1.0000     1.0000    
    1020     509500.00     509750.00      500.00     1.0000     1.0000    
    1021     510000.00     510250.00      500.00     1.0000     1.0000    
    1022     510500.00     510750.00      500.00     1.0000     1.0000    
    1023     511000.00     511250.00      500.00     1.0000     1.0000    
    1024     511500.00     511750.00      500.00     1.0000     1.0000    
    1025     512000.00     512250.00      500.00     1.0000     1.0000   x
    1026     512500.00     512750.00      500.00     1.0000     1.0000   x
    1027     513000.00     513250.00      500.00     1.0000     1.0000   x
    1028     513500.00                               1.0000
 
 
 y:
      j         yf (m)       yh (m)     dy (m)     vf         vh
 ---------------------------------------------------------------
      -2      -1500.00      -1250.00      500.00     1.0000     1.0000   x
      -1      -1000.00       -750.00      500.00     1.0000     1.0000   x
       0       -500.00       -250.00      500.00     1.0000     1.0000   x
       1          0.00        250.00      500.00     1.0000     1.0000    
       2        500.00        750.00      500.00     1.0000     1.0000    
       3       1000.00       1250.00      500.00     1.0000     1.0000    
       4       1500.00       1750.00      500.00     1.0000     1.0000    
       5       2000.00       2250.00      500.00     1.0000     1.0000    
       6       2500.00       2750.00      500.00     1.0000     1.0000    
       7       3000.00       3250.00      500.00     1.0000     1.0000    
       8       3500.00       3750.00      500.00     1.0000     1.0000    
       9       4000.00       4250.00      500.00     1.0000     1.0000    
      10       4500.00       4750.00      500.00     1.0000     1.0000    
      11       5000.00       5250.00      500.00     1.0000     1.0000    
      12       5500.00       5750.00      500.00     1.0000     1.0000    
      13       6000.00       6250.00      500.00     1.0000     1.0000    
      14       6500.00       6750.00      500.00     1.0000     1.0000    
      15       7000.00       7250.00      500.00     1.0000     1.0000    
      16       7500.00       7750.00      500.00     1.0000     1.0000    
      17       8000.00       8250.00      500.00     1.0000     1.0000    
      18       8500.00       8750.00      500.00     1.0000     1.0000    
      19       9000.00       9250.00      500.00     1.0000     1.0000    
      20       9500.00       9750.00      500.00     1.0000     1.0000    
      21      10000.00      10250.00      500.00     1.0000     1.0000    
      22      10500.00      10750.00      500.00     1.0000     1.0000    
      23      11000.00      11250.00      500.00     1.0000     1.0000    
      24      11500.00      11750.00      500.00     1.0000     1.0000    
      25      12000.00      12250.00      500.00     1.0000     1.0000    
      26      12500.00      12750.00      500.00     1.0000     1.0000    
      27      13000.00      13250.00      500.00     1.0000     1.0000    
      28      13500.00      13750.00      500.00     1.0000     1.0000    
      29      14000.00      14250.00      500.00     1.0000     1.0000    
      30      14500.00      14750.00      500.00     1.0000     1.0000    
      31      15000.00      15250.00      500.00     1.0000     1.0000    
      32      15500.00      15750.00      500.00     1.0000     1.0000    
      33      16000.00      16250.00      500.00     1.0000     1.0000    
      34      16500.00      16750.00      500.00     1.0000     1.0000    
      35      17000.00      17250.00      500.00     1.0000     1.0000    
      36      17500.00      17750.00      500.00     1.0000     1.0000    
      37      18000.00      18250.00      500.00     1.0000     1.0000    
      38      18500.00      18750.00      500.00     1.0000     1.0000    
      39      19000.00      19250.00      500.00     1.0000     1.0000    
      40      19500.00      19750.00      500.00     1.0000     1.0000    
      41      20000.00      20250.00      500.00     1.0000     1.0000    
      42      20500.00      20750.00      500.00     1.0000     1.0000    
      43      21000.00      21250.00      500.00     1.0000     1.0000    
      44      21500.00      21750.00      500.00     1.0000     1.0000    
      45      22000.00      22250.00      500.00     1.0000     1.0000    
      46      22500.00      22750.00      500.00     1.0000     1.0000    
      47      23000.00      23250.00      500.00     1.0000     1.0000    
      48      23500.00      23750.00      500.00     1.0000     1.0000    
      49      24000.00      24250.00      500.00     1.0000     1.0000    
      50      24500.00      24750.00      500.00     1.0000     1.0000    
      51      25000.00      25250.00      500.00     1.0000     1.0000    
      52      25500.00      25750.00      500.00     1.0000     1.0000    
      53      26000.00      26250.00      500.00     1.0000     1.0000    
      54      26500.00      26750.00      500.00     1.0000     1.0000    
      55      27000.00      27250.00      500.00     1.0000     1.0000    
      56      27500.00      27750.00      500.00     1.0000     1.0000    
      57      28000.00      28250.00      500.00     1.0000     1.0000    
      58      28500.00      28750.00      500.00     1.0000     1.0000    
      59      29000.00      29250.00      500.00     1.0000     1.0000    
      60      29500.00      29750.00      500.00     1.0000     1.0000    
      61      30000.00      30250.00      500.00     1.0000     1.0000    
      62      30500.00      30750.00      500.00     1.0000     1.0000    
      63      31000.00      31250.00      500.00     1.0000     1.0000    
      64      31500.00      31750.00      500.00     1.0000     1.0000    
      65      32000.00      32250.00      500.00     1.0000     1.0000    
      66      32500.00      32750.00      500.00     1.0000     1.0000    
      67      33000.00      33250.00      500.00     1.0000     1.0000    
      68      33500.00      33750.00      500.00     1.0000     1.0000    
      69      34000.00      34250.00      500.00     1.0000     1.0000    
      70      34500.00      34750.00      500.00     1.0000     1.0000    
      71      35000.00      35250.00      500.00     1.0000     1.0000    
      72      35500.00      35750.00      500.00     1.0000     1.0000    
      73      36000.00      36250.00      500.00     1.0000     1.0000    
      74      36500.00      36750.00      500.00     1.0000     1.0000    
      75      37000.00      37250.00      500.00     1.0000     1.0000    
      76      37500.00      37750.00      500.00     1.0000     1.0000    
      77      38000.00      38250.00      500.00     1.0000     1.0000    
      78      38500.00      38750.00      500.00     1.0000     1.0000    
      79      39000.00      39250.00      500.00     1.0000     1.0000    
      80      39500.00      39750.00      500.00     1.0000     1.0000    
      81      40000.00      40250.00      500.00     1.0000     1.0000    
      82      40500.00      40750.00      500.00     1.0000     1.0000    
      83      41000.00      41250.00      500.00     1.0000     1.0000    
      84      41500.00      41750.00      500.00     1.0000     1.0000    
      85      42000.00      42250.00      500.00     1.0000     1.0000    
      86      42500.00      42750.00      500.00     1.0000     1.0000    
      87      43000.00      43250.00      500.00     1.0000     1.0000    
      88      43500.00      43750.00      500.00     1.0000     1.0000    
      89      44000.00      44250.00      500.00     1.0000     1.0000    
      90      44500.00      44750.00      500.00     1.0000     1.0000    
      91      45000.00      45250.00      500.00     1.0000     1.0000    
      92      45500.00      45750.00      500.00     1.0000     1.0000    
      93      46000.00      46250.00      500.00     1.0000     1.0000    
      94      46500.00      46750.00      500.00     1.0000     1.0000    
      95      47000.00      47250.00      500.00     1.0000     1.0000    
      96      47500.00      47750.00      500.00     1.0000     1.0000    
      97      48000.00      48250.00      500.00     1.0000     1.0000    
      98      48500.00      48750.00      500.00     1.0000     1.0000    
      99      49000.00      49250.00      500.00     1.0000     1.0000    
     100      49500.00      49750.00      500.00     1.0000     1.0000    
     101      50000.00      50250.00      500.00     1.0000     1.0000    
     102      50500.00      50750.00      500.00     1.0000     1.0000    
     103      51000.00      51250.00      500.00     1.0000     1.0000    
     104      51500.00      51750.00      500.00     1.0000     1.0000    
     105      52000.00      52250.00      500.00     1.0000     1.0000    
     106      52500.00      52750.00      500.00     1.0000     1.0000    
     107      53000.00      53250.00      500.00     1.0000     1.0000    
     108      53500.00      53750.00      500.00     1.0000     1.0000    
     109      54000.00      54250.00      500.00     1.0000     1.0000    
     110      54500.00      54750.00      500.00     1.0000     1.0000    
     111      55000.00      55250.00      500.00     1.0000     1.0000    
     112      55500.00      55750.00      500.00     1.0000     1.0000    
     113      56000.00      56250.00      500.00     1.0000     1.0000    
     114      56500.00      56750.00      500.00     1.0000     1.0000    
     115      57000.00      57250.00      500.00     1.0000     1.0000    
     116      57500.00      57750.00      500.00     1.0000     1.0000    
     117      58000.00      58250.00      500.00     1.0000     1.0000    
     118      58500.00      58750.00      500.00     1.0000     1.0000    
     119      59000.00      59250.00      500.00     1.0000     1.0000    
     120      59500.00      59750.00      500.00     1.0000     1.0000    
     121      60000.00      60250.00      500.00     1.0000     1.0000    
     122      60500.00      60750.00      500.00     1.0000     1.0000    
     123      61000.00      61250.00      500.00     1.0000     1.0000    
     124      61500.00      61750.00      500.00     1.0000     1.0000    
     125      62000.00      62250.00      500.00     1.0000     1.0000    
     126      62500.00      62750.00      500.00     1.0000     1.0000    
     127      63000.00      63250.00      500.00     1.0000     1.0000    
     128      63500.00      63750.00      500.00     1.0000     1.0000    
     129      64000.00      64250.00      500.00     1.0000     1.0000    
     130      64500.00      64750.00      500.00     1.0000     1.0000    
     131      65000.00      65250.00      500.00     1.0000     1.0000    
     132      65500.00      65750.00      500.00     1.0000     1.0000    
     133      66000.00      66250.00      500.00     1.0000     1.0000    
     134      66500.00      66750.00      500.00     1.0000     1.0000    
     135      67000.00      67250.00      500.00     1.0000     1.0000    
     136      67500.00      67750.00      500.00     1.0000     1.0000    
     137      68000.00      68250.00      500.00     1.0000     1.0000    
     138      68500.00      68750.00      500.00     1.0000     1.0000    
     139      69000.00      69250.00      500.00     1.0000     1.0000    
     140      69500.00      69750.00      500.00     1.0000     1.0000    
     141      70000.00      70250.00      500.00     1.0000     1.0000    
     142      70500.00      70750.00      500.00     1.0000     1.0000    
     143      71000.00      71250.00      500.00     1.0000     1.0000    
     144      71500.00      71750.00      500.00     1.0000     1.0000    
     145      72000.00      72250.00      500.00     1.0000     1.0000    
     146      72500.00      72750.00      500.00     1.0000     1.0000    
     147      73000.00      73250.00      500.00     1.0000     1.0000    
     148      73500.00      73750.00      500.00     1.0000     1.0000    
     149      74000.00      74250.00      500.00     1.0000     1.0000    
     150      74500.00      74750.00      500.00     1.0000     1.0000    
     151      75000.00      75250.00      500.00     1.0000     1.0000    
     152      75500.00      75750.00      500.00     1.0000     1.0000    
     153      76000.00      76250.00      500.00     1.0000     1.0000    
     154      76500.00      76750.00      500.00     1.0000     1.0000    
     155      77000.00      77250.00      500.00     1.0000     1.0000    
     156      77500.00      77750.00      500.00     1.0000     1.0000    
     157      78000.00      78250.00      500.00     1.0000     1.0000    
     158      78500.00      78750.00      500.00     1.0000     1.0000    
     159      79000.00      79250.00      500.00     1.0000     1.0000    
     160      79500.00      79750.00      500.00     1.0000     1.0000    
     161      80000.00      80250.00      500.00     1.0000     1.0000    
     162      80500.00      80750.00      500.00     1.0000     1.0000    
     163      81000.00      81250.00      500.00     1.0000     1.0000    
     164      81500.00      81750.00      500.00     1.0000     1.0000    
     165      82000.00      82250.00      500.00     1.0000     1.0000    
     166      82500.00      82750.00      500.00     1.0000     1.0000    
     167      83000.00      83250.00      500.00     1.0000     1.0000    
     168      83500.00      83750.00      500.00     1.0000     1.0000    
     169      84000.00      84250.00      500.00     1.0000     1.0000    
     170      84500.00      84750.00      500.00     1.0000     1.0000    
     171      85000.00      85250.00      500.00     1.0000     1.0000    
     172      85500.00      85750.00      500.00     1.0000     1.0000    
     173      86000.00      86250.00      500.00     1.0000     1.0000    
     174      86500.00      86750.00      500.00     1.0000     1.0000    
     175      87000.00      87250.00      500.00     1.0000     1.0000    
     176      87500.00      87750.00      500.00     1.0000     1.0000    
     177      88000.00      88250.00      500.00     1.0000     1.0000    
     178      88500.00      88750.00      500.00     1.0000     1.0000    
     179      89000.00      89250.00      500.00     1.0000     1.0000    
     180      89500.00      89750.00      500.00     1.0000     1.0000    
     181      90000.00      90250.00      500.00     1.0000     1.0000    
     182      90500.00      90750.00      500.00     1.0000     1.0000    
     183      91000.00      91250.00      500.00     1.0000     1.0000    
     184      91500.00      91750.00      500.00     1.0000     1.0000    
     185      92000.00      92250.00      500.00     1.0000     1.0000    
     186      92500.00      92750.00      500.00     1.0000     1.0000    
     187      93000.00      93250.00      500.00     1.0000     1.0000    
     188      93500.00      93750.00      500.00     1.0000     1.0000    
     189      94000.00      94250.00      500.00     1.0000     1.0000    
     190      94500.00      94750.00      500.00     1.0000     1.0000    
     191      95000.00      95250.00      500.00     1.0000     1.0000    
     192      95500.00      95750.00      500.00     1.0000     1.0000    
     193      96000.00      96250.00      500.00     1.0000     1.0000    
     194      96500.00      96750.00      500.00     1.0000     1.0000    
     195      97000.00      97250.00      500.00     1.0000     1.0000    
     196      97500.00      97750.00      500.00     1.0000     1.0000    
     197      98000.00      98250.00      500.00     1.0000     1.0000    
     198      98500.00      98750.00      500.00     1.0000     1.0000    
     199      99000.00      99250.00      500.00     1.0000     1.0000    
     200      99500.00      99750.00      500.00     1.0000     1.0000    
     201     100000.00     100250.00      500.00     1.0000     1.0000    
     202     100500.00     100750.00      500.00     1.0000     1.0000    
     203     101000.00     101250.00      500.00     1.0000     1.0000    
     204     101500.00     101750.00      500.00     1.0000     1.0000    
     205     102000.00     102250.00      500.00     1.0000     1.0000    
     206     102500.00     102750.00      500.00     1.0000     1.0000    
     207     103000.00     103250.00      500.00     1.0000     1.0000    
     208     103500.00     103750.00      500.00     1.0000     1.0000    
     209     104000.00     104250.00      500.00     1.0000     1.0000    
     210     104500.00     104750.00      500.00     1.0000     1.0000    
     211     105000.00     105250.00      500.00     1.0000     1.0000    
     212     105500.00     105750.00      500.00     1.0000     1.0000    
     213     106000.00     106250.00      500.00     1.0000     1.0000    
     214     106500.00     106750.00      500.00     1.0000     1.0000    
     215     107000.00     107250.00      500.00     1.0000     1.0000    
     216     107500.00     107750.00      500.00     1.0000     1.0000    
     217     108000.00     108250.00      500.00     1.0000     1.0000    
     218     108500.00     108750.00      500.00     1.0000     1.0000    
     219     109000.00     109250.00      500.00     1.0000     1.0000    
     220     109500.00     109750.00      500.00     1.0000     1.0000    
     221     110000.00     110250.00      500.00     1.0000     1.0000    
     222     110500.00     110750.00      500.00     1.0000     1.0000    
     223     111000.00     111250.00      500.00     1.0000     1.0000    
     224     111500.00     111750.00      500.00     1.0000     1.0000    
     225     112000.00     112250.00      500.00     1.0000     1.0000    
     226     112500.00     112750.00      500.00     1.0000     1.0000    
     227     113000.00     113250.00      500.00     1.0000     1.0000    
     228     113500.00     113750.00      500.00     1.0000     1.0000    
     229     114000.00     114250.00      500.00     1.0000     1.0000    
     230     114500.00     114750.00      500.00     1.0000     1.0000    
     231     115000.00     115250.00      500.00     1.0000     1.0000    
     232     115500.00     115750.00      500.00     1.0000     1.0000    
     233     116000.00     116250.00      500.00     1.0000     1.0000    
     234     116500.00     116750.00      500.00     1.0000     1.0000    
     235     117000.00     117250.00      500.00     1.0000     1.0000    
     236     117500.00     117750.00      500.00     1.0000     1.0000    
     237     118000.00     118250.00      500.00     1.0000     1.0000    
     238     118500.00     118750.00      500.00     1.0000     1.0000    
     239     119000.00     119250.00      500.00     1.0000     1.0000    
     240     119500.00     119750.00      500.00     1.0000     1.0000    
     241     120000.00     120250.00      500.00     1.0000     1.0000    
     242     120500.00     120750.00      500.00     1.0000     1.0000    
     243     121000.00     121250.00      500.00     1.0000     1.0000    
     244     121500.00     121750.00      500.00     1.0000     1.0000    
     245     122000.00     122250.00      500.00     1.0000     1.0000    
     246     122500.00     122750.00      500.00     1.0000     1.0000    
     247     123000.00     123250.00      500.00     1.0000     1.0000    
     248     123500.00     123750.00      500.00     1.0000     1.0000    
     249     124000.00     124250.00      500.00     1.0000     1.0000    
     250     124500.00     124750.00      500.00     1.0000     1.0000    
     251     125000.00     125250.00      500.00     1.0000     1.0000    
     252     125500.00     125750.00      500.00     1.0000     1.0000    
     253     126000.00     126250.00      500.00     1.0000     1.0000    
     254     126500.00     126750.00      500.00     1.0000     1.0000    
     255     127000.00     127250.00      500.00     1.0000     1.0000    
     256     127500.00     127750.00      500.00     1.0000     1.0000    
     257     128000.00     128250.00      500.00     1.0000     1.0000    
     258     128500.00     128750.00      500.00     1.0000     1.0000    
     259     129000.00     129250.00      500.00     1.0000     1.0000    
     260     129500.00     129750.00      500.00     1.0000     1.0000    
     261     130000.00     130250.00      500.00     1.0000     1.0000    
     262     130500.00     130750.00      500.00     1.0000     1.0000    
     263     131000.00     131250.00      500.00     1.0000     1.0000    
     264     131500.00     131750.00      500.00     1.0000     1.0000    
     265     132000.00     132250.00      500.00     1.0000     1.0000    
     266     132500.00     132750.00      500.00     1.0000     1.0000    
     267     133000.00     133250.00      500.00     1.0000     1.0000    
     268     133500.00     133750.00      500.00     1.0000     1.0000    
     269     134000.00     134250.00      500.00     1.0000     1.0000    
     270     134500.00     134750.00      500.00     1.0000     1.0000    
     271     135000.00     135250.00      500.00     1.0000     1.0000    
     272     135500.00     135750.00      500.00     1.0000     1.0000    
     273     136000.00     136250.00      500.00     1.0000     1.0000    
     274     136500.00     136750.00      500.00     1.0000     1.0000    
     275     137000.00     137250.00      500.00     1.0000     1.0000    
     276     137500.00     137750.00      500.00     1.0000     1.0000    
     277     138000.00     138250.00      500.00     1.0000     1.0000    
     278     138500.00     138750.00      500.00     1.0000     1.0000    
     279     139000.00     139250.00      500.00     1.0000     1.0000    
     280     139500.00     139750.00      500.00     1.0000     1.0000    
     281     140000.00     140250.00      500.00     1.0000     1.0000    
     282     140500.00     140750.00      500.00     1.0000     1.0000    
     283     141000.00     141250.00      500.00     1.0000     1.0000    
     284     141500.00     141750.00      500.00     1.0000     1.0000    
     285     142000.00     142250.00      500.00     1.0000     1.0000    
     286     142500.00     142750.00      500.00     1.0000     1.0000    
     287     143000.00     143250.00      500.00     1.0000     1.0000    
     288     143500.00     143750.00      500.00     1.0000     1.0000    
     289     144000.00     144250.00      500.00     1.0000     1.0000    
     290     144500.00     144750.00      500.00     1.0000     1.0000    
     291     145000.00     145250.00      500.00     1.0000     1.0000    
     292     145500.00     145750.00      500.00     1.0000     1.0000    
     293     146000.00     146250.00      500.00     1.0000     1.0000    
     294     146500.00     146750.00      500.00     1.0000     1.0000    
     295     147000.00     147250.00      500.00     1.0000     1.0000    
     296     147500.00     147750.00      500.00     1.0000     1.0000    
     297     148000.00     148250.00      500.00     1.0000     1.0000    
     298     148500.00     148750.00      500.00     1.0000     1.0000    
     299     149000.00     149250.00      500.00     1.0000     1.0000    
     300     149500.00     149750.00      500.00     1.0000     1.0000    
     301     150000.00     150250.00      500.00     1.0000     1.0000    
     302     150500.00     150750.00      500.00     1.0000     1.0000    
     303     151000.00     151250.00      500.00     1.0000     1.0000    
     304     151500.00     151750.00      500.00     1.0000     1.0000    
     305     152000.00     152250.00      500.00     1.0000     1.0000    
     306     152500.00     152750.00      500.00     1.0000     1.0000    
     307     153000.00     153250.00      500.00     1.0000     1.0000    
     308     153500.00     153750.00      500.00     1.0000     1.0000    
     309     154000.00     154250.00      500.00     1.0000     1.0000    
     310     154500.00     154750.00      500.00     1.0000     1.0000    
     311     155000.00     155250.00      500.00     1.0000     1.0000    
     312     155500.00     155750.00      500.00     1.0000     1.0000    
     313     156000.00     156250.00      500.00     1.0000     1.0000    
     314     156500.00     156750.00      500.00     1.0000     1.0000    
     315     157000.00     157250.00      500.00     1.0000     1.0000    
     316     157500.00     157750.00      500.00     1.0000     1.0000    
     317     158000.00     158250.00      500.00     1.0000     1.0000    
     318     158500.00     158750.00      500.00     1.0000     1.0000    
     319     159000.00     159250.00      500.00     1.0000     1.0000    
     320     159500.00     159750.00      500.00     1.0000     1.0000    
     321     160000.00     160250.00      500.00     1.0000     1.0000    
     322     160500.00     160750.00      500.00     1.0000     1.0000    
     323     161000.00     161250.00      500.00     1.0000     1.0000    
     324     161500.00     161750.00      500.00     1.0000     1.0000    
     325     162000.00     162250.00      500.00     1.0000     1.0000    
     326     162500.00     162750.00      500.00     1.0000     1.0000    
     327     163000.00     163250.00      500.00     1.0000     1.0000    
     328     163500.00     163750.00      500.00     1.0000     1.0000    
     329     164000.00     164250.00      500.00     1.0000     1.0000    
     330     164500.00     164750.00      500.00     1.0000     1.0000    
     331     165000.00     165250.00      500.00     1.0000     1.0000    
     332     165500.00     165750.00      500.00     1.0000     1.0000    
     333     166000.00     166250.00      500.00     1.0000     1.0000    
     334     166500.00     166750.00      500.00     1.0000     1.0000    
     335     167000.00     167250.00      500.00     1.0000     1.0000    
     336     167500.00     167750.00      500.00     1.0000     1.0000    
     337     168000.00     168250.00      500.00     1.0000     1.0000    
     338     168500.00     168750.00      500.00     1.0000     1.0000    
     339     169000.00     169250.00      500.00     1.0000     1.0000    
     340     169500.00     169750.00      500.00     1.0000     1.0000    
     341     170000.00     170250.00      500.00     1.0000     1.0000    
     342     170500.00     170750.00      500.00     1.0000     1.0000    
     343     171000.00     171250.00      500.00     1.0000     1.0000    
     344     171500.00     171750.00      500.00     1.0000     1.0000    
     345     172000.00     172250.00      500.00     1.0000     1.0000    
     346     172500.00     172750.00      500.00     1.0000     1.0000    
     347     173000.00     173250.00      500.00     1.0000     1.0000    
     348     173500.00     173750.00      500.00     1.0000     1.0000    
     349     174000.00     174250.00      500.00     1.0000     1.0000    
     350     174500.00     174750.00      500.00     1.0000     1.0000    
     351     175000.00     175250.00      500.00     1.0000     1.0000    
     352     175500.00     175750.00      500.00     1.0000     1.0000    
     353     176000.00     176250.00      500.00     1.0000     1.0000    
     354     176500.00     176750.00      500.00     1.0000     1.0000    
     355     177000.00     177250.00      500.00     1.0000     1.0000    
     356     177500.00     177750.00      500.00     1.0000     1.0000    
     357     178000.00     178250.00      500.00     1.0000     1.0000    
     358     178500.00     178750.00      500.00     1.0000     1.0000    
     359     179000.00     179250.00      500.00     1.0000     1.0000    
     360     179500.00     179750.00      500.00     1.0000     1.0000    
     361     180000.00     180250.00      500.00     1.0000     1.0000    
     362     180500.00     180750.00      500.00     1.0000     1.0000    
     363     181000.00     181250.00      500.00     1.0000     1.0000    
     364     181500.00     181750.00      500.00     1.0000     1.0000    
     365     182000.00     182250.00      500.00     1.0000     1.0000    
     366     182500.00     182750.00      500.00     1.0000     1.0000    
     367     183000.00     183250.00      500.00     1.0000     1.0000    
     368     183500.00     183750.00      500.00     1.0000     1.0000    
     369     184000.00     184250.00      500.00     1.0000     1.0000    
     370     184500.00     184750.00      500.00     1.0000     1.0000    
     371     185000.00     185250.00      500.00     1.0000     1.0000    
     372     185500.00     185750.00      500.00     1.0000     1.0000    
     373     186000.00     186250.00      500.00     1.0000     1.0000    
     374     186500.00     186750.00      500.00     1.0000     1.0000    
     375     187000.00     187250.00      500.00     1.0000     1.0000    
     376     187500.00     187750.00      500.00     1.0000     1.0000    
     377     188000.00     188250.00      500.00     1.0000     1.0000    
     378     188500.00     188750.00      500.00     1.0000     1.0000    
     379     189000.00     189250.00      500.00     1.0000     1.0000    
     380     189500.00     189750.00      500.00     1.0000     1.0000    
     381     190000.00     190250.00      500.00     1.0000     1.0000    
     382     190500.00     190750.00      500.00     1.0000     1.0000    
     383     191000.00     191250.00      500.00     1.0000     1.0000    
     384     191500.00     191750.00      500.00     1.0000     1.0000    
     385     192000.00     192250.00      500.00     1.0000     1.0000    
     386     192500.00     192750.00      500.00     1.0000     1.0000    
     387     193000.00     193250.00      500.00     1.0000     1.0000    
     388     193500.00     193750.00      500.00     1.0000     1.0000    
     389     194000.00     194250.00      500.00     1.0000     1.0000    
     390     194500.00     194750.00      500.00     1.0000     1.0000    
     391     195000.00     195250.00      500.00     1.0000     1.0000    
     392     195500.00     195750.00      500.00     1.0000     1.0000    
     393     196000.00     196250.00      500.00     1.0000     1.0000    
     394     196500.00     196750.00      500.00     1.0000     1.0000    
     395     197000.00     197250.00      500.00     1.0000     1.0000    
     396     197500.00     197750.00      500.00     1.0000     1.0000    
     397     198000.00     198250.00      500.00     1.0000     1.0000    
     398     198500.00     198750.00      500.00     1.0000     1.0000    
     399     199000.00     199250.00      500.00     1.0000     1.0000    
     400     199500.00     199750.00      500.00     1.0000     1.0000    
     401     200000.00     200250.00      500.00     1.0000     1.0000    
     402     200500.00     200750.00      500.00     1.0000     1.0000    
     403     201000.00     201250.00      500.00     1.0000     1.0000    
     404     201500.00     201750.00      500.00     1.0000     1.0000    
     405     202000.00     202250.00      500.00     1.0000     1.0000    
     406     202500.00     202750.00      500.00     1.0000     1.0000    
     407     203000.00     203250.00      500.00     1.0000     1.0000    
     408     203500.00     203750.00      500.00     1.0000     1.0000    
     409     204000.00     204250.00      500.00     1.0000     1.0000    
     410     204500.00     204750.00      500.00     1.0000     1.0000    
     411     205000.00     205250.00      500.00     1.0000     1.0000    
     412     205500.00     205750.00      500.00     1.0000     1.0000    
     413     206000.00     206250.00      500.00     1.0000     1.0000    
     414     206500.00     206750.00      500.00     1.0000     1.0000    
     415     207000.00     207250.00      500.00     1.0000     1.0000    
     416     207500.00     207750.00      500.00     1.0000     1.0000    
     417     208000.00     208250.00      500.00     1.0000     1.0000    
     418     208500.00     208750.00      500.00     1.0000     1.0000    
     419     209000.00     209250.00      500.00     1.0000     1.0000    
     420     209500.00     209750.00      500.00     1.0000     1.0000    
     421     210000.00     210250.00      500.00     1.0000     1.0000    
     422     210500.00     210750.00      500.00     1.0000     1.0000    
     423     211000.00     211250.00      500.00     1.0000     1.0000    
     424     211500.00     211750.00      500.00     1.0000     1.0000    
     425     212000.00     212250.00      500.00     1.0000     1.0000    
     426     212500.00     212750.00      500.00     1.0000     1.0000    
     427     213000.00     213250.00      500.00     1.0000     1.0000    
     428     213500.00     213750.00      500.00     1.0000     1.0000    
     429     214000.00     214250.00      500.00     1.0000     1.0000    
     430     214500.00     214750.00      500.00     1.0000     1.0000    
     431     215000.00     215250.00      500.00     1.0000     1.0000    
     432     215500.00     215750.00      500.00     1.0000     1.0000    
     433     216000.00     216250.00      500.00     1.0000     1.0000    
     434     216500.00     216750.00      500.00     1.0000     1.0000    
     435     217000.00     217250.00      500.00     1.0000     1.0000    
     436     217500.00     217750.00      500.00     1.0000     1.0000    
     437     218000.00     218250.00      500.00     1.0000     1.0000    
     438     218500.00     218750.00      500.00     1.0000     1.0000    
     439     219000.00     219250.00      500.00     1.0000     1.0000    
     440     219500.00     219750.00      500.00     1.0000     1.0000    
     441     220000.00     220250.00      500.00     1.0000     1.0000    
     442     220500.00     220750.00      500.00     1.0000     1.0000    
     443     221000.00     221250.00      500.00     1.0000     1.0000    
     444     221500.00     221750.00      500.00     1.0000     1.0000    
     445     222000.00     222250.00      500.00     1.0000     1.0000    
     446     222500.00     222750.00      500.00     1.0000     1.0000    
     447     223000.00     223250.00      500.00     1.0000     1.0000    
     448     223500.00     223750.00      500.00     1.0000     1.0000    
     449     224000.00     224250.00      500.00     1.0000     1.0000    
     450     224500.00     224750.00      500.00     1.0000     1.0000    
     451     225000.00     225250.00      500.00     1.0000     1.0000    
     452     225500.00     225750.00      500.00     1.0000     1.0000    
     453     226000.00     226250.00      500.00     1.0000     1.0000    
     454     226500.00     226750.00      500.00     1.0000     1.0000    
     455     227000.00     227250.00      500.00     1.0000     1.0000    
     456     227500.00     227750.00      500.00     1.0000     1.0000    
     457     228000.00     228250.00      500.00     1.0000     1.0000    
     458     228500.00     228750.00      500.00     1.0000     1.0000    
     459     229000.00     229250.00      500.00     1.0000     1.0000    
     460     229500.00     229750.00      500.00     1.0000     1.0000    
     461     230000.00     230250.00      500.00     1.0000     1.0000    
     462     230500.00     230750.00      500.00     1.0000     1.0000    
     463     231000.00     231250.00      500.00     1.0000     1.0000    
     464     231500.00     231750.00      500.00     1.0000     1.0000    
     465     232000.00     232250.00      500.00     1.0000     1.0000    
     466     232500.00     232750.00      500.00     1.0000     1.0000    
     467     233000.00     233250.00      500.00     1.0000     1.0000    
     468     233500.00     233750.00      500.00     1.0000     1.0000    
     469     234000.00     234250.00      500.00     1.0000     1.0000    
     470     234500.00     234750.00      500.00     1.0000     1.0000    
     471     235000.00     235250.00      500.00     1.0000     1.0000    
     472     235500.00     235750.00      500.00     1.0000     1.0000    
     473     236000.00     236250.00      500.00     1.0000     1.0000    
     474     236500.00     236750.00      500.00     1.0000     1.0000    
     475     237000.00     237250.00      500.00     1.0000     1.0000    
     476     237500.00     237750.00      500.00     1.0000     1.0000    
     477     238000.00     238250.00      500.00     1.0000     1.0000    
     478     238500.00     238750.00      500.00     1.0000     1.0000    
     479     239000.00     239250.00      500.00     1.0000     1.0000    
     480     239500.00     239750.00      500.00     1.0000     1.0000    
     481     240000.00     240250.00      500.00     1.0000     1.0000    
     482     240500.00     240750.00      500.00     1.0000     1.0000    
     483     241000.00     241250.00      500.00     1.0000     1.0000    
     484     241500.00     241750.00      500.00     1.0000     1.0000    
     485     242000.00     242250.00      500.00     1.0000     1.0000    
     486     242500.00     242750.00      500.00     1.0000     1.0000    
     487     243000.00     243250.00      500.00     1.0000     1.0000    
     488     243500.00     243750.00      500.00     1.0000     1.0000    
     489     244000.00     244250.00      500.00     1.0000     1.0000    
     490     244500.00     244750.00      500.00     1.0000     1.0000    
     491     245000.00     245250.00      500.00     1.0000     1.0000    
     492     245500.00     245750.00      500.00     1.0000     1.0000    
     493     246000.00     246250.00      500.00     1.0000     1.0000    
     494     246500.00     246750.00      500.00     1.0000     1.0000    
     495     247000.00     247250.00      500.00     1.0000     1.0000    
     496     247500.00     247750.00      500.00     1.0000     1.0000    
     497     248000.00     248250.00      500.00     1.0000     1.0000    
     498     248500.00     248750.00      500.00     1.0000     1.0000    
     499     249000.00     249250.00      500.00     1.0000     1.0000    
     500     249500.00     249750.00      500.00     1.0000     1.0000    
     501     250000.00     250250.00      500.00     1.0000     1.0000    
     502     250500.00     250750.00      500.00     1.0000     1.0000    
     503     251000.00     251250.00      500.00     1.0000     1.0000    
     504     251500.00     251750.00      500.00     1.0000     1.0000    
     505     252000.00     252250.00      500.00     1.0000     1.0000    
     506     252500.00     252750.00      500.00     1.0000     1.0000    
     507     253000.00     253250.00      500.00     1.0000     1.0000    
     508     253500.00     253750.00      500.00     1.0000     1.0000    
     509     254000.00     254250.00      500.00     1.0000     1.0000    
     510     254500.00     254750.00      500.00     1.0000     1.0000    
     511     255000.00     255250.00      500.00     1.0000     1.0000    
     512     255500.00     255750.00      500.00     1.0000     1.0000    
     513     256000.00     256250.00      500.00     1.0000     1.0000   x
     514     256500.00     256750.00      500.00     1.0000     1.0000   x
     515     257000.00     257250.00      500.00     1.0000     1.0000   x
     516     257500.00                               1.0000
 
   bot:   0.0000000E+00  0.0000000E+00  0.0000000E+00
   mid:    5500.000       5500.000      0.0000000E+00
   top:    22500.00       22500.00      0.0000000E+00
 
   actual-nk,test-nk:   65.00000       65.00000    
 
   nk1,nk2,nk3,ntot=           0          20          45          65
   nominal_dz =   275.0000    
   c1,c2 =   0.1387560      1.5658983E-04
 
 
 model heights:
     k       zf (m)     zh (m)     dz (m)     mf         mh
 ---------------------------------------------------------------
      1       0.00      25.00      50.00    10.0000    10.0000
      2      50.00      86.84      73.68     8.0851     6.7857
      3     123.68     172.37      97.37     5.8462     5.1351
      4     221.05     281.58     121.05     4.5783     4.1304
      5     342.11     414.47     144.74     3.7624     3.4545
      6     486.84     571.05     168.42     3.1933     2.9688
      7     655.26     751.32     192.11     2.7737     2.6027
      8     847.37     955.26     215.79     2.4516     2.3171
      9    1063.16    1182.89     239.47     2.1965     2.0879
     10    1302.63    1434.21     263.16     1.9895     1.9000
     11    1565.79    1709.21     286.84     1.8182     1.7431
     12    1852.63    2007.89     310.53     1.6740     1.6102
     13    2163.16    2330.26     334.21     1.5510     1.4961
     14    2497.37    2676.32     357.90     1.4449     1.3971
     15    2855.26    3046.05     381.58     1.3523     1.3103
     16    3236.84    3439.47     405.26     1.2709     1.2338
     17    3642.11    3856.58     428.95     1.1987     1.1656
     18    4071.05    4297.37     452.63     1.1343     1.1047
     19    4523.68    4761.84     476.32     1.0765     1.0497
     20    5000.00    5250.00     500.00     1.0243     1.0000
     21    5500.00    5750.00     500.00     1.0000     1.0000
     22    6000.00    6250.00     500.00     1.0000     1.0000
     23    6500.00    6750.00     500.00     1.0000     1.0000
     24    7000.00    7250.00     500.00     1.0000     1.0000
     25    7500.00    7750.00     500.00     1.0000     1.0000
     26    8000.00    8250.00     500.00     1.0000     1.0000
     27    8500.00    8750.00     500.00     1.0000     1.0000
     28    9000.00    9250.00     500.00     1.0000     1.0000
     29    9500.00    9750.00     500.00     1.0000     1.0000
     30   10000.00   10250.00     500.00     1.0000     1.0000
     31   10500.00   10750.00     500.00     1.0000     1.0000
     32   11000.00   11250.00     500.00     1.0000     1.0000
     33   11500.00   11750.00     500.00     1.0000     1.0000
     34   12000.00   12250.00     500.00     1.0000     1.0000
     35   12500.00   12750.00     500.00     1.0000     1.0000
     36   13000.00   13250.00     500.00     1.0000     1.0000
     37   13500.00   13750.00     500.00     1.0000     1.0000
     38   14000.00   14250.00     500.00     1.0000     1.0000
     39   14500.00   14750.00     500.00     1.0000     1.0000
     40   15000.00   15250.00     500.00     1.0000     1.0000
     41   15500.00   15750.00     500.00     1.0000     1.0000
     42   16000.00   16250.00     500.00     1.0000     1.0000
     43   16500.00   16750.00     500.00     1.0000     1.0000
     44   17000.00   17250.00     500.00     1.0000     1.0000
     45   17500.00   17750.00     500.00     1.0000     1.0000
     46   18000.00   18250.00     500.00     1.0000     1.0000
     47   18500.00   18750.00     500.00     1.0000     1.0000
     48   19000.00   19250.00     500.00     1.0000     1.0000
     49   19500.00   19750.00     500.00     1.0000     1.0000
     50   20000.00   20250.00     500.00     1.0000     1.0000
     51   20500.00   20750.00     500.00     1.0000     1.0000
     52   21000.00   21250.00     500.00     1.0000     1.0000
     53   21500.00   21750.00     500.00     1.0000     1.0000
     54   22000.00   22250.00     500.00     1.0000     1.0000
     55   22500.00   22750.00     500.00     1.0000     1.0000
     56   23000.00   23250.00     500.00     1.0000     1.0000
     57   23500.00   23750.00     500.00     1.0000     1.0000
     58   24000.00   24250.00     500.00     1.0000     1.0000
     59   24500.00   24750.00     500.00     1.0000     1.0000
     60   25000.00   25250.00     500.00     1.0000     1.0000
     61   25500.00   25750.00     500.00     1.0000     1.0000
     62   26000.00   26250.00     500.00     1.0000     1.0000
     63   26500.00   26750.00     500.00     1.0000     1.0000
     64   27000.00   27250.00     500.00     1.0000     1.0000
     65   27500.00   27750.00     500.00     1.0000     1.0000
     66   28000.00                           1.0000
 
   patchsww = F
   patchnww = F
   patchsee = F
   patchnee = F
   patchsws = F
   patchses = F
   patchnwn = F
   patchnen = F
 
   p2tchsww = F
   p2tchnww = F
   p2tchsee = F
   p2tchnee = F
   p2tchsws = F
   p2tchses = F
   p2tchnwn = F
   p2tchnen = F
 
 
   do_ib   =  F
   ib_init =            4
   top_cd  =   0.4000000    
   side_cd =   0.4000000    
 
     ibib,ieib =            1           1
     jbib,jeib =            1           1
     kbib,keib =            1           1
 
 
   minx    =   0.0000000E+00
   centerx =    256000.0    
   maxx    =    512000.0    
 
   miny    =   0.0000000E+00
   centery =    128000.0    
   maxy    =    256000.0    
 
   maxz =    28000.00    
 
   ibw =           0
   ibe =           0
   ibs =           0
   ibn =           0
 
   min_dx =    500.0000    
   max_dx =    500.0000    
   min_dy =    500.0000    
   max_dy =    500.0000    
   min_dz =    50.00000    
   max_dz =    500.0000    
 
   maxk,maxzh,maxzf =           65   27750.00       28000.00    
 
 
   k,c1,c2,zhm1,zf,zh:
      1    0.5000    0.5000     -25.00       0.00      25.00
      2    0.5957    0.4043      25.00      50.00      86.84
      3    0.5692    0.4308      86.84     123.68     172.37
      4    0.5542    0.4458     172.37     221.05     281.58
      5    0.5446    0.4554     281.58     342.11     414.47
      6    0.5378    0.4622     414.47     486.84     571.05
      7    0.5328    0.4672     571.05     655.26     751.32
      8    0.5290    0.4710     751.32     847.37     955.26
      9    0.5260    0.4740     955.26    1063.16    1182.89
     10    0.5236    0.4764    1182.89    1302.63    1434.21
     11    0.5215    0.4785    1434.21    1565.79    1709.21
     12    0.5198    0.4802    1709.21    1852.63    2007.89
     13    0.5184    0.4816    2007.89    2163.16    2330.26
     14    0.5171    0.4829    2330.26    2497.37    2676.32
     15    0.5160    0.4840    2676.32    2855.26    3046.05
     16    0.5151    0.4849    3046.05    3236.84    3439.47
     17    0.5142    0.4858    3439.47    3642.11    3856.58
     18    0.5134    0.4866    3856.58    4071.05    4297.37
     19    0.5127    0.4873    4297.37    4523.68    4761.84
     20    0.5121    0.4879    4761.84    5000.00    5250.00
     21    0.5000    0.5000    5250.00    5500.00    5750.00
     22    0.5000    0.5000    5750.00    6000.00    6250.00
     23    0.5000    0.5000    6250.00    6500.00    6750.00
     24    0.5000    0.5000    6750.00    7000.00    7250.00
     25    0.5000    0.5000    7250.00    7500.00    7750.00
     26    0.5000    0.5000    7750.00    8000.00    8250.00
     27    0.5000    0.5000    8250.00    8500.00    8750.00
     28    0.5000    0.5000    8750.00    9000.00    9250.00
     29    0.5000    0.5000    9250.00    9500.00    9750.00
     30    0.5000    0.5000    9750.00   10000.00   10250.00
     31    0.5000    0.5000   10250.00   10500.00   10750.00
     32    0.5000    0.5000   10750.00   11000.00   11250.00
     33    0.5000    0.5000   11250.00   11500.00   11750.00
     34    0.5000    0.5000   11750.00   12000.00   12250.00
     35    0.5000    0.5000   12250.00   12500.00   12750.00
     36    0.5000    0.5000   12750.00   13000.00   13250.00
     37    0.5000    0.5000   13250.00   13500.00   13750.00
     38    0.5000    0.5000   13750.00   14000.00   14250.00
     39    0.5000    0.5000   14250.00   14500.00   14750.00
     40    0.5000    0.5000   14750.00   15000.00   15250.00
     41    0.5000    0.5000   15250.00   15500.00   15750.00
     42    0.5000    0.5000   15750.00   16000.00   16250.00
     43    0.5000    0.5000   16250.00   16500.00   16750.00
     44    0.5000    0.5000   16750.00   17000.00   17250.00
     45    0.5000    0.5000   17250.00   17500.00   17750.00
     46    0.5000    0.5000   17750.00   18000.00   18250.00
     47    0.5000    0.5000   18250.00   18500.00   18750.00
     48    0.5000    0.5000   18750.00   19000.00   19250.00
     49    0.5000    0.5000   19250.00   19500.00   19750.00
     50    0.5000    0.5000   19750.00   20000.00   20250.00
     51    0.5000    0.5000   20250.00   20500.00   20750.00
     52    0.5000    0.5000   20750.00   21000.00   21250.00
     53    0.5000    0.5000   21250.00   21500.00   21750.00
     54    0.5000    0.5000   21750.00   22000.00   22250.00
     55    0.5000    0.5000   22250.00   22500.00   22750.00
     56    0.5000    0.5000   22750.00   23000.00   23250.00
     57    0.5000    0.5000   23250.00   23500.00   23750.00
     58    0.5000    0.5000   23750.00   24000.00   24250.00
     59    0.5000    0.5000   24250.00   24500.00   24750.00
     60    0.5000    0.5000   24750.00   25000.00   25250.00
     61    0.5000    0.5000   25250.00   25500.00   25750.00
     62    0.5000    0.5000   25750.00   26000.00   26250.00
     63    0.5000    0.5000   26250.00   26500.00   26750.00
     64    0.5000    0.5000   26750.00   27000.00   27250.00
     65    0.5000    0.5000   27250.00   27500.00   27750.00
     66    0.5000    0.5000   27750.00   28000.00   28250.00
 
 
                           ------ zf,tauf,   zh,tauh -----
           1  0.0000000E+00  0.0000000E+00   25.00000      0.0000000E+00
           2   50.00000      0.0000000E+00   86.84210      0.0000000E+00
           3   123.6842      0.0000000E+00   172.3684      0.0000000E+00
           4   221.0526      0.0000000E+00   281.5789      0.0000000E+00
           5   342.1053      0.0000000E+00   414.4737      0.0000000E+00
           6   486.8421      0.0000000E+00   571.0526      0.0000000E+00
           7   655.2631      0.0000000E+00   751.3158      0.0000000E+00
           8   847.3685      0.0000000E+00   955.2632      0.0000000E+00
           9   1063.158      0.0000000E+00   1182.895      0.0000000E+00
          10   1302.632      0.0000000E+00   1434.210      0.0000000E+00
          11   1565.789      0.0000000E+00   1709.211      0.0000000E+00
          12   1852.632      0.0000000E+00   2007.895      0.0000000E+00
          13   2163.158      0.0000000E+00   2330.263      0.0000000E+00
          14   2497.368      0.0000000E+00   2676.316      0.0000000E+00
          15   2855.263      0.0000000E+00   3046.053      0.0000000E+00
          16   3236.842      0.0000000E+00   3439.474      0.0000000E+00
          17   3642.105      0.0000000E+00   3856.579      0.0000000E+00
          18   4071.053      0.0000000E+00   4297.368      0.0000000E+00
          19   4523.684      0.0000000E+00   4761.842      0.0000000E+00
          20   5000.000      0.0000000E+00   5250.000      0.0000000E+00
          21   5500.000      0.0000000E+00   5750.000      0.0000000E+00
          22   6000.000      0.0000000E+00   6250.000      0.0000000E+00
          23   6500.000      0.0000000E+00   6750.000      0.0000000E+00
          24   7000.000      0.0000000E+00   7250.000      0.0000000E+00
          25   7500.000      0.0000000E+00   7750.000      0.0000000E+00
          26   8000.000      0.0000000E+00   8250.000      0.0000000E+00
          27   8500.000      0.0000000E+00   8750.000      0.0000000E+00
          28   9000.000      0.0000000E+00   9250.000      0.0000000E+00
          29   9500.000      0.0000000E+00   9750.000      0.0000000E+00
          30   10000.00      0.0000000E+00   10250.00      0.0000000E+00
          31   10500.00      0.0000000E+00   10750.00      0.0000000E+00
          32   11000.00      0.0000000E+00   11250.00      0.0000000E+00
          33   11500.00      0.0000000E+00   11750.00      0.0000000E+00
          34   12000.00      0.0000000E+00   12250.00      0.0000000E+00
          35   12500.00      0.0000000E+00   12750.00      0.0000000E+00
          36   13000.00      0.0000000E+00   13250.00      0.0000000E+00
          37   13500.00      0.0000000E+00   13750.00      0.0000000E+00
          38   14000.00      0.0000000E+00   14250.00      0.0000000E+00
          39   14500.00      0.0000000E+00   14750.00      0.0000000E+00
          40   15000.00      0.0000000E+00   15250.00      0.0000000E+00
          41   15500.00      0.0000000E+00   15750.00      0.0000000E+00
          42   16000.00      0.0000000E+00   16250.00      0.0000000E+00
          43   16500.00      0.0000000E+00   16750.00      0.0000000E+00
          44   17000.00      0.0000000E+00   17250.00      0.0000000E+00
          45   17500.00      0.0000000E+00   17750.00      0.0000000E+00
          46   18000.00      0.0000000E+00   18250.00      0.0000000E+00
          47   18500.00      0.0000000E+00   18750.00      0.0000000E+00
          48   19000.00      0.0000000E+00   19250.00      0.0000000E+00
          49   19500.00      0.0000000E+00   19750.00      0.0000000E+00
          50   20000.00      0.0000000E+00   20250.00      2.4076402E-03
          51   20500.00      9.6073747E-03   20750.00      2.1529824E-02
          52   21000.00      3.8060248E-02   21250.00      5.9039384E-02
          53   21500.00      8.4265202E-02   21750.00      0.1134948    
          54   22000.00      0.1464466       22250.00      0.1828034    
          55   22500.00      0.2222149       22750.00      0.2643016    
          56   23000.00      0.3086583       23250.00      0.3548577    
          57   23500.00      0.4024548       23750.00      0.4509914    
          58   24000.00      0.5000000       24250.00      0.5490086    
          59   24500.00      0.5975451       24750.00      0.6451424    
          60   25000.00      0.6913418       25250.00      0.7356983    
          61   25500.00      0.7777851       25750.00      0.8171966    
          62   26000.00      0.8535534       26250.00      0.8865052    
          63   26500.00      0.9157348       26750.00      0.9409606    
          64   27000.00      0.9619398       27250.00      0.9784702    
          65   27500.00      0.9903927       27750.00      0.9975923    
          66   28000.00       1.000000    
 
 
   vialpha,vibeta =    1.000000      0.0000000E+00
 
 
       dot2p          =  F
       ntwk           =            1
       ib2pt,ie2pt    =            1           1
       jb2pt,je2pt    =            1           1
       kb2pt,ke2pt    =            1           1
 
 
   ---------------------------------- 
   nn =            1
   x0,alpha,delta,sum,predict,maxz:
  0.0000000E+00
  0.5000000       1.736842       3.447368       5.631579    
   1.642477     -0.8147300      0.1722527      0.0000000E+00
   1.000000      3.8146973E-06   28000.00    
 
 
   cgs1,cgs2,cgs3 =    1.642477     -0.8147300      0.1722527    
   sum            =    1.000000    
 
   dgs1,dgs2,dgs3 =   -1.422113       1.865794     -0.4436813    
   sum            =  -5.9604645E-08
 
   ---------------------------------- 
 
   ---------------------------------- 
   nn =            2
   x0,alpha,delta,sum,predict,maxz:
   56.00000    
   55.50000       54.50000       53.50000       52.50000    
   1.875000      -1.250000      0.3750000      0.0000000E+00
   1.000000       28000.00       28000.00    
 
 
   cgt1,cgt2,cgt3 =    1.875000      -1.250000      0.3750000    
   sum            =    1.000000    
 
   dgt1,dgt2,dgt3 =    2.000000      -3.000000       1.000000    
   sum            =   0.0000000E+00
 
   ---------------------------------- 
 
   ---------------------------------- 
   nn =            3
   x0,alpha,delta,sum,predict,maxz:
  0.0000000E+00
   1.000000       2.473684       4.421052       6.842105    
   2.169231      -1.540541      0.3713098      0.0000000E+00
   1.000000      7.6293945E-06   28000.00    
 
 
   wbe1,wbe2,wbe3 =    2.169231      -1.540541      0.3713098    
   sum            =    1.000000    
 
   ---------------------------------- 
 
   ---------------------------------- 
   nn =            4
   x0,alpha,delta,sum,predict,maxz:
   56.00000    
   55.00000       54.00000       53.00000       52.00000    
   3.000000      -3.000000       1.000000      0.0000000E+00
   1.000000       28000.00       28000.00    
 
 
   wte1,wte2,wte3 =    3.000000      -3.000000       1.000000    
   sum            =    1.000000    
 
   ---------------------------------- 
 
   do_recycle   =  F
 
   do_recycle_w =  F
   do_recycle_s =  F
   do_recycle_e =  F
   do_recycle_n =  F
 
 
   dotimeavg =  F
 
 
       ibta,ieta      =            1           1
       jbta,jeta      =            1           1
       kbta,keta      =            1           1
       ntavr,nsfctavr =            1           1
 
 
   do_lsnudge         =  F
 
 Leaving PARAM
 
   allocating MPI comm arrays ... 
   allocating base state arrays ... 
   allocating dum, out2d, out3d arrays ... 
 
 Inside BASE
 
  Reading sounding from external file, input_sounding
 
  p_sfc, th_sfc, qv_sfc =    1010.000       302.0000       22.00000    
   Found           19   levels (including surface)
 
   Qv is too small.  Setting rh to 0.01%.  k,zsnd=          19   40000.00    
 
  Data from input_sounding file: 
 
     k,z,th,qv:
           1  0.0000000E+00   302.0000       22.00000    
           2   40.00000       302.0800       21.76670    
           3   1000.000       304.0000       16.16670    
           4   1200.000       305.3000       15.00000    
           5   4800.000       318.0000      0.3000000    
           6   7200.000       336.3636      0.3000000    
           7   8000.000       340.0000      0.3000000    
           8   9000.000       342.0000      0.3000000    
           9   10500.00       345.0000      0.3000000    
          10   12000.00       350.5714      0.1380000    
          11   13000.00       354.2857      2.9999999E-02
          12   14000.00       358.0000      2.1000000E-02
          13   16000.00       370.0000      3.0000000E-03
          14   16500.00       376.6667      3.0000000E-03
          15   17500.00       390.0000      3.0000000E-03
          16   18000.00       405.0000      3.0000000E-03
          17   19500.00       450.0000      9.9999998E-03
          18   25000.00       630.0000      9.9999998E-03
          19   40000.00       1010.881      1.2014906E-06
 
     k,z,u,v:
           1  0.0000000E+00   7.999967      0.0000000E+00
           2   40.00000       8.133300      0.0000000E+00
           3   1000.000       11.33330      0.0000000E+00
           4   1200.000       12.00000      0.0000000E+00
           5   4800.000      -8.000000      0.0000000E+00
           6   7200.000       4.000000      0.0000000E+00
           7   8000.000      -1.000000      0.0000000E+00
           8   9000.000      -4.600000      0.0000000E+00
           9   10500.00      -10.00000      0.0000000E+00
          10   12000.00      -18.57140      0.0000000E+00
          11   13000.00      -24.28570      0.0000000E+00
          12   14000.00      -30.00000      0.0000000E+00
          13   16000.00      -45.00000      0.0000000E+00
          14   16500.00      -40.00000      0.0000000E+00
          15   17500.00      -30.00000      0.0000000E+00
          16   18000.00      -25.00000      0.0000000E+00
          17   19500.00      -10.00000      0.0000000E+00
          18   25000.00      -10.00000      0.0000000E+00
          19   40000.00      0.0000000E+00  0.0000000E+00
 
 
 interpolating sounding to grid: 
 
          0.0000000E+00   25.00000       40.00000      0.6250000    
           40.00000       86.84210       1000.000      4.8793856E-02
           40.00000       172.3684       1000.000      0.1378838    
           40.00000       281.5789       1000.000      0.2516447    
           40.00000       414.4737       1000.000      0.3900768    
           40.00000       571.0526       1000.000      0.5531798    
           40.00000       751.3158       1000.000      0.7409540    
           40.00000       955.2632       1000.000      0.9533991    
           1000.000       1182.895       1200.000      0.9144739    
           1200.000       1434.210       4800.000      6.5058455E-02
           1200.000       1709.211       4800.000      0.1414474    
           1200.000       2007.895       4800.000      0.2244152    
           1200.000       2330.263       4800.000      0.3139620    
           1200.000       2676.316       4800.000      0.4100878    
           1200.000       3046.053       4800.000      0.5127924    
           1200.000       3439.474       4800.000      0.6220761    
           1200.000       3856.579       4800.000      0.7379386    
           1200.000       4297.368       4800.000      0.8603801    
           1200.000       4761.842       4800.000      0.9894006    
           4800.000       5250.000       7200.000      0.1875000    
           4800.000       5750.000       7200.000      0.3958333    
           4800.000       6250.000       7200.000      0.6041667    
           4800.000       6750.000       7200.000      0.8125000    
           7200.000       7250.000       8000.000      6.2500000E-02
           7200.000       7750.000       8000.000      0.6875000    
           8000.000       8250.000       9000.000      0.2500000    
           8000.000       8750.000       9000.000      0.7500000    
           9000.000       9250.000       10500.00      0.1666667    
           9000.000       9750.000       10500.00      0.5000000    
           9000.000       10250.00       10500.00      0.8333333    
           10500.00       10750.00       12000.00      0.1666667    
           10500.00       11250.00       12000.00      0.5000000    
           10500.00       11750.00       12000.00      0.8333333    
           12000.00       12250.00       13000.00      0.2500000    
           12000.00       12750.00       13000.00      0.7500000    
           13000.00       13250.00       14000.00      0.2500000    
           13000.00       13750.00       14000.00      0.7500000    
           14000.00       14250.00       16000.00      0.1250000    
           14000.00       14750.00       16000.00      0.3750000    
           14000.00       15250.00       16000.00      0.6250000    
           14000.00       15750.00       16000.00      0.8750000    
           16000.00       16250.00       16500.00      0.5000000    
           16500.00       16750.00       17500.00      0.2500000    
           16500.00       17250.00       17500.00      0.7500000    
           17500.00       17750.00       18000.00      0.5000000    
           18000.00       18250.00       19500.00      0.1666667    
           18000.00       18750.00       19500.00      0.5000000    
           18000.00       19250.00       19500.00      0.8333333    
           19500.00       19750.00       25000.00      4.5454547E-02
           19500.00       20250.00       25000.00      0.1363636    
           19500.00       20750.00       25000.00      0.2272727    
           19500.00       21250.00       25000.00      0.3181818    
           19500.00       21750.00       25000.00      0.4090909    
           19500.00       22250.00       25000.00      0.5000000    
           19500.00       22750.00       25000.00      0.5909091    
           19500.00       23250.00       25000.00      0.6818182    
           19500.00       23750.00       25000.00      0.7727273    
           19500.00       24250.00       25000.00      0.8636364    
           19500.00       24750.00       25000.00      0.9545454    
           25000.00       25250.00       40000.00      1.6666668E-02
           25000.00       25750.00       40000.00      5.0000001E-02
           25000.00       26250.00       40000.00      8.3333336E-02
           25000.00       26750.00       40000.00      0.1166667    
           25000.00       27250.00       40000.00      0.1500000    
           25000.00       27750.00       40000.00      0.1833333    
 
 
       k      zh (m)    prs0 (Pa)        pi0        rho0 (kg/m^3)
    ---------------------------------------------------------------------
       1       25.00    100719.02     1.0020469     1.1199652
       2       86.84    100026.49     1.0000756     1.1146859
       3      172.37     99074.55     0.9973499     1.1074208
       4      281.58     97868.77     0.9938703     1.0981561
       5      414.47     96416.23     0.9896377     1.0869024
       6      571.05     94725.44     0.9846531     1.0736761
       7      751.32     92806.30     0.9789177     1.0584977
       8      955.26     90670.11     0.9724330     1.0413960
       9     1182.89     88332.38     0.9652103     1.0199305
      10     1434.21     85808.50     0.9572573     0.9991001
      11     1709.21     83111.44     0.9485716     0.9765413
      12     2007.89     80257.36     0.9391581     0.9520623
      13     2330.26     77263.59     0.9290232     0.9257457
      14     2676.32     74148.21     0.9181741     0.8976993
      15     3046.05     70929.91     0.9066188     0.8680544
      16     3439.47     67627.74     0.8943663     0.8369641
      17     3856.58     64261.11     0.8814261     0.8046005
      18     4297.37     60849.40     0.8678085     0.7711497
      19     4761.84     57411.89     0.8535244     0.7368096
      20     5250.00     53977.90     0.8386310     0.6972488
      21     5750.00     50652.98     0.8235508     0.6584433
      22     6250.00     47513.32     0.8086468     0.6217021
      23     6750.00     44549.12     0.7939151     0.5869107
      24     7250.00     41750.41     0.7793483     0.5542100
      25     7750.00     39102.62     0.7649097     0.5253114
      26     8250.00     36591.24     0.7505543     0.4985608
      27     8750.00     34206.33     0.7362543     0.4737283
      28     9250.00     31941.10     0.7219962     0.4497628
      29     9750.00     29791.30     0.7077799     0.4266627
      30    10250.00     27752.72     0.6936048     0.4044266
      31    10750.00     25822.43     0.6794793     0.3825663
      32    11250.00     23998.42     0.6654202     0.3611508
      33    11750.00     22277.30     0.6514355     0.3406542
      34    12250.00     20654.61     0.6375244     0.3210574
      35    12750.00     19126.01     0.6236862     0.3023213
      36    13250.00     17687.34     0.6099202     0.2844049
      37    13750.00     16334.60     0.5962259     0.2672907
      38    14250.00     15064.87     0.5826135     0.2505716
      39    14750.00     13876.02     0.5691034     0.2343236
      40    15250.00     12764.73     0.5557045     0.2189441
      41    15750.00     11726.82     0.5424152     0.2043929
      42    16250.00     10760.66     0.5292662     0.1897246
      43    16750.00      9866.20     0.5163179     0.1751881
      44    17250.00      9040.33     0.5035948     0.1617416
      45    17750.00      8281.84     0.4911557     0.1477835
      46    18250.00      7591.95     0.4791132     0.1338278
      47    18750.00      6966.57     0.4675009     0.1214379
      48    19250.00      6398.55     0.4562890     0.1104028
      49    19750.00      5882.07     0.4454590     0.1004002
      50    20250.00      5412.29     0.4350012     0.0913401
      51    20750.00      4984.52     0.4248978     0.0832499
      52    21250.00      4594.29     0.4151258     0.0760049
      53    21750.00      4237.75     0.4056639     0.0694994
      54    22250.00      3911.48     0.3964933     0.0636431
      55    22750.00      3612.51     0.3875964     0.0583590
      56    23250.00      3338.18     0.3789574     0.0535806
      57    23750.00      3086.17     0.3705617     0.0492507
      58    24250.00      2854.40     0.3623961     0.0453197
      59    24750.00      2641.02     0.3544482     0.0417445
      60    25250.00      2444.10     0.3466954     0.0385947
      61    25750.00      2261.74     0.3391067     0.0358001
      62    26250.00      2092.57     0.3316651     0.0332158
      63    26750.00      1935.59     0.3243649     0.0308242
      64    27250.00      1789.90     0.3172009     0.0286094
      65    27750.00      1654.67     0.3101679     0.0265570
 
 
       k      zh (m)    th0 (K)     thv0 (K)     t0 (K) 
    ---------------------------------------------------------------------
       1       25.00    302.0500    305.9762    302.6683
       2       86.84    302.1737    306.0319    302.1965
       3      172.37    302.3447    306.1076    301.5435
       4      281.58    302.5631    306.2072    300.7085
       5      414.47    302.8289    306.3328    299.6909
       6      571.05    303.1421    306.4867    298.4898
       7      751.32    303.5026    306.6715    297.1041
       8      955.26    303.9105    306.8903    295.5326
       9     1182.89    305.1888    307.9477    294.5714
      10     1434.21    306.1262    308.5315    293.0416
      11     1709.21    307.0964    309.1456    291.3029
      12     2007.89    308.1501    309.8572    289.4016
      13     2330.26    309.2873    310.6723    287.3351
      14     2676.32    310.5081    311.5959    285.1005
      15     3046.05    311.8125    312.6319    282.6951
      16     3439.47    313.2003    313.7828    280.1158
      17     3856.58    314.6718    315.0502    277.3600
      18     4297.37    316.2268    316.4339    274.4243
      19     4761.84    317.8654    317.9332    271.3059
      20     5250.00    321.4432    321.5021    269.5722
      21     5750.00    325.2689    325.3287    267.8755
      22     6250.00    329.0947    329.1551    266.1213
      23     6750.00    332.9204    332.9814    264.3105
      24     7250.00    336.5909    336.6524    262.3215
      25     7750.00    338.8636    338.9260    259.2001
      26     8250.00    340.5000    340.5644    255.5637
      27     8750.00    341.5000    341.5642    251.4309
      28     9250.00    342.5000    342.5681    247.2837
      29     9750.00    343.5000    343.5709    243.1224
      30    10250.00    344.5000    344.5666    238.9469
      31    10750.00    345.9286    345.9843    235.0513
      32    11250.00    347.7857    347.8293    231.4236
      33    11750.00    349.6429    349.6764    227.7698
      34    12250.00    351.5000    351.5213    224.0898
      35    12750.00    353.3571    353.3673    220.3840
      36    13250.00    355.2143    355.2204    216.6524
      37    13750.00    357.0714    357.0765    212.8952
      38    14250.00    359.5000    359.5037    209.4495
      39    14750.00    362.5000    362.5023    206.3000
      40    15250.00    365.5000    365.5014    203.1100
      41    15750.00    368.5000    368.5009    199.8800
      42    16250.00    373.3333    373.3341    197.5927
      43    16750.00    380.0000    380.0007    196.2008
      44    17250.00    386.6667    386.6674    194.7233
      45    17750.00    397.5000    397.5008    195.2344
      46    18250.00    412.5000    412.5009    197.6342
      47    18750.00    427.5000    427.5014    199.8566
      48    19250.00    442.5000    442.5022    201.9079
      49    19750.00    458.1818    458.1849    204.1012
      50    20250.00    474.5455    474.5494    206.4278
      51    20750.00    490.9091    490.9139    208.5862
      52    21250.00    507.2727    507.2787    210.5820
      53    21750.00    523.6364    523.6436    212.4204
      54    22250.00    540.0000    540.0085    214.1064
      55    22750.00    556.3636    556.3735    215.6445
      56    23250.00    572.7273    572.7381    217.0392
      57    23750.00    589.0909    589.1021    218.2946
      58    24250.00    605.4545    605.4648    219.4144
      59    24750.00    621.8182    621.8251    220.4023
      60    25250.00    636.3480    636.3515    220.6189
      61    25750.00    649.0441    649.0470    220.0952
      62    26250.00    661.7401    661.7426    219.4761
      63    26750.00    674.4361    674.4382    218.7634
      64    27250.00    687.1321    687.1339    217.9589
      65    27750.00    699.8282    699.8297    217.0643
 
 
       k      zf (m)     l.r. (K/km)     N^2
    ---------------------------------------------------------------------
       2       50.00        7.6286      0.2884
       3      123.68        7.6356      0.2838
       4      221.05        7.6451      0.2924
       5      342.11        7.6570      0.3027
       6      486.84        7.6712      0.3146
       7      655.26        7.6872      0.3282
       8      847.37        7.7053      0.3429
       9     1063.16        4.2228      1.4824
      10     1302.63        6.0872      0.7392
      11     1565.79        6.3224      0.7094
      12     1852.63        6.3655      0.7551
      13     2163.16        6.4105      0.7995
      14     2497.37        6.4575      0.8415
      15     2855.26        6.5058      0.8807
      16     3236.84        6.5560      0.9163
      17     3642.11        6.6071      0.9480
      18     4071.05        6.6599      0.9754
      19     4523.68        6.7140      0.9983
      20     5000.00        3.5514      2.2433
      21     5500.00        3.3936      2.3215
      22     6000.00        3.5082      2.2942
      23     6500.00        3.6216      2.2676
      24     7000.00        3.9781      2.1512
      25     7500.00        6.2429      1.3206
      26     8000.00        7.2727      0.9461
      27     8500.00        8.2657      0.5752
      28     9000.00        8.2943      0.5758
      29     9500.00        8.3227      0.5735
      30    10000.00        8.3510      0.5678
      31    10500.00        7.7911      0.8056
      32    11000.00        7.2553      1.0434
      33    11500.00        7.3077      1.0392
      34    12000.00        7.3599      1.0324
      35    12500.00        7.4117      1.0277
      36    13000.00        7.4632      1.0262
      37    13500.00        7.5143      1.0225
      38    14000.00        6.8914      1.3291
      39    14500.00        6.2991      1.6297
      40    15000.00        6.3799      1.6166
      41    15500.00        6.4600      1.6035
      42    16000.00        4.5746      2.5566
      43    16500.00        2.7838      3.4726
      44    17000.00        2.9549      3.4123
      45    17500.00       -1.0221      5.4214
      46    18000.00       -4.7997      7.2675
      47    18500.00       -4.4448      7.0081
      48    19000.00       -4.1025      6.7665
      49    19500.00       -4.3867      6.8331
      50    20000.00       -4.6532      6.8852
      51    20500.00       -4.3167      6.6518
      52    21000.00       -3.9916      6.4337
      53    21500.00       -3.6768      6.2295
      54    22000.00       -3.3719      6.0378
      55    22500.00       -3.0764      5.8575
      56    23000.00       -2.7894      5.6876
      57    23500.00       -2.5107      5.5271
      58    24000.00       -2.2396      5.3753
      59    24500.00       -1.9759      5.2312
      60    25000.00       -0.4332      4.5307
      61    25500.00        1.0474      3.8757
      62    26000.00        1.2382      3.8007
      63    26500.00        1.4254      3.7285
      64    27000.00        1.6090      3.6589
      65    27500.00        1.7893      3.5920
 
 
   Richardson number:  NOTE!!!  Ri should be > 0.25 for most applications!
 
   k,zf,Ri:           2   50.00000       2.595177    
   k,zf,Ri:           3   123.6842       2.554441    
   k,zf,Ri:           4   221.0526       2.631521    
   k,zf,Ri:           5   342.1053       2.723859    
   k,zf,Ri:           6   486.8421       2.831201    
   k,zf,Ri:           7   655.2631       2.953475    
   k,zf,Ri:           8   847.3685       3.086507    
   k,zf,Ri:           9   1063.158       13.34074    
   k,zf,Ri:          10   1302.632       3.016247    
   k,zf,Ri:          11   1565.789       2.298393    
   k,zf,Ri:          12   1852.632       2.446651    
   k,zf,Ri:          13   2163.158       2.590266    
   k,zf,Ri:          14   2497.368       2.726455    
   k,zf,Ri:          15   2855.263       2.853379    
   k,zf,Ri:          16   3236.842       2.968748    
   k,zf,Ri:          17   3642.105       3.071561    
   k,zf,Ri:          18   4071.053       3.160151    
   k,zf,Ri:          19   4523.684       3.234583    
   k,zf,Ri:          20   5000.000       12.87029    
   k,zf,Ri:          21   5500.000       9.285890    
   k,zf,Ri:          22   6000.000       9.176600    
   k,zf,Ri:          23   6500.000       9.070255    
   k,zf,Ri:          24   7000.000       14.32664    
   k,zf,Ri:          25   7500.000       3.380723    
   k,zf,Ri:          26   8000.000       3.900676    
   k,zf,Ri:          27   8500.000       4.437915    
   k,zf,Ri:          28   9000.000       4.442951    
   k,zf,Ri:          29   9500.000       4.425317    
   k,zf,Ri:          30   10000.00       4.380870    
   k,zf,Ri:          31   10500.00       3.714499    
   k,zf,Ri:          32   11000.00       3.195520    
   k,zf,Ri:          33   11500.00       3.182479    
   k,zf,Ri:          34   12000.00       3.161798    
   k,zf,Ri:          35   12500.00       3.147175    
   k,zf,Ri:          36   13000.00       3.142682    
   k,zf,Ri:          37   13500.00       3.131428    
   k,zf,Ri:          38   14000.00       3.044693    
   k,zf,Ri:          39   14500.00       2.897300    
   k,zf,Ri:          40   15000.00       2.873877    
   k,zf,Ri:          41   15500.00       2.850700    
   k,zf,Ri:          42   16000.00       163.6227    
   k,zf,Ri:          43   16500.00       3.472644    
   k,zf,Ri:          44   17000.00       3.412270    
   k,zf,Ri:          45   17500.00       5.421371    
   k,zf,Ri:          46   18000.00       7.267537    
   k,zf,Ri:          47   18500.00       7.008129    
   k,zf,Ri:          48   19000.00       6.766500    
   k,zf,Ri:          49   19500.00       27.33259    
   k,zf,Ri:          50   20000.00      6.8852083E+08
   k,zf,Ri:          51   20500.00      6.6517939E+08
   k,zf,Ri:          52   21000.00      6.4337421E+08
   k,zf,Ri:          53   21500.00      6.2294739E+08
   k,zf,Ri:          54   22000.00      6.0377850E+08
   k,zf,Ri:          55   22500.00      5.8575322E+08
   k,zf,Ri:          56   23000.00      5.6875878E+08
   k,zf,Ri:          57   23500.00      5.5271373E+08
   k,zf,Ri:          58   24000.00      5.3752947E+08
   k,zf,Ri:          59   24500.00      5.2311917E+08
   k,zf,Ri:          60   25000.00       4077.561    
   k,zf,Ri:          61   25500.00       872.0395    
   k,zf,Ri:          62   26000.00       855.1542    
   k,zf,Ri:          63   26500.00       838.9031    
   k,zf,Ri:          64   27000.00       823.2599    
   k,zf,Ri:          65   27500.00       808.2006    
 
 
       k      zh (m)      theta-e (K)       rh0          qv0 
    ---------------------------------------------------------------------
       1       25.00        367.0650     0.821880     0.021854
       2       86.84        366.0201     0.824324     0.021458
       3      172.37        364.5587     0.827135     0.020905
       4      281.58        362.7513     0.830850     0.020217
       5      414.47        360.6379     0.835568     0.019406
       6      571.05        358.2640     0.841419     0.018488
       7      751.32        355.6794     0.848562     0.017479
       8      955.26        352.9367     0.857202     0.016396
       9     1182.89        350.5983     0.816296     0.015098
      10     1434.21        345.7345     0.757305     0.013096
      11     1709.21        340.9162     0.694451     0.011101
      12     2007.89        336.4455     0.628095     0.009199
      13     2330.26        332.4001     0.558398     0.007422
      14     2676.32        328.8400     0.485423     0.005797
      15     3046.05        325.8080     0.409081     0.004343
      16     3439.47        323.3296     0.329104     0.003069
      17     3856.58        321.4133     0.244955     0.001982
      18     4297.37        320.0496     0.155751     0.001079
      19     4761.84        319.2000     0.060090     0.000351
      20     5250.00        322.6161     0.055285     0.000302
      21     5750.00        326.4612     0.059116     0.000302
      22     6250.00        330.3026     0.063369     0.000302
      23     6750.00        334.1414     0.068186     0.000301
      24     7250.00        337.8271     0.074734     0.000301
      25     7750.00        340.1181     0.090733     0.000303
      26     8250.00        341.7945     0.118091     0.000311
      27     8750.00        342.7918     0.156675     0.000310
      28     9250.00        343.8658     0.223931     0.000327
      29     9750.00        344.9219     0.319435     0.000340
      30    10250.00        345.8403     0.416566     0.000318
      31    10750.00        347.0630     0.477554     0.000265
      32    11250.00        348.6839     0.502165     0.000206
      33    11750.00        350.3463     0.530321     0.000158
      34    12250.00        351.9576     0.468462     0.000100
      35    12750.00        353.5835     0.316119     0.000047
      36    13250.00        355.3527     0.271986     0.000028
      37    13750.00        357.1886     0.336050     0.000023
      38    14250.00        359.5859     0.348273     0.000017
      39    14750.00        362.5558     0.309607     0.000011
      40    15250.00        365.5354     0.274605     0.000007
      41    15750.00        368.5219     0.242562     0.000004
      42    16250.00        373.3506     0.241022     0.000003
      43    16750.00        380.0177     0.275288     0.000003
      44    17250.00        386.6847     0.317581     0.000003
      45    17750.00        397.5190     0.274673     0.000003
      46    18250.00        412.5234     0.206427     0.000004
      47    18750.00        427.5358     0.202538     0.000005
      48    19250.00        442.5547     0.205498     0.000008
      49    19750.00        458.2580     0.186841     0.000011
      50    20250.00        474.6413     0.151373     0.000013
      51    20750.00        491.0282     0.125179     0.000016
      52    21250.00        507.4186     0.105173     0.000019
      53    21750.00        523.8122     0.089316     0.000023
      54    22250.00        540.2076     0.076178     0.000026
      55    22750.00        556.6022     0.064685     0.000029
      56    23250.00        572.9909     0.053940     0.000031
      57    23750.00        589.3649     0.043081     0.000031
      58    24250.00        605.7086     0.031148     0.000028
      59    24750.00        621.9938     0.016902     0.000018
      60    25250.00        636.4398     0.007556     0.000009
      61    25750.00        649.1224     0.006174     0.000008
      62    26250.00        661.8068     0.005088     0.000006
      63    26750.00        674.4927     0.004227     0.000005
      64    27250.00        687.1800     0.003541     0.000004
      65    27750.00        699.8685     0.002991     0.000003
 
 
       k      zh (m)        qc0          qi0
    ---------------------------------------------------------------------
       1       25.00     0.000000     0.000000
       2       86.84     0.000000     0.000000
       3      172.37     0.000000     0.000000
       4      281.58     0.000000     0.000000
       5      414.47     0.000000     0.000000
       6      571.05     0.000000     0.000000
       7      751.32     0.000000     0.000000
       8      955.26     0.000000     0.000000
       9     1182.89     0.000000     0.000000
      10     1434.21     0.000000     0.000000
      11     1709.21     0.000000     0.000000
      12     2007.89     0.000000     0.000000
      13     2330.26     0.000000     0.000000
      14     2676.32     0.000000     0.000000
      15     3046.05     0.000000     0.000000
      16     3439.47     0.000000     0.000000
      17     3856.58     0.000000     0.000000
      18     4297.37     0.000000     0.000000
      19     4761.84     0.000000     0.000000
      20     5250.00     0.000000     0.000000
      21     5750.00     0.000000     0.000000
      22     6250.00     0.000000     0.000000
      23     6750.00     0.000000     0.000000
      24     7250.00     0.000000     0.000000
      25     7750.00     0.000000     0.000000
      26     8250.00     0.000000     0.000000
      27     8750.00     0.000000     0.000000
      28     9250.00     0.000000     0.000000
      29     9750.00     0.000000     0.000000
      30    10250.00     0.000000     0.000000
      31    10750.00     0.000000     0.000000
      32    11250.00     0.000000     0.000000
      33    11750.00     0.000000     0.000000
      34    12250.00     0.000000     0.000000
      35    12750.00     0.000000     0.000000
      36    13250.00     0.000000     0.000000
      37    13750.00     0.000000     0.000000
      38    14250.00     0.000000     0.000000
      39    14750.00     0.000000     0.000000
      40    15250.00     0.000000     0.000000
      41    15750.00     0.000000     0.000000
      42    16250.00     0.000000     0.000000
      43    16750.00     0.000000     0.000000
      44    17250.00     0.000000     0.000000
      45    17750.00     0.000000     0.000000
      46    18250.00     0.000000     0.000000
      47    18750.00     0.000000     0.000000
      48    19250.00     0.000000     0.000000
      49    19750.00     0.000000     0.000000
      50    20250.00     0.000000     0.000000
      51    20750.00     0.000000     0.000000
      52    21250.00     0.000000     0.000000
      53    21750.00     0.000000     0.000000
      54    22250.00     0.000000     0.000000
      55    22750.00     0.000000     0.000000
      56    23250.00     0.000000     0.000000
      57    23750.00     0.000000     0.000000
      58    24250.00     0.000000     0.000000
      59    24750.00     0.000000     0.000000
      60    25250.00     0.000000     0.000000
      61    25750.00     0.000000     0.000000
      62    26250.00     0.000000     0.000000
      63    26750.00     0.000000     0.000000
      64    27250.00     0.000000     0.000000
      65    27750.00     0.000000     0.000000
 
 
   Thermodynamic properties of base-state sounding:
 
     for surface parcel:
        source p(mb),T(K),qv(g/kg) =     1010.0     302.9      22.0
        LCL,LFC,EL (m AGL)         =      431.9     499.8   15571.0
        CAPE,CIN (J/kg)            =     4419.4       2.9
 
     for most-unstable parcel:
        source p(mb),T(K),qv(g/kg) =     1010.0     302.9      22.0
        LCL,LFC,EL (m AGL)         =      431.9     499.8   15571.0
        CAPE,CIN (J/kg)            =     4419.4       2.9
 
     for mixed-layer parcel:
        source p(mb),T(K),qv(g/kg) =     1010.0     303.4      20.4
        LCL,LFC,EL (m AGL)         =      661.2     693.8   14873.6
        CAPE,CIN (J/kg)            =     3435.8       1.9
 
 
 
       k      zh (m)     u0 (m/s)     v0 (m/s)
    ---------------------------------------------------------------------
       1       25.00       8.0833       0.0000
       2       86.84       8.2894       0.0000
       3      172.37       8.5745       0.0000
       4      281.58       8.9386       0.0000
       5      414.47       9.3815       0.0000
       6      571.05       9.9035       0.0000
       7      751.32      10.5044       0.0000
       8      955.26      11.1842       0.0000
       9     1182.89      11.9430       0.0000
      10     1434.21      10.6988       0.0000
      11     1709.21       9.1711       0.0000
      12     2007.89       7.5117       0.0000
      13     2330.26       5.7208       0.0000
      14     2676.32       3.7982       0.0000
      15     3046.05       1.7442       0.0000
      16     3439.47      -0.4415       0.0000
      17     3856.58      -2.7588       0.0000
      18     4297.37      -5.2076       0.0000
      19     4761.84      -7.7880       0.0000
      20     5250.00      -5.7500       0.0000
      21     5750.00      -3.2500       0.0000
      22     6250.00      -0.7500       0.0000
      23     6750.00       1.7500       0.0000
      24     7250.00       3.6875       0.0000
      25     7750.00       0.5625       0.0000
      26     8250.00      -1.9000       0.0000
      27     8750.00      -3.7000       0.0000
      28     9250.00      -5.5000       0.0000
      29     9750.00      -7.3000       0.0000
      30    10250.00      -9.1000       0.0000
      31    10750.00     -11.4286       0.0000
      32    11250.00     -14.2857       0.0000
      33    11750.00     -17.1428       0.0000
      34    12250.00     -20.0000       0.0000
      35    12750.00     -22.8571       0.0000
      36    13250.00     -25.7143       0.0000
      37    13750.00     -28.5714       0.0000
      38    14250.00     -31.8750       0.0000
      39    14750.00     -35.6250       0.0000
      40    15250.00     -39.3750       0.0000
      41    15750.00     -43.1250       0.0000
      42    16250.00     -42.5000       0.0000
      43    16750.00     -37.5000       0.0000
      44    17250.00     -32.5000       0.0000
      45    17750.00     -27.5000       0.0000
      46    18250.00     -22.5000       0.0000
      47    18750.00     -17.5000       0.0000
      48    19250.00     -12.5000       0.0000
      49    19750.00     -10.0000       0.0000
      50    20250.00     -10.0000       0.0000
      51    20750.00     -10.0000       0.0000
      52    21250.00     -10.0000       0.0000
      53    21750.00     -10.0000       0.0000
      54    22250.00     -10.0000       0.0000
      55    22750.00     -10.0000       0.0000
      56    23250.00     -10.0000       0.0000
      57    23750.00     -10.0000       0.0000
      58    24250.00     -10.0000       0.0000
      59    24750.00     -10.0000       0.0000
      60    25250.00      -9.8333       0.0000
      61    25750.00      -9.5000       0.0000
      62    26250.00      -9.1667       0.0000
      63    26750.00      -8.8333       0.0000
      64    27250.00      -8.5000       0.0000
      65    27750.00      -8.1667       0.0000
 
 
   pmin =    1654.671    
 
   psurf,tsurf  =    101000.0       302.8589    
   qsurf,thsurf =   2.2000000E-02   302.0000    
 
 
   base_pbot, base_ptop  =    101000.0       1590.979    
   base_pibot,base_pitop =    1.002844      0.3067006    
   base_tbot, base_ttop  =    302.8589       216.5832    
   base_thbot,base_thtop =    302.0000       706.1763    
   base_qvbot,base_qvtop =   2.2012895E-02  3.1504803E-06
 
 Leaving BASE
 
   allocating 2d vars ... 
   allocating tau + etc ... 
   allocating u,v,w ... 
   allocating p,th ... 
   allocating qa,q3d,qten ... 
   allocating k,tke ... 
   allocating pbl arrays ... 
   allocating mynn arrays ... 
   allocating rad vars ... 
   rbufsz,nrad2d =            1          10
   allocating sfc vars ... 
   allocating dat vars ... 
   allocating parcel vars ... 
   allocating misc vars ... 
 
 Inside INIT3D
 
   seed_size =            2
   rand-1 =   0.6776101    
   amplitude =            1  0.1000000    
   amplitude =            2  7.9999998E-02
   amplitude =            3  6.0000002E-02
   amplitude =            4  4.0000003E-02
   amplitude =            5  2.0000003E-02
 
 Leaving INIT3D
 
   allocating diagnostic arrays: 
 
       tdiag ... 
       qdiag ... 
       udiag ... 
       vdiag ... 
       wdiag ... 
       kdiag ... 
       pdiag ... 
 
 stat_out =          135
 
   p_top =    1590.979    
   jday =          152
   rrtmg_lwinit 
   calling rrtmg_lwlookuptable 
   calling rrtmg_lw_ini, cp,grv =    1005.700       9.810000    
   rrtmg_swinit 
   calling rrtmg_swlookuptable 
   calling rrtmg_sw_ini, cp,grv =    1005.700       9.810000    
   done rrtmg init 
 
   Settings used in this simulation:
   isfcflx  =            1
   bbc      =            3
   dosfcflx =  T
 
 
       allocating turb arrays ... 
   ... done with major memory allocations 
 
 Inside GETSET
 
 
   getting prs,rho 
 
 
   Getting mass1 
 
 
   mass1 =    10579742.6771264     
 
 
   setting initial ppx 
 
 
 Leaving GETSET
   cflmax =    1.293750    
   ksmax  =   0.0000000E+00
 
 -------------Done with Preprocessors-----------
 
 
 Entering RADIATION_DRIVER 
   solcon =    650.8300    
   coszen =   0.6360782      0.6360782    
   albd   =   7.9999998E-02  7.9999998E-02
   rrtmg_lwrad 
   co2 =   3.8774958E-04
   rrtmg_swrad 
   co2 =   3.8774958E-04
 Leaving RADIATION_DRIVER 
 
 
   initial conditions:
 
  WMAX  :   0.00000        1    1    1    WMIN  :   0.00000        1    1    1
  UMAX  :   11.9430        1    1    9    UMIN  :  -43.1250        1    1   41
  SUMAX :   8.08330        1    1    1    SUMIN :   8.08330        1    1    1
  VMAX  :   0.00000        1    1    1    VMIN  :   0.00000        1    1    1
  SVMAX :   0.00000        1    1    1    SVMIN :   0.00000        1    1    1
  PPIMAX:   0.00000        1    1    1    PPIMIN:   0.00000        1    1    1
  PPMAX :   0.00000        1    1    1    PPMIN :   0.00000        1    1    1
  THPMAX:  0.999993E-01  516  255    1    THPMIN: -0.100000       67  414    1
  STHPMX:  0.999993E-01  516  255    1    STHPMN: -0.100000       67  414    1
  MAXqv :  0.218540E-01    1    1    1    MINqv :  0.300374E-05    1    1   42
  MAXqc :   0.00000        1    1    1    MINqc :   0.00000        1    1    1
  MAXqr :   0.00000        1    1    1    MINqr :   0.00000        1    1    1
  MAXqi :   0.00000        1    1    1    MINqi :   0.00000        1    1    1
  MAXqs :   0.00000        1    1    1    MINqs :   0.00000        1    1    1
  MAXqg :   0.00000        1    1    1    MINqg :   0.00000        1    1    1
  MAXnci:   0.00000        1    1    1    MINnci:   0.00000        1    1    1
  MAXncs:   0.00000        1    1    1    MINncs:   0.00000        1    1    1
  MAXncr:   0.00000        1    1    1    MINncr:   0.00000        1    1    1
  MAXncg:   0.00000        1    1    1    MINncg:   0.00000        1    1    1
  PRATMX:   0.00000        1    1    1    PRATMN:   0.00000        1    1    1
  KMHMAX:   0.00000        1    1    1    KMHMIN:   0.00000        1    1    1
  KMVMAX:   11.1056       44  433    4    KMVMIN:   0.00000        1    1   66
  KHHMAX:   0.00000        1    1    1    KHHMIN:   0.00000        1    1    1
  KHVMAX:   11.1056       44  433    4    KHVMIN:   0.00000        1    1   66
  DIVMAX:   0.00000        1    1    1    DIVMIN:   0.00000        1    1    1
  RHMAX :  0.860869        1    1    8    RHMIN :  0.299613E-02    1    1   65
  RHIMAX:  0.842364        1    1   33    RHIMIN:  0.530235E-02    1    1   65
  THEMAX:   367.274      369   51    1    THEMIN:   319.107        1    1   19
  STHEMX:   367.274      369   51    1    STHEMN:   367.033      176   15    1
  QCTOP :      0.000000    1    1    1    QCBOT :      0.000000    1    1    1
  SFPMAX:   100719.        1    1    1    SFPMIN:   100719.        1    1    1
  PSFCMX:   101000.        1    1    1    PSFCMN:   101000.        1    1    1
  WSPMAX:   43.1250        1    1   41    WSPMIN:  0.441522        1    1   16
  SWSPMX:   8.08330        1    1    1    SWSPMN:   8.08330        1    1    1
  10MWMX:   7.49488        1    1    1    10MWMN:   7.49488        1    1    1
  HPBLMX:   757.573      369   51    1    HPBLMN:   618.882      233   78    1
  CFLMAX:      1.000000    1    1   41
  KSHMAX:   0.00000        0    0    0
  KSVMAX:  0.161676E-01  288  400    3
  VORSFC:  0.000000E+00
  VOR1KM:  0.000000E+00
  VOR2KM:  0.000000E+00
  VOR3KM:  0.000000E+00
  VOR4KM:  0.000000E+00
  VOR5KM:  0.000000E+00
  TMASS :  0.132247E+16
  TMOIS :  0.569072E+13
  qv MAS:  0.569072E+13
  qc MAS:  0.000000E+00
  qr MAS:  0.000000E+00
  qi MAS:  0.000000E+00
  qs MAS:  0.000000E+00
  qg MAS:  0.000000E+00
  TENERG:  0.343480E+21
  TMU   : -0.604868E+16
  TMV   :  0.000000E+00
  TMW   :  0.000000E+00
  TMFU  :  0.000000E+00
  TMFD  :  0.000000E+00
  tcond :  0.000000E+00
  tevac :  0.000000E+00
  tauto :  0.000000E+00
  taccr :  0.000000E+00
  tevar :  0.000000E+00
  train :  0.000000E+00
  erain :  0.000000E+00
  qsfc  :  0.324587E+08
  esfc  :  0.000000E+00
  erad  :  0.000000E+00
  asqv  :  0.000000E+00
  asqc  :  0.000000E+00
  asqr  :  0.000000E+00
  asqi  :  0.000000E+00
  asqs  :  0.000000E+00
  asqg  :  0.000000E+00
  asnci :  0.000000E+00
  asncs :  0.000000E+00
  asncr :  0.000000E+00
  asncg :  0.000000E+00
  bsqv  :  0.000000E+00
  bsqc  :  0.000000E+00
  bsqr  :  0.000000E+00
  bsqi  :  0.000000E+00
  bsqs  :  0.000000E+00
  bsqg  :  0.000000E+00
  bsnci :  0.000000E+00
  bsncs :  0.000000E+00
  bsncr :  0.000000E+00
  bsncg :  0.000000E+00
 cm1out_stats.ctl                                                               
                                          
   next stattim =    3600.00000000000     
             0              0.000000 day 
   Entering writeout ... 
   nwrite =            1
   nloop =            1
   Opening cm1out_000001_s.dat
          51           1 rain
          51           2 prate
          51           3 sws
          51           4 svs
          51           5 sps
          51           6 srs
          51           7 sgs
          51           8 sus
          51           9 shs
          51          10 thflux
          51          11 qvflux
          51          12 tsk
          51          13 cd
          51          14 ch
          51          15 cq
          51          16 tlh
          51          17 psfc
          51          18 cref
          51          19 xland
          51          20 lu
          51          21 mavail
          51          22 hfx
          51          23 qfx
          51          24 lwupt
          51          25 lwdnt
          51          26 lwupb
          51          27 lwdnb
          51          28 swupt
          51          29 swdnt
          51          30 swupb
          51          31 swdnb
          51          32 lwcf
          51          33 swcf
          51          34 coszen
          51          35 u10
          51          36 v10
          51          37 s10
          51          38 t2
          51          39 q2
          51          40 znt
          51          41 ust
          51          42 stau
          51          43 tst
          51          44 qst
          51          45 hpbl
          51          46 zol
          51          47 mol
          51          48 br
          51          49 brcr
          51          50 wstar
          51          51 psim
          51          52 psih
          51          53 psiq
          51          54 fm
          51          55 fh
          51          56 qsfc
          51          57 wspd
          51          58 cwp
          51          59 lwp
          51          60 pwat
          51          61 cape
          51          62 cin
          51          63 lcl
          51          64 lfc
          51          65 th
          51          66 prs
          51          67 qv
          51          68 qc
          51          69 qr
          51          70 qi
          51          71 qs
          51          72 qg
          51          73 nci
          51          74 ncs
          51          75 ncr
          51          76 ncg
          51          77 dbz
          51          78 uinterp
          51          79 vinterp
          51          80 winterp
          51          81 swten
          51          82 lwten
          51          83 cldfra
   Opening cm1out_000001_u.dat
          52          84 u
   Opening cm1out_000001_v.dat
          53          85 v
   Opening cm1out_000001_w.dat
          54          86 w
          54          87 kmh
          54          88 kmv
          54          89 khh
          54          90 khv
 
 Done Writing Data to File 
 
 
   sout2d =           64
   sout3d =           19
   n_out  =           90
   s_out  =           83
   u_out  =            1
   v_out  =            1
   w_out  =            5
   z_out  =            0
 
 cm1out_s.ctl                                                                   
                                          
 cm1out_u.ctl                                                                   
                                          
 cm1out_v.ctl                                                                   
                                          
 cm1out_w.ctl                                                                   
                                          
   ... leaving writeout 
   next taptim =    86400.0000000000     
 
  ..... begin domaindiag code ..... 
 
   nwritet =            1
 cm1out_diag_000001_s.dat                                                       
                                          
 cm1out_diag_000001_w.dat                                                       
                                          
   wloop =            1
           1 mtime
           2 nstep
           3 umove
           4 vmove
           5 domainlocx
           6 domainlocy
           7 ust
           8 stau
           9 znt
          10 tsk
          11 psfc
          12 qsfc
          13 thflux
          14 qvflux
          15 hfx
          16 qfx
          17 u10
          18 v10
          19 s10
          20 t2
          21 q2
          22 th2
          23 cd
          24 ch
          25 cq
          26 hpbl
          27 wspd
          28 zol
          29 br
          30 brcr
          31 phim
          32 phih
          33 psim
          34 psih
          35 tst
          36 qst
          37 mol
          38 rain
          39 prate
          40 cwp
          41 rwp
          42 lwp
          43 pwat
          44 spwr
          45 fwp
          46 iwp
          47 swp
          48 gwp
          49 tcwp
          50 cwpvar
          51 rwpvar
          52 lwpvar
          53 qcfrac_col
          54 qrfrac_col
          55 qlfrac_col
          56 qifrac_col
          57 qtfrac_col
          58 qcb
          59 qrb
          60 qlb
          61 qcbvar
          62 qrbvar
          63 qlbvar
          64 qct
          65 qrt
          66 qlt
          67 qctvar
          68 qrtvar
          69 qltvar
          70 lwupt
          71 lwdnt
          72 lwupb
          73 lwdnb
          74 swupt
          75 swdnt
          76 swupb
          77 swdnb
          78 lwuptc
          79 lwdntc
          80 lwupbc
          81 lwdnbc
          82 swuptc
          83 swdntc
          84 swupbc
          85 swdnbc
          86 lwcf
          87 swcf
          88 cape
          89 cin
          90 lcl
          91 lfc
          92 zmelt
          93 pmelt
          94 s u
          95 w uinterp
          96 s v
          97 w vinterp
          98 w w
          99 s th
         100 w thinterp
         101 s t
         102 s prs
         103 w prsinterp
         104 s rho
         105 w rhointerp
         106 s ppi
         107 s qv
         108 s qc
         109 s qr
         110 s qi
         111 s qs
         112 s qg
         113 s nci
         114 s ncs
         115 s ncr
         116 s ncg
         117 s shv
         118 s shc
         119 s shr
         120 s shi
         121 s shs
         122 s shg
         123 s qliq
         124 s qice
         125 s qt
         126 s dbz
         127 s fc
         128 s fr
         129 s fi
         130 s fs
         131 s fg
         132 s precc
         133 s precr
         134 s preci
         135 s precs
         136 s precg
         137 s prec
         138 s qcfrac
         139 s qrfrac
         140 s qlfrac
         141 s qifrac
         142 s qtfrac
         143 s clw
         144 s cli
         145 s plw
         146 s pli
         147 s thv
         148 s brz
         149 s thl
         150 s the
         151 s rh
         152 s rhi
         153 w dissten
         154 w epst
         155 w nm
         156 w defh
         157 w defv
         158 w kmh
         159 w kmv
         160 w khh
         161 w khv
         162 w pr
         163 w rinum
         164 w grdscl
         165 s wsp
         166 w wspinterp
         167 s wspan
         168 s wspa
         169 s sdwsp
         170 s o3
         171 s swten
         172 s lwten
         173 s swtenc
         174 s lwtenc
         175 s cldfra
         176 s effc
         177 s effr
         178 s effs
         179 s effi
         180 s effg
         181 s effis
         182 w ndws
         183 w ndws2
         184 w dtdz
         185 w dudz
         186 w dvdz
         187 w dsdz
         188 w dqvdz
         189 s ug
         190 s vg
         191 s u0
         192 s v0
         193 s upup
         194 s upupup
         195 s vpvp
         196 s vpvpvp
         197 s wpwp
         198 s upvp
         199 s upwp
         200 s vpwp
         201 s thvarr
         202 w thvarrinterp
         203 s tptptp
         204 s uptp
         205 s vptp
         206 s thvvarr
         207 s thlvarr
         208 s qvvarr
         209 s qpqpqp
         210 s qlvarr
         211 s qtvarr
         212 s wpwptp
         213 s wptptp
         214 w upup_w
         215 w vpvp_w
         216 w wpwp_w
         217 w upvp_w
         218 w upwp_w
         219 w vpwp_w
         220 w wpwpwp
         221 w wpupup
         222 w wpvpvp
         223 w ufr
         224 w ufs
         225 w ufd
         226 w vfr
         227 w vfs
         228 w vfd
         229 w thfr
         230 w thfs
         231 w thfd
         232 w thvfr
         233 w thvfs
         234 w thvfd
         235 w thlfr
         236 w thlfs
         237 w thlfd
         238 w qvfr
         239 w qvfs
         240 w qvfd
         241 w qlfr
         242 w qlfs
         243 w qlfd
         244 w qtfr
         245 w qtfs
         246 w qtfd
         247 s ptb_vturbr
         248 s ptb_vturbs
         249 s ptb_vturbd
         250 s ptb_frc
         251 s qvb_vturbr
         252 s qvb_vturbs
         253 s qvb_vturbd
         254 s qvb_frc
         255 s ub_vturbr
         256 s ub_vturbs
         257 s ub_vturbd
         258 s ub_lspg
         259 s ub_frc
         260 s vb_vturbr
         261 s vb_vturbs
         262 s vb_vturbd
         263 s vb_lspg
         264 s vb_frc
         265 s rtke
         266 w rtke_w
         267 w wprof
         268 w wmax
         269 w wmin
         270 s tmfu
         271 s tmfd
         272 s wspmax
         273 s wspmin
         274 s zetamax
         275 s zetamin
         276 wvar_max
         277 wstar
         278 fbmin
         279 zfbmin
 
  ..... end domaindiag code ..... 
 
   next diagtim =    3600.00000000000     
 cflmax,ksmax,dt,nsound:  1.0000  0.0007    11.5942   14
   k,zf,lvz:  znt =   8.4924301E-05
           2   50.00000       19.32473    
           3   123.6842       41.29788    
           4   221.0526       57.19583    
           5   342.1053       65.76954    
           6   486.8421       69.98872    
           7   655.2631       72.10609    
           8   847.3685       73.22871    
           9   1063.158       73.86015    
          10   1302.632       74.23492    
          11   1565.789       74.46798    
          12   1852.632       74.61882    
          13   2163.158       74.71983    
          14   2497.368       74.78951    
          15   2855.263       74.83881    
          16   3236.842       74.87448    
          17   3642.105       74.90081    
          18   4071.053       74.92058    
          19   4523.684       74.93566    
          20   5000.000       74.94732    
          21   5500.000       74.95646    
          22   6000.000       74.96341    
          23   6500.000       74.96882    
          24   7000.000       74.97311    
          25   7500.000       74.97658    
          26   8000.000       74.97941    
          27   8500.000       74.98176    
          28   9000.000       74.98373    
          29   9500.000       74.98540    
          30   10000.00       74.98682    
          31   10500.00       74.98804    
          32   11000.00       74.98911    
          33   11500.00       74.99003    
          34   12000.00       74.99084    
          35   12500.00       74.99156    
          36   13000.00       74.99220    
          37   13500.00       74.99277    
          38   14000.00       74.99327    
          39   14500.00       74.99373    
          40   15000.00       74.99414    
          41   15500.00       74.99451    
          42   16000.00       74.99485    
          43   16500.00       74.99516    
          44   17000.00       74.99544    
          45   17500.00       74.99570    
          46   18000.00       74.99593    
          47   18500.00       74.99615    
          48   19000.00       74.99635    
          49   19500.00       74.99653    
          50   20000.00       74.99670    
          51   20500.00       74.99686    
          52   21000.00       74.99701    
          53   21500.00       74.99715    
          54   22000.00       74.99728    
          55   22500.00       74.99740    
          56   23000.00       74.99751    
          57   23500.00       74.99761    
          58   24000.00       74.99771    
          59   24500.00       74.99780    
          60   25000.00       74.99789    
          61   25500.00       74.99797    
          62   26000.00       74.99805    
          63   26500.00       74.99812    
          64   27000.00       74.99819    
          65   27500.00       74.99825    
             1              0.000134 day 
 cflmax,ksmax,dt,nsound:  1.0000  0.0008    11.5942   14
             2              0.000268 day 
 cflmax,ksmax,dt,nsound:  1.0000  0.0007    11.5942   14
             3              0.000403 day 
 cflmax,ksmax,dt,nsound:  1.0000  0.0007    11.5942   14
             4              0.000537 day 
 cflmax,ksmax,dt,nsound:  1.0000  0.0007    11.5942   14
             5              0.000671 day 
 cflmax,ksmax,dt,nsound:  1.0000  0.0006    11.5942   14
             6              0.000805 day 
 cflmax,ksmax,dt,nsound:  1.0000  0.0006    11.5942   14
             7              0.000939 day 
 cflmax,ksmax,dt,nsound:  1.0000  0.0006    11.5941   14
             8              0.001074 day 
 cflmax,ksmax,dt,nsound:  1.0000  0.0006    11.5941   14
             9              0.001208 day 
 cflmax,ksmax,dt,nsound:  1.0000  0.0006    11.5941   14
            10              0.001342 day 
 cflmax,ksmax,dt,nsound:  1.0000  0.0006    11.5941   14
            11              0.001476 day 
 cflmax,ksmax,dt,nsound:  1.0000  0.0006    11.5941   14
            12              0.001610 day 
 cflmax,ksmax,dt,nsound:  1.0000  0.0006    11.5941   14
            13              0.001744 day 
 cflmax,ksmax,dt,nsound:  1.0000  0.0005    11.5941   14
            14              0.001879 day 
 cflmax,ksmax,dt,nsound:  1.0000  0.0005    11.5941   14
            15              0.002013 day 
 cflmax,ksmax,dt,nsound:  1.0000  0.0005    11.5941   14
            16              0.002147 day 
 cflmax,ksmax,dt,nsound:  1.0000  0.0006    11.5941   14
            17              0.002281 day 
 cflmax,ksmax,dt,nsound:  1.0000  0.0005    11.5941   14
            18              0.002415 day 
 cflmax,ksmax,dt,nsound:  1.0000  0.0005    11.5941   14
            19              0.002550 day 
 cflmax,ksmax,dt,nsound:  1.0000  0.0005    11.5941   14
            20              0.002684 day 
 cflmax,ksmax,dt,nsound:  1.0000  0.0005    11.5940   14
            21              0.002818 day 
 cflmax,ksmax,dt,nsound:  1.0000  0.0005    11.5940   14
            22              0.002952 day 
 cflmax,ksmax,dt,nsound:  1.0000  0.0006    11.5940   14
            23              0.003086 day 
 cflmax,ksmax,dt,nsound:  1.0000  0.0005    11.5940   14
            24              0.003221 day 
 cflmax,ksmax,dt,nsound:  1.0000  0.0005    11.5940   14
            25              0.003355 day 
   dorad =  T
 cflmax,ksmax,dt,nsound:  1.0000  0.0005    11.5940   14
 
 Entering RADIATION_DRIVER 
   rrtmg_lwrad 
   rrtmg_swrad 
 Leaving RADIATION_DRIVER 
 
            26              0.003489 day 
 cflmax,ksmax,dt,nsound:  1.0000  0.0005    11.5940   14
            27              0.003623 day 
 cflmax,ksmax,dt,nsound:  1.0000  0.0005    11.5940   14
            28              0.003757 day 
 cflmax,ksmax,dt,nsound:  1.0000  0.0005    11.5940   14
            29              0.003892 day 
 cflmax,ksmax,dt,nsound:  1.0000  0.0005    11.5940   14
            30              0.004026 day 
 cflmax,ksmax,dt,nsound:  1.0000  0.0004    11.5940   14
            31              0.004160 day 
 cflmax,ksmax,dt,nsound:  1.0000  0.0005    11.5940   14
            32              0.004294 day 
 cflmax,ksmax,dt,nsound:  1.0000  0.0005    11.5940   14
            33              0.004428 day 
 cflmax,ksmax,dt,nsound:  1.0000  0.0005    11.5939   14
            34              0.004562 day 
 cflmax,ksmax,dt,nsound:  1.0000  0.0004    11.5939   14
            35              0.004697 day 
 cflmax,ksmax,dt,nsound:  1.0000  0.0004    11.5939   14
            36              0.004831 day 
 cflmax,ksmax,dt,nsound:  1.0000  0.0004    11.5939   14
            37              0.004965 day 
 cflmax,ksmax,dt,nsound:  1.0000  0.0004    11.5939   14
            38              0.005099 day 
 cflmax,ksmax,dt,nsound:  1.0000  0.0004    11.5939   14
            39              0.005233 day 
 cflmax,ksmax,dt,nsound:  1.0000  0.0004    11.5939   14
            40              0.005368 day 
 cflmax,ksmax,dt,nsound:  1.0000  0.0004    11.5939   14
            41              0.005502 day 
 cflmax,ksmax,dt,nsound:  1.0000  0.0004    11.5939   14
            42              0.005636 day 
 cflmax,ksmax,dt,nsound:  1.0000  0.0004    11.5939   14
            43              0.005770 day 
 cflmax,ksmax,dt,nsound:  1.0000  0.0004    11.5939   14
            44              0.005904 day 
 cflmax,ksmax,dt,nsound:  1.0000  0.0004    11.5939   14
            45              0.006039 day 
 cflmax,ksmax,dt,nsound:  1.0000  0.0004    11.5939   14
            46              0.006173 day 
 cflmax,ksmax,dt,nsound:  1.0000  0.0004    11.5938   14
            47              0.006307 day 
 cflmax,ksmax,dt,nsound:  1.0000  0.0004    11.5938   14
            48              0.006441 day 
 cflmax,ksmax,dt,nsound:  1.0000  0.0004    11.5938   14
            49              0.006575 day 
 cflmax,ksmax,dt,nsound:  1.0000  0.0004    11.5938   14
            50              0.006709 day 
 cflmax,ksmax,dt,nsound:  1.0000  0.0004    11.5938   14
            51              0.006844 day 
   dorad =  T
 cflmax,ksmax,dt,nsound:  1.0000  0.0004    11.5938   14
 
 Entering RADIATION_DRIVER 
   rrtmg_lwrad 
   rrtmg_swrad 
 Leaving RADIATION_DRIVER 
 
            52              0.006978 day 
 cflmax,ksmax,dt,nsound:  1.0000  0.0004    11.5938   14
            53              0.007112 day 
 cflmax,ksmax,dt,nsound:  1.0000  0.0004    11.5938   14
            54              0.007246 day 
 cflmax,ksmax,dt,nsound:  1.0000  0.0003    11.5938   14
            55              0.007380 day 
 cflmax,ksmax,dt,nsound:  1.0000  0.0004    11.5938   14
            56              0.007515 day 
 cflmax,ksmax,dt,nsound:  1.0000  0.0004    11.5938   14
            57              0.007649 day 
 cflmax,ksmax,dt,nsound:  1.0000  0.0004    11.5938   14
            58              0.007783 day 
 cflmax,ksmax,dt,nsound:  1.0000  0.0004    11.5938   14
            59              0.007917 day 
 cflmax,ksmax,dt,nsound:  1.0000  0.0003    11.5937   14
            60              0.008051 day 
 cflmax,ksmax,dt,nsound:  1.0000  0.0003    11.5937   14
            61              0.008186 day 
 cflmax,ksmax,dt,nsound:  1.0000  0.0004    11.5937   14
            62              0.008320 day 
 cflmax,ksmax,dt,nsound:  1.0000  0.0004    11.5937   14
            63              0.008454 day 
 cflmax,ksmax,dt,nsound:  1.0000  0.0003    11.5937   14
            64              0.008588 day 
 cflmax,ksmax,dt,nsound:  1.0000  0.0003    11.5937   14
            65              0.008722 day 
 cflmax,ksmax,dt,nsound:  1.0000  0.0003    11.5937   14
            66              0.008856 day 
 cflmax,ksmax,dt,nsound:  1.0000  0.0004    11.5937   14
            67              0.008991 day 
 cflmax,ksmax,dt,nsound:  1.0000  0.0004    11.5936   14
            68              0.009125 day 
 cflmax,ksmax,dt,nsound:  1.0000  0.0003    11.5936   14
            69              0.009259 day 
 cflmax,ksmax,dt,nsound:  1.0000  0.0003    11.5936   14
            70              0.009393 day 
 cflmax,ksmax,dt,nsound:  1.0000  0.0003    11.5936   14
            71              0.009527 day 
 cflmax,ksmax,dt,nsound:  1.0000  0.0003    11.5936   14
            72              0.009662 day 
 cflmax,ksmax,dt,nsound:  1.0000  0.0003    11.5936   14
            73              0.009796 day 
 cflmax,ksmax,dt,nsound:  1.0000  0.0003    11.5936   14
            74              0.009930 day 
 cflmax,ksmax,dt,nsound:  1.0000  0.0003    11.5936   14
            75              0.010064 day 
 cflmax,ksmax,dt,nsound:  1.0000  0.0003    11.5936   14
            76              0.010198 day 
 cflmax,ksmax,dt,nsound:  1.0000  0.0003    11.5936   14
            77              0.010333 day 
   dorad =  T
 cflmax,ksmax,dt,nsound:  1.0000  0.0003    11.5936   14
 
 Entering RADIATION_DRIVER 
   rrtmg_lwrad 
   rrtmg_swrad 
 Leaving RADIATION_DRIVER 
 
            78              0.010467 day 
 cflmax,ksmax,dt,nsound:  1.0000  0.0003    11.5936   14
            79              0.010601 day 
 cflmax,ksmax,dt,nsound:  1.0000  0.0003    11.5935   14
            80              0.010735 day 
 cflmax,ksmax,dt,nsound:  1.0000  0.0003    11.5935   14
            81              0.010869 day 
 cflmax,ksmax,dt,nsound:  1.0000  0.0003    11.5935   14
            82              0.011003 day 
 cflmax,ksmax,dt,nsound:  1.0000  0.0003    11.5935   14
            83              0.011138 day 
 cflmax,ksmax,dt,nsound:  1.0000  0.0004    11.5935   14
            84              0.011272 day 
 cflmax,ksmax,dt,nsound:  1.0000  0.0004    11.5935   14
            85              0.011406 day 
 cflmax,ksmax,dt,nsound:  1.0000  0.0004    11.5935   14
            86              0.011540 day 
 cflmax,ksmax,dt,nsound:  1.0000  0.0003    11.5935   14
            87              0.011674 day 
 cflmax,ksmax,dt,nsound:  1.0000  0.0003    11.5935   14
            88              0.011809 day 
 cflmax,ksmax,dt,nsound:  1.0000  0.0004    11.5935   14
            89              0.011943 day 
 cflmax,ksmax,dt,nsound:  1.0000  0.0004    11.5935   14
            90              0.012077 day 
 cflmax,ksmax,dt,nsound:  1.0000  0.0004    11.5935   14
            91              0.012211 day 
 cflmax,ksmax,dt,nsound:  1.0000  0.0004    11.5935   14
            92              0.012345 day 
 cflmax,ksmax,dt,nsound:  1.0000  0.0004    11.5934   14
            93              0.012479 day 
 cflmax,ksmax,dt,nsound:  1.0000  0.0004    11.5934   14
            94              0.012614 day 
 cflmax,ksmax,dt,nsound:  1.0000  0.0004    11.5934   14
            95              0.012748 day 
 cflmax,ksmax,dt,nsound:  1.0000  0.0004    11.5934   14
            96              0.012882 day 
 cflmax,ksmax,dt,nsound:  1.0000  0.0004    11.5934   14
            97              0.013016 day 
 cflmax,ksmax,dt,nsound:  1.0000  0.0004    11.5934   14
            98              0.013150 day 
 cflmax,ksmax,dt,nsound:  1.0000  0.0004    11.5934   14
            99              0.013285 day 
 cflmax,ksmax,dt,nsound:  1.0000  0.0004    11.5934   14
           100              0.013419 day 
 cflmax,ksmax,dt,nsound:  1.0000  0.0004    11.5934   14
           101              0.013553 day 
 cflmax,ksmax,dt,nsound:  1.0000  0.0004    11.5934   14
           102              0.013687 day 
 cflmax,ksmax,dt,nsound:  1.0000  0.0004    11.5934   14
           103              0.013821 day 
   dorad =  T
 cflmax,ksmax,dt,nsound:  1.0000  0.0004    11.5934   14
 
 Entering RADIATION_DRIVER 
   rrtmg_lwrad 
   rrtmg_swrad 
 Leaving RADIATION_DRIVER 
 
           104              0.013955 day 
 cflmax,ksmax,dt,nsound:  1.0000  0.0004    11.5934   14
           105              0.014090 day 
 cflmax,ksmax,dt,nsound:  1.0000  0.0004    11.5933   14
           106              0.014224 day 
 cflmax,ksmax,dt,nsound:  1.0000  0.0004    11.5933   14
           107              0.014358 day 
 cflmax,ksmax,dt,nsound:  1.0000  0.0004    11.5933   14
           108              0.014492 day 
 cflmax,ksmax,dt,nsound:  1.0000  0.0004    11.5933   14
           109              0.014626 day 
 cflmax,ksmax,dt,nsound:  1.0000  0.0004    11.5933   14
           110              0.014761 day 
 cflmax,ksmax,dt,nsound:  1.0000  0.0004    11.5933   14
           111              0.014895 day 
 cflmax,ksmax,dt,nsound:  1.0000  0.0004    11.5933   14
           112              0.015029 day 
 cflmax,ksmax,dt,nsound:  1.0000  0.0004    11.5933   14
           113              0.015163 day 
 cflmax,ksmax,dt,nsound:  1.0000  0.0004    11.5933   14
           114              0.015297 day 
 cflmax,ksmax,dt,nsound:  1.0000  0.0004    11.5933   14
           115              0.015431 day 
 cflmax,ksmax,dt,nsound:  1.0000  0.0004    11.5933   14
           116              0.015566 day 
 cflmax,ksmax,dt,nsound:  1.0000  0.0004    11.5933   14
           117              0.015700 day 
 cflmax,ksmax,dt,nsound:  1.0000  0.0004    11.5933   14
           118              0.015834 day 
 cflmax,ksmax,dt,nsound:  1.0000  0.0004    11.5933   14
           119              0.015968 day 
 cflmax,ksmax,dt,nsound:  1.0000  0.0004    11.5932   14
           120              0.016102 day 
 cflmax,ksmax,dt,nsound:  1.0000  0.0004    11.5932   14
           121              0.016237 day 
 cflmax,ksmax,dt,nsound:  1.0000  0.0004    11.5932   14
           122              0.016371 day 
 cflmax,ksmax,dt,nsound:  1.0000  0.0004    11.5932   14
           123              0.016505 day 
 cflmax,ksmax,dt,nsound:  1.0000  0.0004    11.5932   14
           124              0.016639 day 
 cflmax,ksmax,dt,nsound:  1.0000  0.0004    11.5932   14
           125              0.016773 day 
 cflmax,ksmax,dt,nsound:  1.0000  0.0004    11.5932   14
           126              0.016907 day 
 cflmax,ksmax,dt,nsound:  1.0000  0.0004    11.5932   14
           127              0.017042 day 
 cflmax,ksmax,dt,nsound:  1.0000  0.0004    11.5932   14
           128              0.017176 day 
 cflmax,ksmax,dt,nsound:  1.0000  0.0004    11.5932   14
           129              0.017310 day 
   dorad =  T
 cflmax,ksmax,dt,nsound:  1.0000  0.0004    11.5932   14
 
 Entering RADIATION_DRIVER 
   rrtmg_lwrad 
   rrtmg_swrad 
 Leaving RADIATION_DRIVER 
 
           130              0.017444 day 
 cflmax,ksmax,dt,nsound:  1.0000  0.0004    11.5932   14
           131              0.017578 day 
 cflmax,ksmax,dt,nsound:  1.0000  0.0004    11.5932   14
           132              0.017713 day 
 cflmax,ksmax,dt,nsound:  1.0000  0.0004    11.5931   14
           133              0.017847 day 
 cflmax,ksmax,dt,nsound:  1.0000  0.0004    11.5931   14
           134              0.017981 day 
 cflmax,ksmax,dt,nsound:  1.0000  0.0004    11.5931   14
           135              0.018115 day 
 cflmax,ksmax,dt,nsound:  1.0000  0.0004    11.5931   14
           136              0.018249 day 
 cflmax,ksmax,dt,nsound:  1.0000  0.0004    11.5931   14
           137              0.018383 day 
 cflmax,ksmax,dt,nsound:  1.0000  0.0004    11.5931   14
           138              0.018518 day 
 cflmax,ksmax,dt,nsound:  1.0000  0.0004    11.5931   14
           139              0.018652 day 
 cflmax,ksmax,dt,nsound:  1.0000  0.0004    11.5931   14
           140              0.018786 day 
 cflmax,ksmax,dt,nsound:  1.0000  0.0004    11.5931   14
           141              0.018920 day 
 cflmax,ksmax,dt,nsound:  1.0000  0.0004    11.5931   14
           142              0.019054 day 
 cflmax,ksmax,dt,nsound:  1.0000  0.0004    11.5931   14
           143              0.019189 day 
 cflmax,ksmax,dt,nsound:  1.0000  0.0004    11.5931   14
           144              0.019323 day 
 cflmax,ksmax,dt,nsound:  1.0000  0.0004    11.5931   14
           145              0.019457 day 
 cflmax,ksmax,dt,nsound:  1.0000  0.0004    11.5930   14
           146              0.019591 day 
 cflmax,ksmax,dt,nsound:  1.0000  0.0004    11.5930   14
           147              0.019725 day 
 cflmax,ksmax,dt,nsound:  1.0000  0.0004    11.5930   14
           148              0.019859 day 
 cflmax,ksmax,dt,nsound:  1.0000  0.0004    11.5930   14
           149              0.019994 day 
 cflmax,ksmax,dt,nsound:  1.0000  0.0004    11.5930   14
           150              0.020128 day 
 cflmax,ksmax,dt,nsound:  1.0000  0.0004    11.5930   14
           151              0.020262 day 
 cflmax,ksmax,dt,nsound:  1.0000  0.0004    11.5930   14
           152              0.020396 day 
 cflmax,ksmax,dt,nsound:  1.0000  0.0004    11.5930   14
           153              0.020530 day 
 cflmax,ksmax,dt,nsound:  1.0000  0.0004    11.5930   14
           154              0.020664 day 
 cflmax,ksmax,dt,nsound:  1.0000  0.0004    11.5930   14
           155              0.020799 day 
   dorad =  T
 cflmax,ksmax,dt,nsound:  1.0000  0.0004    11.5930   14
 
 Entering RADIATION_DRIVER 
   rrtmg_lwrad 
   rrtmg_swrad 
 Leaving RADIATION_DRIVER 
 
           156              0.020933 day 
 cflmax,ksmax,dt,nsound:  1.0000  0.0004    11.5930   14
           157              0.021067 day 
 cflmax,ksmax,dt,nsound:  1.0000  0.0004    11.5930   14
           158              0.021201 day 
 cflmax,ksmax,dt,nsound:  1.0000  0.0004    11.5930   14
           159              0.021335 day 
 cflmax,ksmax,dt,nsound:  1.0000  0.0004    11.5929   14
           160              0.021470 day 
 cflmax,ksmax,dt,nsound:  1.0000  0.0004    11.5929   14
           161              0.021604 day 
 cflmax,ksmax,dt,nsound:  1.0000  0.0004    11.5929   14
           162              0.021738 day 
 cflmax,ksmax,dt,nsound:  1.0000  0.0004    11.5929   14
           163              0.021872 day 
 cflmax,ksmax,dt,nsound:  1.0000  0.0004    11.5929   14
           164              0.022006 day 
 cflmax,ksmax,dt,nsound:  1.0000  0.0004    11.5929   14
           165              0.022140 day 
 cflmax,ksmax,dt,nsound:  1.0000  0.0004    11.5929   14
           166              0.022275 day 
 cflmax,ksmax,dt,nsound:  1.0000  0.0004    11.5929   14
           167              0.022409 day 
 cflmax,ksmax,dt,nsound:  1.0000  0.0004    11.5929   14
           168              0.022543 day 
 cflmax,ksmax,dt,nsound:  1.0000  0.0004    11.5929   14
           169              0.022677 day 
 cflmax,ksmax,dt,nsound:  1.0000  0.0004    11.5929   14
           170              0.022811 day 
 cflmax,ksmax,dt,nsound:  1.0000  0.0004    11.5929   14
           171              0.022946 day 
 cflmax,ksmax,dt,nsound:  1.0000  0.0004    11.5929   14
           172              0.023080 day 
 cflmax,ksmax,dt,nsound:  1.0000  0.0004    11.5928   14
           173              0.023214 day 
 cflmax,ksmax,dt,nsound:  1.0000  0.0004    11.5928   14
           174              0.023348 day 
 cflmax,ksmax,dt,nsound:  1.0000  0.0004    11.5928   14
           175              0.023482 day 
 cflmax,ksmax,dt,nsound:  1.0000  0.0004    11.5928   14
           176              0.023616 day 
 cflmax,ksmax,dt,nsound:  1.0000  0.0004    11.5928   14
           177              0.023751 day 
 cflmax,ksmax,dt,nsound:  1.0000  0.0004    11.5928   14
           178              0.023885 day 
 cflmax,ksmax,dt,nsound:  1.0000  0.0004    11.5928   14
           179              0.024019 day 
 cflmax,ksmax,dt,nsound:  1.0000  0.0004    11.5928   14
           180              0.024153 day 
 cflmax,ksmax,dt,nsound:  1.0000  0.0004    11.5928   14
           181              0.024287 day 
   dorad =  T
 cflmax,ksmax,dt,nsound:  1.0000  0.0004    11.5928   14
 
 Entering RADIATION_DRIVER 
   rrtmg_lwrad 
   rrtmg_swrad 
 Leaving RADIATION_DRIVER 
 
           182              0.024421 day 
 cflmax,ksmax,dt,nsound:  1.0000  0.0004    11.5928   14
           183              0.024556 day 
 cflmax,ksmax,dt,nsound:  1.0000  0.0004    11.5928   14
           184              0.024690 day 
 cflmax,ksmax,dt,nsound:  1.0000  0.0004    11.5928   14
           185              0.024824 day 
 cflmax,ksmax,dt,nsound:  1.0000  0.0004    11.5927   14
           186              0.024958 day 
 cflmax,ksmax,dt,nsound:  1.0000  0.0004    11.5927   14
           187              0.025092 day 
 cflmax,ksmax,dt,nsound:  1.0000  0.0004    11.5927   14
           188              0.025226 day 
 cflmax,ksmax,dt,nsound:  1.0000  0.0004    11.5927   14
           189              0.025361 day 
 cflmax,ksmax,dt,nsound:  1.0000  0.0004    11.5927   14
           190              0.025495 day 
 cflmax,ksmax,dt,nsound:  1.0000  0.0004    11.5927   14
           191              0.025629 day 
 cflmax,ksmax,dt,nsound:  1.0000  0.0004    11.5927   14
           192              0.025763 day 
 cflmax,ksmax,dt,nsound:  1.0000  0.0004    11.5927   14
           193              0.025897 day 
 cflmax,ksmax,dt,nsound:  1.0000  0.0004    11.5927   14
           194              0.026032 day 
 cflmax,ksmax,dt,nsound:  1.0000  0.0004    11.5927   14
           195              0.026166 day 
 cflmax,ksmax,dt,nsound:  1.0000  0.0004    11.5927   14
           196              0.026300 day 
 cflmax,ksmax,dt,nsound:  1.0000  0.0004    11.5927   14
           197              0.026434 day 
 cflmax,ksmax,dt,nsound:  1.0000  0.0004    11.5927   14
           198              0.026568 day 
 cflmax,ksmax,dt,nsound:  1.0000  0.0004    11.5927   14
           199              0.026702 day 
 cflmax,ksmax,dt,nsound:  1.0000  0.0004    11.5926   14
           200              0.026837 day 
 cflmax,ksmax,dt,nsound:  1.0000  0.0004    11.5926   14
           201              0.026971 day 
 cflmax,ksmax,dt,nsound:  1.0000  0.0004    11.5926   14
           202              0.027105 day 
 cflmax,ksmax,dt,nsound:  1.0000  0.0004    11.5926   14
           203              0.027239 day 
 cflmax,ksmax,dt,nsound:  1.0000  0.0004    11.5926   14
           204              0.027373 day 
 cflmax,ksmax,dt,nsound:  1.0000  0.0004    11.5926   14
           205              0.027507 day 
 cflmax,ksmax,dt,nsound:  1.0000  0.0004    11.5926   14
           206              0.027642 day 
   dorad =  T
 cflmax,ksmax,dt,nsound:  1.0000  0.0004    11.5926   14
 
 Entering RADIATION_DRIVER 
   rrtmg_lwrad 
   rrtmg_swrad 
 Leaving RADIATION_DRIVER 
 
           207              0.027776 day 
 cflmax,ksmax,dt,nsound:  1.0000  0.0004    11.5926   14
           208              0.027910 day 
 cflmax,ksmax,dt,nsound:  1.0000  0.0004    11.5926   14
           209              0.028044 day 
 cflmax,ksmax,dt,nsound:  1.0000  0.0004    11.5926   14
           210              0.028178 day 
 cflmax,ksmax,dt,nsound:  1.0000  0.0004    11.5926   14
           211              0.028312 day 
 cflmax,ksmax,dt,nsound:  1.0000  0.0004    11.5926   14
           212              0.028447 day 
 cflmax,ksmax,dt,nsound:  1.0000  0.0004    11.5925   14
           213              0.028581 day 
 cflmax,ksmax,dt,nsound:  1.0000  0.0004    11.5925   14
           214              0.028715 day 
 cflmax,ksmax,dt,nsound:  1.0000  0.0004    11.5925   14
           215              0.028849 day 
 cflmax,ksmax,dt,nsound:  1.0000  0.0004    11.5925   14
           216              0.028983 day 
 cflmax,ksmax,dt,nsound:  1.0000  0.0004    11.5925   14
           217              0.029118 day 
 cflmax,ksmax,dt,nsound:  1.0000  0.0004    11.5925   14
           218              0.029252 day 
 cflmax,ksmax,dt,nsound:  1.0000  0.0004    11.5925   14
           219              0.029386 day 
 cflmax,ksmax,dt,nsound:  1.0000  0.0004    11.5925   14
           220              0.029520 day 
 cflmax,ksmax,dt,nsound:  1.0000  0.0005    11.5925   14
           221              0.029654 day 
 cflmax,ksmax,dt,nsound:  1.0000  0.0005    11.5925   14
           222              0.029788 day 
 cflmax,ksmax,dt,nsound:  1.0000  0.0005    11.5925   14
           223              0.029923 day 
 cflmax,ksmax,dt,nsound:  1.0000  0.0005    11.5925   14
           224              0.030057 day 
 cflmax,ksmax,dt,nsound:  1.0000  0.0004    11.5925   14
           225              0.030191 day 
 cflmax,ksmax,dt,nsound:  1.0000  0.0004    11.5924   14
           226              0.030325 day 
 cflmax,ksmax,dt,nsound:  1.0000  0.0004    11.5924   14
           227              0.030459 day 
 cflmax,ksmax,dt,nsound:  1.0000  0.0004    11.5924   14
           228              0.030593 day 
 cflmax,ksmax,dt,nsound:  1.0000  0.0005    11.5924   14
           229              0.030728 day 
 cflmax,ksmax,dt,nsound:  1.0000  0.0005    11.5924   14
           230              0.030862 day 
 cflmax,ksmax,dt,nsound:  1.0000  0.0005    11.5924   14
           231              0.030996 day 
 cflmax,ksmax,dt,nsound:  1.0000  0.0005    11.5924   14
           232              0.031130 day 
   dorad =  T
 cflmax,ksmax,dt,nsound:  1.0000  0.0005    11.5924   14
 
 Entering RADIATION_DRIVER 
   rrtmg_lwrad 
   rrtmg_swrad 
 Leaving RADIATION_DRIVER 
 
           233              0.031264 day 
 cflmax,ksmax,dt,nsound:  1.0000  0.0005    11.5924   14
           234              0.031398 day 
 cflmax,ksmax,dt,nsound:  1.0000  0.0005    11.5924   14
           235              0.031533 day 
 cflmax,ksmax,dt,nsound:  1.0000  0.0005    11.5924   14
           236              0.031667 day 
 cflmax,ksmax,dt,nsound:  1.0000  0.0005    11.5924   14
           237              0.031801 day 
 cflmax,ksmax,dt,nsound:  1.0000  0.0005    11.5924   14
           238              0.031935 day 
 cflmax,ksmax,dt,nsound:  1.0000  0.0005    11.5923   14
           239              0.032069 day 
 cflmax,ksmax,dt,nsound:  1.0000  0.0005    11.5923   14
           240              0.032203 day 
 cflmax,ksmax,dt,nsound:  1.0000  0.0005    11.5923   14
           241              0.032338 day 
 cflmax,ksmax,dt,nsound:  1.0000  0.0005    11.5923   14
           242              0.032472 day 
 cflmax,ksmax,dt,nsound:  1.0000  0.0005    11.5923   14
           243              0.032606 day 
 cflmax,ksmax,dt,nsound:  1.0000  0.0005    11.5923   14
           244              0.032740 day 
 cflmax,ksmax,dt,nsound:  1.0000  0.0005    11.5923   14
           245              0.032874 day 
 cflmax,ksmax,dt,nsound:  1.0000  0.0005    11.5923   14
           246              0.033009 day 
 cflmax,ksmax,dt,nsound:  1.0000  0.0005    11.5923   14
           247              0.033143 day 
 cflmax,ksmax,dt,nsound:  1.0000  0.0005    11.5923   14
           248              0.033277 day 
 cflmax,ksmax,dt,nsound:  1.0000  0.0005    11.5923   14
           249              0.033411 day 
 cflmax,ksmax,dt,nsound:  1.0000  0.0005    11.5922   14
           250              0.033545 day 
 cflmax,ksmax,dt,nsound:  1.0000  0.0005    11.5922   14
           251              0.033679 day 
 cflmax,ksmax,dt,nsound:  1.0000  0.0005    11.5922   14
           252              0.033814 day 
 cflmax,ksmax,dt,nsound:  1.0000  0.0005    11.5922   14
           253              0.033948 day 
 cflmax,ksmax,dt,nsound:  1.0000  0.0005    11.5922   14
           254              0.034082 day 
 cflmax,ksmax,dt,nsound:  1.0000  0.0005    11.5922   14
           255              0.034216 day 
 cflmax,ksmax,dt,nsound:  1.0000  0.0005    11.5922   14
           256              0.034350 day 
 cflmax,ksmax,dt,nsound:  1.0000  0.0005    11.5922   14
           257              0.034484 day 
 cflmax,ksmax,dt,nsound:  1.0000  0.0005    11.5922   14
           258              0.034619 day 
   dorad =  T
 cflmax,ksmax,dt,nsound:  1.0000  0.0005    11.5922   14
 
 Entering RADIATION_DRIVER 
   rrtmg_lwrad 
   rrtmg_swrad 
 Leaving RADIATION_DRIVER 
 
           259              0.034753 day 
 cflmax,ksmax,dt,nsound:  1.0000  0.0005    11.5922   14
           260              0.034887 day 
 cflmax,ksmax,dt,nsound:  1.0000  0.0005    11.5922   14
           261              0.035021 day 
 cflmax,ksmax,dt,nsound:  1.0000  0.0005    11.5921   14
           262              0.035155 day 
 cflmax,ksmax,dt,nsound:  1.0000  0.0005    11.5921   14
           263              0.035289 day 
 cflmax,ksmax,dt,nsound:  1.0000  0.0005    11.5921   14
           264              0.035424 day 
 cflmax,ksmax,dt,nsound:  1.0000  0.0005    11.5921   14
           265              0.035558 day 
 cflmax,ksmax,dt,nsound:  1.0000  0.0005    11.5921   14
           266              0.035692 day 
 cflmax,ksmax,dt,nsound:  1.0000  0.0005    11.5921   14
           267              0.035826 day 
 cflmax,ksmax,dt,nsound:  1.0000  0.0005    11.5921   14
           268              0.035960 day 
 cflmax,ksmax,dt,nsound:  1.0000  0.0005    11.5921   14
           269              0.036094 day 
 cflmax,ksmax,dt,nsound:  1.0000  0.0005    11.5921   14
           270              0.036229 day 
 cflmax,ksmax,dt,nsound:  1.0000  0.0005    11.5921   14
           271              0.036363 day 
 cflmax,ksmax,dt,nsound:  1.0000  0.0005    11.5921   14
           272              0.036497 day 
 cflmax,ksmax,dt,nsound:  1.0000  0.0005    11.5921   14
           273              0.036631 day 
 cflmax,ksmax,dt,nsound:  1.0000  0.0005    11.5920   14
           274              0.036765 day 
 cflmax,ksmax,dt,nsound:  1.0000  0.0005    11.5920   14
           275              0.036899 day 
 cflmax,ksmax,dt,nsound:  1.0000  0.0005    11.5920   14
           276              0.037034 day 
 cflmax,ksmax,dt,nsound:  1.0000  0.0005    11.5920   14
           277              0.037168 day 
 cflmax,ksmax,dt,nsound:  1.0000  0.0005    11.5920   14
           278              0.037302 day 
 cflmax,ksmax,dt,nsound:  1.0000  0.0005    11.5920   14
           279              0.037436 day 
 cflmax,ksmax,dt,nsound:  1.0000  0.0005    11.5920   14
           280              0.037570 day 
 cflmax,ksmax,dt,nsound:  1.0000  0.0005    11.5920   14
           281              0.037704 day 
 cflmax,ksmax,dt,nsound:  1.0000  0.0005    11.5920   14
           282              0.037839 day 
 cflmax,ksmax,dt,nsound:  1.0000  0.0005    11.5920   14
           283              0.037973 day 
 cflmax,ksmax,dt,nsound:  1.0000  0.0005    11.5920   14
           284              0.038107 day 
   dorad =  T
 cflmax,ksmax,dt,nsound:  1.0000  0.0005    11.5920   14
 
 Entering RADIATION_DRIVER 
   rrtmg_lwrad 
   rrtmg_swrad 
 Leaving RADIATION_DRIVER 
 
           285              0.038241 day 
 cflmax,ksmax,dt,nsound:  1.0000  0.0005    11.5919   14
           286              0.038375 day 
 cflmax,ksmax,dt,nsound:  1.0000  0.0005    11.5919   14
           287              0.038509 day 
 cflmax,ksmax,dt,nsound:  1.0000  0.0005    11.5919   14
           288              0.038644 day 
 cflmax,ksmax,dt,nsound:  1.0000  0.0005    11.5919   14
           289              0.038778 day 
 cflmax,ksmax,dt,nsound:  1.0000  0.0005    11.5919   14
           290              0.038912 day 
 cflmax,ksmax,dt,nsound:  1.0000  0.0005    11.5919   14
           291              0.039046 day 
 cflmax,ksmax,dt,nsound:  1.0000  0.0005    11.5919   14
           292              0.039180 day 
 cflmax,ksmax,dt,nsound:  1.0000  0.0005    11.5919   14
           293              0.039314 day 
 cflmax,ksmax,dt,nsound:  1.0000  0.0005    11.5919   14
           294              0.039449 day 
 cflmax,ksmax,dt,nsound:  1.0000  0.0005    11.5919   14
           295              0.039583 day 
 cflmax,ksmax,dt,nsound:  1.0000  0.0005    11.5919   14
           296              0.039717 day 
 cflmax,ksmax,dt,nsound:  1.0000  0.0005    11.5919   14
           297              0.039851 day 
 cflmax,ksmax,dt,nsound:  1.0000  0.0005    11.5919   14
           298              0.039985 day 
 cflmax,ksmax,dt,nsound:  1.0000  0.0005    11.5919   14
           299              0.040119 day 
 cflmax,ksmax,dt,nsound:  1.0000  0.0005    11.5918   14
           300              0.040254 day 
 cflmax,ksmax,dt,nsound:  1.0000  0.0005    11.5918   14
           301              0.040388 day 
 cflmax,ksmax,dt,nsound:  1.0000  0.0005    11.5918   14
           302              0.040522 day 
 cflmax,ksmax,dt,nsound:  1.0000  0.0006    11.5918   14
           303              0.040656 day 
 cflmax,ksmax,dt,nsound:  1.0000  0.0006    11.5918   14
           304              0.040790 day 
 cflmax,ksmax,dt,nsound:  1.0000  0.0005    11.5918   14
           305              0.040924 day 
 cflmax,ksmax,dt,nsound:  1.0000  0.0005    11.5918   14
           306              0.041059 day 
 cflmax,ksmax,dt,nsound:  1.0000  0.0005    11.5918   14
           307              0.041193 day 
 cflmax,ksmax,dt,nsound:  1.0000  0.0006    11.5918   14
   Note: setting dt based on upcoming stat time 
   Note: setting dt based on upcoming diag time 
           308              0.041327 day 
 cflmax,ksmax,dt,nsound:  0.8443  0.0005     9.7866   12
   Note: setting dt based on upcoming stat time 
   Note: setting dt based on upcoming diag time 
           309              0.041440 day 
 cflmax,ksmax,dt,nsound:  0.8443  0.0005     9.7866   12
   Note: setting dt based on upcoming stat time 
   Note: setting dt based on upcoming diag time 
           310              0.041553 day 
   dorad =  T
   getvt =  T
   Getting dbz ... 
   dotbud =  T
   doqbud =  T
   doubud =  T
   dovbud =  T
   dowbud =  T
 cflmax,ksmax,dt,nsound:  0.8443  0.0005     9.7866   12
   Getting fall velocities for Morrison MP scheme 
 
 Entering RADIATION_DRIVER 
   rrtmg_lwrad 
   rrtmg_swrad 
 Leaving RADIATION_DRIVER 
 
  WMAX  :  0.546215E-01   50  456    7    WMIN  : -0.536807E-01  914   63    7
  UMAX  :   11.9590      799  174    9    UMIN  :  -43.1341      400   64   41
  SUMAX :   6.77877      653   91    1    SUMIN :   6.48088       50  427    1
  VMAX  :  0.187883      973  504    1    VMIN  : -0.154672      985  119    4
  SVMAX :  0.187883      973  504    1    SVMIN : -0.700149E-01  552  487    1
  PPIMAX: -0.156446E-05  890  502    1    PPIMIN: -0.828277E-04   33  302   37
  PPMAX : -0.546875       56    1    1    PPMIN :  -11.5156      120    1   19
  THPMAX:  0.139195      104  156   45    THPMIN: -0.534617      688  279    1
  STHPMX: -0.421710      216  250    1    STHPMN: -0.534617      688  279    1
  MAXqv :  0.221316E-01  280  197    1    MINqv :  0.300401E-05  664   47   42
  MAXqc :   0.00000        1    1    1    MINqc :   0.00000        1    1    1
  MAXqr :   0.00000        1    1    1    MINqr :   0.00000        1    1    1
  MAXqi :   0.00000        1    1    1    MINqi :   0.00000        1    1    1
  MAXqs :   0.00000        1    1    1    MINqs :   0.00000        1    1    1
  MAXqg :   0.00000        1    1    1    MINqg :   0.00000        1    1    1
  MAXnci:   0.00000        1    1    1    MINnci:   0.00000        1    1    1
  MAXncs:   0.00000        1    1    1    MINncs:   0.00000        1    1    1
  MAXncr:   0.00000        1    1    1    MINncr:   0.00000        1    1    1
  MAXncg:   0.00000        1    1    1    MINncg:   0.00000        1    1    1
  PRATMX:   0.00000        1    1    1    PRATMN:   0.00000        1    1    1
  KMHMAX:   0.00000        1    1    1    KMHMIN:   0.00000        1    1    1
  KMVMAX:   8.48903      100  172    4    KMVMIN:   0.00000        1    1   66
  KHHMAX:   0.00000        1    1    1    KHHMIN:   0.00000        1    1    1
  KHVMAX:   8.48903      100  172    4    KHVMIN:   0.00000        1    1   66
  DIVMAX:  0.143811E-05  252  157    4    DIVMIN: -0.158003E-05  650   99    5
  RHMAX :  0.872877      730  338    3    RHMIN :  0.299983E-02  608  156   65
  RHIMAX:  0.849168      994  124   33    RHIMIN:  0.530975E-02  608  156   65
  THEMAX:   367.384      280  197    1    THEMIN:   319.085       71  275   19
  STHEMX:   367.384      280  197    1    STHEMN:   366.464      215  250    1
  QCTOP :      0.000000    1    1    1    QCBOT :      0.000000    1    1    1
  SFPMAX:   100718.       56    1    1    SFPMIN:   100718.      124   58    1
  PSFCMX:   101000.      656  507    1    PSFCMN:   101000.      256   70    1
  WSPMAX:   43.1341      400   64   41    WSPMIN:  0.434597      260  325   16
  SWSPMX:   6.77305      653   91    1    SWSPMN:   6.48281       49  427    1
  10MWMX:   6.29668      653   91    1    10MWMN:   6.03049       49  427    1
  HPBLMX:   488.187      328   11    1    HPBLMN:   455.627      241   22    1
  CFLMAX:      0.998268  400   64   41
  KSHMAX:   0.00000        0    0    0
  KSVMAX:  0.978916E-02  613   66    3
  VORSFC:  0.536952E-03
  VOR1KM:  0.132312E-03
  VOR2KM:  0.108099E-03
  VOR3KM:  0.752099E-04
  VOR4KM:  0.216100E-04
  VOR5KM:  0.545914E-05
  TMASS :  0.132247E+16
  TMOIS :  0.569997E+13
  qv MAS:  0.569997E+13
  qc MAS:  0.000000E+00
  qr MAS:  0.000000E+00
  qi MAS:  0.000000E+00
  qs MAS:  0.000000E+00
  qg MAS:  0.000000E+00
  TENERG:  0.343406E+21
  TMU   : -0.607778E+16
  TMV   :  0.151210E+13
  TMW   : -0.745914E+12
  TMFU  :  0.468165E+10
  TMFD  : -0.630489E+10
  tcond :  0.000000E+00
  tevac :  0.000000E+00
  tauto :  0.000000E+00
  taccr :  0.000000E+00
  tevar :  0.000000E+00
  train :  0.000000E+00
  erain :  0.000000E+00
  qsfc  :  0.838689E+10
  esfc  : -0.227081E+16
  erad  :  0.000000E+00
  asqv  :  0.000000E+00
  asqc  :  0.000000E+00
  asqr  :  0.000000E+00
  asqi  :  0.000000E+00
  asqs  :  0.000000E+00
  asqg  :  0.000000E+00
  asnci :  0.000000E+00
  asncs :  0.000000E+00
  asncr :  0.000000E+00
  asncg :  0.000000E+00
  bsqv  :  0.000000E+00
  bsqc  :  0.000000E+00
  bsqr  :  0.000000E+00
  bsqi  :  0.000000E+00
  bsqs  :  0.000000E+00
  bsqg  :  0.000000E+00
  bsnci :  0.000000E+00
  bsncs :  0.000000E+00
  bsncr :  0.000000E+00
  bsncg :  0.000000E+00
 cm1out_stats.ctl                                                               
                                          
   next stattim =    7200.00000000000     
           311              0.041667 day 
 
  ..... begin domaindiag code ..... 
 
   nwritet =            2
 cm1out_diag_000002_s.dat                                                       
                                          
 cm1out_diag_000002_w.dat                                                       
                                          
   wloop =            1
           1 mtime
           2 nstep
           3 umove
           4 vmove
           5 domainlocx
           6 domainlocy
           7 ust
           8 stau
           9 znt
          10 tsk
          11 psfc
          12 qsfc
          13 thflux
          14 qvflux
          15 hfx
          16 qfx
          17 u10
          18 v10
          19 s10
          20 t2
          21 q2
          22 th2
          23 cd
          24 ch
          25 cq
          26 hpbl
          27 wspd
          28 zol
          29 br
          30 brcr
          31 phim
          32 phih
          33 psim
          34 psih
          35 tst
          36 qst
          37 mol
          38 rain
          39 prate
          40 cwp
          41 rwp
          42 lwp
          43 pwat
          44 spwr
          45 fwp
          46 iwp
          47 swp
          48 gwp
          49 tcwp
          50 cwpvar
          51 rwpvar
          52 lwpvar
          53 qcfrac_col
          54 qrfrac_col
          55 qlfrac_col
          56 qifrac_col
          57 qtfrac_col
          58 qcb
          59 qrb
          60 qlb
          61 qcbvar
          62 qrbvar
          63 qlbvar
          64 qct
          65 qrt
          66 qlt
          67 qctvar
          68 qrtvar
          69 qltvar
          70 lwupt
          71 lwdnt
          72 lwupb
          73 lwdnb
          74 swupt
          75 swdnt
          76 swupb
          77 swdnb
          78 lwuptc
          79 lwdntc
          80 lwupbc
          81 lwdnbc
          82 swuptc
          83 swdntc
          84 swupbc
          85 swdnbc
          86 lwcf
          87 swcf
          88 cape
          89 cin
          90 lcl
          91 lfc
          92 zmelt
          93 pmelt
          94 s u
          95 w uinterp
          96 s v
          97 w vinterp
          98 w w
          99 s th
         100 w thinterp
         101 s t
         102 s prs
         103 w prsinterp
         104 s rho
         105 w rhointerp
         106 s ppi
         107 s qv
         108 s qc
         109 s qr
         110 s qi
         111 s qs
         112 s qg
         113 s nci
         114 s ncs
         115 s ncr
         116 s ncg
         117 s shv
         118 s shc
         119 s shr
         120 s shi
         121 s shs
         122 s shg
         123 s qliq
         124 s qice
         125 s qt
         126 s dbz
         127 s fc
         128 s fr
         129 s fi
         130 s fs
         131 s fg
         132 s precc
         133 s precr
         134 s preci
         135 s precs
         136 s precg
         137 s prec
         138 s qcfrac
         139 s qrfrac
         140 s qlfrac
         141 s qifrac
         142 s qtfrac
         143 s clw
         144 s cli
         145 s plw
         146 s pli
         147 s thv
         148 s brz
         149 s thl
         150 s the
         151 s rh
         152 s rhi
         153 w dissten
         154 w epst
         155 w nm
         156 w defh
         157 w defv
         158 w kmh
         159 w kmv
         160 w khh
         161 w khv
         162 w pr
         163 w rinum
         164 w grdscl
         165 s wsp
         166 w wspinterp
         167 s wspan
         168 s wspa
         169 s sdwsp
         170 s o3
         171 s swten
         172 s lwten
         173 s swtenc
         174 s lwtenc
         175 s cldfra
         176 s effc
         177 s effr
         178 s effs
         179 s effi
         180 s effg
         181 s effis
         182 w ndws
         183 w ndws2
         184 w dtdz
         185 w dudz
         186 w dvdz
         187 w dsdz
         188 w dqvdz
         189 s ug
         190 s vg
         191 s u0
         192 s v0
         193 s upup
         194 s upupup
         195 s vpvp
         196 s vpvpvp
         197 s wpwp
         198 s upvp
         199 s upwp
         200 s vpwp
         201 s thvarr
         202 w thvarrinterp
         203 s tptptp
         204 s uptp
         205 s vptp
         206 s thvvarr
         207 s thlvarr
         208 s qvvarr
         209 s qpqpqp
         210 s qlvarr
         211 s qtvarr
         212 s wpwptp
         213 s wptptp
         214 w upup_w
         215 w vpvp_w
         216 w wpwp_w
         217 w upvp_w
         218 w upwp_w
         219 w vpwp_w
         220 w wpwpwp
         221 w wpupup
         222 w wpvpvp
         223 w ufr
         224 w ufs
         225 w ufd
         226 w vfr
         227 w vfs
         228 w vfd
         229 w thfr
         230 w thfs
         231 w thfd
         232 w thvfr
         233 w thvfs
         234 w thvfd
         235 w thlfr
         236 w thlfs
         237 w thlfd
         238 w qvfr
         239 w qvfs
         240 w qvfd
         241 w qlfr
         242 w qlfs
         243 w qlfd
         244 w qtfr
         245 w qtfs
         246 w qtfd
         247 s ptb_vturbr
         248 s ptb_vturbs
         249 s ptb_vturbd
         250 s ptb_frc
         251 s qvb_vturbr
         252 s qvb_vturbs
         253 s qvb_vturbd
         254 s qvb_frc
         255 s ub_vturbr
         256 s ub_vturbs
         257 s ub_vturbd
         258 s ub_lspg
         259 s ub_frc
         260 s vb_vturbr
         261 s vb_vturbs
         262 s vb_vturbd
         263 s vb_lspg
         264 s vb_frc
         265 s rtke
         266 w rtke_w
         267 w wprof
         268 w wmax
         269 w wmin
         270 s tmfu
         271 s tmfd
         272 s wspmax
         273 s wspmin
         274 s zetamax
         275 s zetamin
         276 wvar_max
         277 wstar
         278 fbmin
         279 zfbmin
 
  ..... end domaindiag code ..... 
 
   next diagtim =    7200.00000000000     
 cflmax,ksmax,dt,nsound:  0.9287  0.0005    10.7653   14
           312              0.041791 day 
 cflmax,ksmax,dt,nsound:  1.0000  0.0006    11.5918   14
           313              0.041925 day 
 cflmax,ksmax,dt,nsound:  1.0000  0.0006    11.5917   14
           314              0.042060 day 
 cflmax,ksmax,dt,nsound:  1.0000  0.0006    11.5917   14
           315              0.042194 day 
 cflmax,ksmax,dt,nsound:  1.0000  0.0006    11.5917   14
           316              0.042328 day 
 cflmax,ksmax,dt,nsound:  1.0000  0.0006    11.5917   14
           317              0.042462 day 
 cflmax,ksmax,dt,nsound:  1.0000  0.0006    11.5917   14
           318              0.042596 day 
 cflmax,ksmax,dt,nsound:  1.0000  0.0006    11.5917   14
           319              0.042730 day 
 cflmax,ksmax,dt,nsound:  1.0000  0.0006    11.5917   14
           320              0.042865 day 
 cflmax,ksmax,dt,nsound:  1.0000  0.0006    11.5917   14
           321              0.042999 day 
 cflmax,ksmax,dt,nsound:  1.0000  0.0006    11.5917   14
           322              0.043133 day 
 cflmax,ksmax,dt,nsound:  1.0000  0.0006    11.5917   14
           323              0.043267 day 
 cflmax,ksmax,dt,nsound:  1.0000  0.0006    11.5917   14
           324              0.043401 day 
 cflmax,ksmax,dt,nsound:  1.0000  0.0006    11.5917   14
           325              0.043535 day 
 cflmax,ksmax,dt,nsound:  1.0000  0.0006    11.5917   14
           326              0.043670 day 
 cflmax,ksmax,dt,nsound:  1.0000  0.0006    11.5916   14
           327              0.043804 day 
 cflmax,ksmax,dt,nsound:  1.0000  0.0006    11.5916   14
           328              0.043938 day 
 cflmax,ksmax,dt,nsound:  1.0000  0.0006    11.5916   14
           329              0.044072 day 
 cflmax,ksmax,dt,nsound:  1.0000  0.0006    11.5916   14
           330              0.044206 day 
 cflmax,ksmax,dt,nsound:  1.0000  0.0006    11.5916   14
           331              0.044340 day 
 cflmax,ksmax,dt,nsound:  1.0000  0.0006    11.5916   14
           332              0.044475 day 
 cflmax,ksmax,dt,nsound:  1.0000  0.0006    11.5916   14
           333              0.044609 day 
 cflmax,ksmax,dt,nsound:  1.0000  0.0006    11.5916   14
           334              0.044743 day 
 cflmax,ksmax,dt,nsound:  1.0000  0.0006    11.5916   14
           335              0.044877 day 
 cflmax,ksmax,dt,nsound:  1.0000  0.0006    11.5916   14
           336              0.045011 day 
   dorad =  T
 cflmax,ksmax,dt,nsound:  1.0000  0.0006    11.5916   14
 
 Entering RADIATION_DRIVER 
   rrtmg_lwrad 
   rrtmg_swrad 
 Leaving RADIATION_DRIVER 
 
           337              0.045145 day 
 cflmax,ksmax,dt,nsound:  1.0000  0.0006    11.5916   14
           338              0.045279 day 
 cflmax,ksmax,dt,nsound:  1.0000  0.0006    11.5916   14
           339              0.045414 day 
 cflmax,ksmax,dt,nsound:  1.0000  0.0006    11.5915   14
           340              0.045548 day 
 cflmax,ksmax,dt,nsound:  1.0000  0.0006    11.5915   14
           341              0.045682 day 
 cflmax,ksmax,dt,nsound:  1.0000  0.0006    11.5915   14
           342              0.045816 day 
 cflmax,ksmax,dt,nsound:  1.0000  0.0006    11.5915   14
           343              0.045950 day 
 cflmax,ksmax,dt,nsound:  1.0000  0.0006    11.5915   14
           344              0.046084 day 
 cflmax,ksmax,dt,nsound:  1.0000  0.0006    11.5915   14
           345              0.046219 day 
 cflmax,ksmax,dt,nsound:  1.0000  0.0006    11.5915   14
           346              0.046353 day 
 cflmax,ksmax,dt,nsound:  1.0000  0.0006    11.5915   14
           347              0.046487 day 
 cflmax,ksmax,dt,nsound:  1.0000  0.0006    11.5915   14
           348              0.046621 day 
 cflmax,ksmax,dt,nsound:  1.0000  0.0006    11.5915   14
           349              0.046755 day 
 cflmax,ksmax,dt,nsound:  1.0000  0.0006    11.5915   14
           350              0.046889 day 
 cflmax,ksmax,dt,nsound:  1.0000  0.0006    11.5915   14
           351              0.047024 day 
 cflmax,ksmax,dt,nsound:  1.0000  0.0006    11.5915   14
           352              0.047158 day 
 cflmax,ksmax,dt,nsound:  1.0000  0.0006    11.5915   14
           353              0.047292 day 
 cflmax,ksmax,dt,nsound:  1.0000  0.0006    11.5914   14
           354              0.047426 day 
 cflmax,ksmax,dt,nsound:  1.0000  0.0006    11.5914   14
           355              0.047560 day 
 cflmax,ksmax,dt,nsound:  1.0000  0.0006    11.5914   14
           356              0.047694 day 
 cflmax,ksmax,dt,nsound:  1.0000  0.0006    11.5914   14
           357              0.047829 day 
 cflmax,ksmax,dt,nsound:  1.0000  0.0006    11.5914   14
           358              0.047963 day 
 cflmax,ksmax,dt,nsound:  1.0000  0.0006    11.5914   14
           359              0.048097 day 
 cflmax,ksmax,dt,nsound:  1.0000  0.0006    11.5914   14
           360              0.048231 day 
 cflmax,ksmax,dt,nsound:  1.0000  0.0006    11.5914   14
           361              0.048365 day 
 cflmax,ksmax,dt,nsound:  1.0000  0.0006    11.5914   14
           362              0.048499 day 
   dorad =  T
 cflmax,ksmax,dt,nsound:  1.0000  0.0006    11.5914   14
 
 Entering RADIATION_DRIVER 
   rrtmg_lwrad 
   rrtmg_swrad 
 Leaving RADIATION_DRIVER 
 
           363              0.048634 day 
 cflmax,ksmax,dt,nsound:  1.0000  0.0006    11.5914   14
           364              0.048768 day 
 cflmax,ksmax,dt,nsound:  1.0000  0.0006    11.5914   14
           365              0.048902 day 
 cflmax,ksmax,dt,nsound:  1.0000  0.0006    11.5914   14
           366              0.049036 day 
 cflmax,ksmax,dt,nsound:  1.0000  0.0006    11.5914   14
           367              0.049170 day 
 cflmax,ksmax,dt,nsound:  1.0000  0.0006    11.5913   14
           368              0.049304 day 
 cflmax,ksmax,dt,nsound:  1.0000  0.0006    11.5913   14
           369              0.049438 day 
 cflmax,ksmax,dt,nsound:  1.0000  0.0006    11.5913   14
           370              0.049573 day 
 cflmax,ksmax,dt,nsound:  1.0000  0.0006    11.5913   14
           371              0.049707 day 
 cflmax,ksmax,dt,nsound:  1.0000  0.0006    11.5913   14
           372              0.049841 day 
 cflmax,ksmax,dt,nsound:  1.0000  0.0006    11.5913   14
           373              0.049975 day 
 cflmax,ksmax,dt,nsound:  1.0000  0.0006    11.5913   14
           374              0.050109 day 
 cflmax,ksmax,dt,nsound:  1.0000  0.0006    11.5913   14
           375              0.050243 day 
 cflmax,ksmax,dt,nsound:  1.0000  0.0006    11.5913   14
           376              0.050378 day 
 cflmax,ksmax,dt,nsound:  1.0000  0.0006    11.5913   14
           377              0.050512 day 
 cflmax,ksmax,dt,nsound:  1.0000  0.0006    11.5913   14
           378              0.050646 day 
 cflmax,ksmax,dt,nsound:  1.0000  0.0006    11.5913   14
           379              0.050780 day 
 cflmax,ksmax,dt,nsound:  1.0000  0.0006    11.5912   14
           380              0.050914 day 
 cflmax,ksmax,dt,nsound:  1.0000  0.0006    11.5912   14
           381              0.051048 day 
 cflmax,ksmax,dt,nsound:  1.0000  0.0006    11.5912   14
           382              0.051183 day 
 cflmax,ksmax,dt,nsound:  1.0000  0.0006    11.5912   14
           383              0.051317 day 
 cflmax,ksmax,dt,nsound:  1.0000  0.0006    11.5912   14
           384              0.051451 day 
 cflmax,ksmax,dt,nsound:  1.0000  0.0006    11.5912   14
           385              0.051585 day 
 cflmax,ksmax,dt,nsound:  1.0000  0.0006    11.5912   14
           386              0.051719 day 
 cflmax,ksmax,dt,nsound:  1.0000  0.0006    11.5912   14
           387              0.051853 day 
 cflmax,ksmax,dt,nsound:  1.0000  0.0006    11.5912   14
           388              0.051987 day 
   dorad =  T
 cflmax,ksmax,dt,nsound:  1.0000  0.0006    11.5912   14
 
 Entering RADIATION_DRIVER 
   rrtmg_lwrad 
   rrtmg_swrad 
 Leaving RADIATION_DRIVER 
 
           389              0.052122 day 
 cflmax,ksmax,dt,nsound:  1.0000  0.0006    11.5912   14
           390              0.052256 day 
 cflmax,ksmax,dt,nsound:  1.0000  0.0006    11.5912   14
           391              0.052390 day 
 cflmax,ksmax,dt,nsound:  1.0000  0.0006    11.5912   14
           392              0.052524 day 
 cflmax,ksmax,dt,nsound:  1.0000  0.0006    11.5912   14
           393              0.052658 day 
 cflmax,ksmax,dt,nsound:  1.0000  0.0006    11.5911   14
           394              0.052792 day 
 cflmax,ksmax,dt,nsound:  1.0000  0.0006    11.5911   14
           395              0.052927 day 
 cflmax,ksmax,dt,nsound:  1.0000  0.0006    11.5911   14
           396              0.053061 day 
 cflmax,ksmax,dt,nsound:  1.0000  0.0006    11.5911   14
           397              0.053195 day 
 cflmax,ksmax,dt,nsound:  1.0000  0.0006    11.5911   14
           398              0.053329 day 
 cflmax,ksmax,dt,nsound:  1.0000  0.0006    11.5911   14
           399              0.053463 day 
 cflmax,ksmax,dt,nsound:  1.0000  0.0006    11.5911   14
           400              0.053597 day 
 cflmax,ksmax,dt,nsound:  1.0000  0.0006    11.5911   14
           401              0.053732 day 
 cflmax,ksmax,dt,nsound:  1.0000  0.0006    11.5911   14
           402              0.053866 day 
 cflmax,ksmax,dt,nsound:  1.0000  0.0006    11.5911   14
           403              0.054000 day 
 cflmax,ksmax,dt,nsound:  1.0000  0.0006    11.5911   14
           404              0.054134 day 
 cflmax,ksmax,dt,nsound:  1.0000  0.0006    11.5911   14
           405              0.054268 day 
 cflmax,ksmax,dt,nsound:  1.0000  0.0006    11.5911   14
           406              0.054402 day 
 cflmax,ksmax,dt,nsound:  1.0000  0.0006    11.5911   14
           407              0.054536 day 
 cflmax,ksmax,dt,nsound:  1.0000  0.0006    11.5910   14
           408              0.054671 day 
 cflmax,ksmax,dt,nsound:  1.0000  0.0006    11.5910   14
           409              0.054805 day 
 cflmax,ksmax,dt,nsound:  1.0000  0.0006    11.5910   14
           410              0.054939 day 
 cflmax,ksmax,dt,nsound:  1.0000  0.0006    11.5910   14
           411              0.055073 day 
 cflmax,ksmax,dt,nsound:  1.0000  0.0006    11.5910   14
           412              0.055207 day 
 cflmax,ksmax,dt,nsound:  1.0000  0.0006    11.5910   14
           413              0.055341 day 
 cflmax,ksmax,dt,nsound:  1.0000  0.0006    11.5910   14
           414              0.055476 day 
   dorad =  T
 cflmax,ksmax,dt,nsound:  1.0000  0.0006    11.5910   14
 
 Entering RADIATION_DRIVER 
   rrtmg_lwrad 
   rrtmg_swrad 
 Leaving RADIATION_DRIVER 
 
           415              0.055610 day 
 cflmax,ksmax,dt,nsound:  1.0000  0.0006    11.5910   14
           416              0.055744 day 
 cflmax,ksmax,dt,nsound:  1.0000  0.0006    11.5910   14
           417              0.055878 day 
 cflmax,ksmax,dt,nsound:  1.0000  0.0006    11.5910   14
           418              0.056012 day 
 cflmax,ksmax,dt,nsound:  1.0000  0.0006    11.5910   14
           419              0.056146 day 
 cflmax,ksmax,dt,nsound:  1.0000  0.0006    11.5910   14
           420              0.056280 day 
 cflmax,ksmax,dt,nsound:  1.0000  0.0006    11.5909   14
           421              0.056415 day 
 cflmax,ksmax,dt,nsound:  1.0000  0.0006    11.5909   14
           422              0.056549 day 
 cflmax,ksmax,dt,nsound:  1.0000  0.0007    11.5909   14
           423              0.056683 day 
 cflmax,ksmax,dt,nsound:  1.0000  0.0007    11.5909   14
           424              0.056817 day 
 cflmax,ksmax,dt,nsound:  1.0000  0.0006    11.5909   14
           425              0.056951 day 
 cflmax,ksmax,dt,nsound:  1.0000  0.0006    11.5909   14
           426              0.057085 day 
 cflmax,ksmax,dt,nsound:  1.0000  0.0006    11.5909   14
           427              0.057220 day 
 cflmax,ksmax,dt,nsound:  1.0000  0.0006    11.5909   14
           428              0.057354 day 
 cflmax,ksmax,dt,nsound:  1.0000  0.0006    11.5909   14
           429              0.057488 day 
 cflmax,ksmax,dt,nsound:  1.0000  0.0006    11.5909   14
           430              0.057622 day 
 cflmax,ksmax,dt,nsound:  1.0000  0.0006    11.5909   14
           431              0.057756 day 
 cflmax,ksmax,dt,nsound:  1.0000  0.0006    11.5909   14
           432              0.057890 day 
 cflmax,ksmax,dt,nsound:  1.0000  0.0006    11.5909   14
           433              0.058024 day 
 cflmax,ksmax,dt,nsound:  1.0000  0.0006    11.5908   14
           434              0.058159 day 
 cflmax,ksmax,dt,nsound:  1.0000  0.0006    11.5908   14
           435              0.058293 day 
 cflmax,ksmax,dt,nsound:  1.0000  0.0006    11.5908   14
           436              0.058427 day 
 cflmax,ksmax,dt,nsound:  1.0000  0.0006    11.5908   14
           437              0.058561 day 
 cflmax,ksmax,dt,nsound:  1.0000  0.0006    11.5908   14
           438              0.058695 day 
 cflmax,ksmax,dt,nsound:  1.0000  0.0006    11.5908   14
           439              0.058829 day 
 cflmax,ksmax,dt,nsound:  1.0000  0.0006    11.5908   14
           440              0.058964 day 
   dorad =  T
 cflmax,ksmax,dt,nsound:  1.0000  0.0006    11.5908   14
 
 Entering RADIATION_DRIVER 
   rrtmg_lwrad 
   rrtmg_swrad 
 Leaving RADIATION_DRIVER 
 
           441              0.059098 day 
 cflmax,ksmax,dt,nsound:  1.0000  0.0006    11.5908   14
           442              0.059232 day 
 cflmax,ksmax,dt,nsound:  1.0000  0.0006    11.5908   14
           443              0.059366 day 
 cflmax,ksmax,dt,nsound:  1.0000  0.0006    11.5908   14
           444              0.059500 day 
 cflmax,ksmax,dt,nsound:  1.0000  0.0006    11.5908   14
           445              0.059634 day 
 cflmax,ksmax,dt,nsound:  1.0000  0.0006    11.5908   14
           446              0.059768 day 
 cflmax,ksmax,dt,nsound:  1.0000  0.0006    11.5908   14
           447              0.059903 day 
 cflmax,ksmax,dt,nsound:  1.0000  0.0006    11.5907   14
           448              0.060037 day 
 cflmax,ksmax,dt,nsound:  1.0000  0.0006    11.5907   14
           449              0.060171 day 
 cflmax,ksmax,dt,nsound:  1.0000  0.0006    11.5907   14
           450              0.060305 day 
 cflmax,ksmax,dt,nsound:  1.0000  0.0006    11.5907   14
           451              0.060439 day 
 cflmax,ksmax,dt,nsound:  1.0000  0.0006    11.5907   14
           452              0.060573 day 
 cflmax,ksmax,dt,nsound:  1.0000  0.0006    11.5907   14
           453              0.060708 day 
 cflmax,ksmax,dt,nsound:  1.0000  0.0006    11.5907   14
           454              0.060842 day 
 cflmax,ksmax,dt,nsound:  1.0000  0.0006    11.5907   14
           455              0.060976 day 
 cflmax,ksmax,dt,nsound:  1.0000  0.0006    11.5907   14
           456              0.061110 day 
 cflmax,ksmax,dt,nsound:  1.0000  0.0006    11.5907   14
           457              0.061244 day 
 cflmax,ksmax,dt,nsound:  1.0000  0.0006    11.5906   14
           458              0.061378 day 
 cflmax,ksmax,dt,nsound:  1.0000  0.0006    11.5906   14
           459              0.061512 day 
 cflmax,ksmax,dt,nsound:  1.0000  0.0006    11.5906   14
           460              0.061647 day 
 cflmax,ksmax,dt,nsound:  1.0000  0.0006    11.5906   14
           461              0.061781 day 
 cflmax,ksmax,dt,nsound:  1.0000  0.0006    11.5906   14
           462              0.061915 day 
 cflmax,ksmax,dt,nsound:  1.0000  0.0006    11.5906   14
           463              0.062049 day 
 cflmax,ksmax,dt,nsound:  1.0000  0.0006    11.5906   14
           464              0.062183 day 
 cflmax,ksmax,dt,nsound:  1.0000  0.0006    11.5906   14
           465              0.062317 day 
 cflmax,ksmax,dt,nsound:  1.0000  0.0006    11.5906   14
           466              0.062451 day 
   dorad =  T
 cflmax,ksmax,dt,nsound:  1.0000  0.0006    11.5906   14
 
 Entering RADIATION_DRIVER 
   rrtmg_lwrad 
   rrtmg_swrad 
 Leaving RADIATION_DRIVER 
 
           467              0.062586 day 
 cflmax,ksmax,dt,nsound:  1.0000  0.0006    11.5906   14
           468              0.062720 day 
 cflmax,ksmax,dt,nsound:  1.0000  0.0006    11.5906   14
           469              0.062854 day 
 cflmax,ksmax,dt,nsound:  1.0000  0.0006    11.5906   14
           470              0.062988 day 
 cflmax,ksmax,dt,nsound:  1.0000  0.0006    11.5906   14
           471              0.063122 day 
 cflmax,ksmax,dt,nsound:  1.0000  0.0006    11.5906   14
           472              0.063256 day 
 cflmax,ksmax,dt,nsound:  1.0000  0.0006    11.5906   14
           473              0.063391 day 
 cflmax,ksmax,dt,nsound:  1.0000  0.0006    11.5906   14
           474              0.063525 day 
 cflmax,ksmax,dt,nsound:  1.0000  0.0006    11.5905   14
           475              0.063659 day 
 cflmax,ksmax,dt,nsound:  1.0000  0.0006    11.5905   14
           476              0.063793 day 
 cflmax,ksmax,dt,nsound:  1.0000  0.0006    11.5905   14
           477              0.063927 day 
 cflmax,ksmax,dt,nsound:  1.0000  0.0006    11.5905   14
           478              0.064061 day 
 cflmax,ksmax,dt,nsound:  1.0000  0.0006    11.5905   14
           479              0.064195 day 
 cflmax,ksmax,dt,nsound:  1.0000  0.0006    11.5905   14
           480              0.064330 day 
 cflmax,ksmax,dt,nsound:  1.0000  0.0006    11.5905   14
           481              0.064464 day 
 cflmax,ksmax,dt,nsound:  1.0000  0.0006    11.5905   14
           482              0.064598 day 
 cflmax,ksmax,dt,nsound:  1.0000  0.0006    11.5905   14
           483              0.064732 day 
 cflmax,ksmax,dt,nsound:  1.0000  0.0006    11.5905   14
           484              0.064866 day 
 cflmax,ksmax,dt,nsound:  1.0000  0.0006    11.5905   14
           485              0.065000 day 
 cflmax,ksmax,dt,nsound:  1.0000  0.0006    11.5905   14
           486              0.065134 day 
 cflmax,ksmax,dt,nsound:  1.0000  0.0006    11.5904   14
           487              0.065269 day 
 cflmax,ksmax,dt,nsound:  1.0000  0.0006    11.5904   14
           488              0.065403 day 
 cflmax,ksmax,dt,nsound:  1.0000  0.0006    11.5904   14
           489              0.065537 day 
 cflmax,ksmax,dt,nsound:  1.0000  0.0006    11.5904   14
           490              0.065671 day 
 cflmax,ksmax,dt,nsound:  1.0000  0.0006    11.5904   14
           491              0.065805 day 
 cflmax,ksmax,dt,nsound:  1.0000  0.0006    11.5904   14
           492              0.065939 day 
   dorad =  T
 cflmax,ksmax,dt,nsound:  1.0000  0.0006    11.5904   14
 
 Entering RADIATION_DRIVER 
   rrtmg_lwrad 
   rrtmg_swrad 
 Leaving RADIATION_DRIVER 
 
           493              0.066073 day 
 cflmax,ksmax,dt,nsound:  1.0000  0.0006    11.5904   14
           494              0.066208 day 
 cflmax,ksmax,dt,nsound:  1.0000  0.0006    11.5904   14
           495              0.066342 day 
 cflmax,ksmax,dt,nsound:  1.0000  0.0006    11.5904   14
           496              0.066476 day 
 cflmax,ksmax,dt,nsound:  1.0000  0.0006    11.5904   14
           497              0.066610 day 
 cflmax,ksmax,dt,nsound:  1.0000  0.0006    11.5904   14
           498              0.066744 day 
 cflmax,ksmax,dt,nsound:  1.0000  0.0006    11.5904   14
           499              0.066878 day 
 cflmax,ksmax,dt,nsound:  1.0000  0.0006    11.5903   14
           500              0.067013 day 
 cflmax,ksmax,dt,nsound:  1.0000  0.0006    11.5903   14
           501              0.067147 day 
 cflmax,ksmax,dt,nsound:  1.0000  0.0006    11.5903   14
           502              0.067281 day 
 cflmax,ksmax,dt,nsound:  1.0000  0.0006    11.5903   14
           503              0.067415 day 
 cflmax,ksmax,dt,nsound:  1.0000  0.0006    11.5903   14
           504              0.067549 day 
 cflmax,ksmax,dt,nsound:  1.0000  0.0006    11.5903   14
           505              0.067683 day 
 cflmax,ksmax,dt,nsound:  1.0000  0.0006    11.5903   14
           506              0.067817 day 
 cflmax,ksmax,dt,nsound:  1.0000  0.0006    11.5903   14
           507              0.067952 day 
 cflmax,ksmax,dt,nsound:  1.0000  0.0006    11.5903   14
           508              0.068086 day 
 cflmax,ksmax,dt,nsound:  1.0000  0.0006    11.5903   14
           509              0.068220 day 
 cflmax,ksmax,dt,nsound:  1.0000  0.0006    11.5903   14
           510              0.068354 day 
 cflmax,ksmax,dt,nsound:  1.0000  0.0006    11.5903   14
           511              0.068488 day 
 cflmax,ksmax,dt,nsound:  1.0000  0.0006    11.5902   14
           512              0.068622 day 
 cflmax,ksmax,dt,nsound:  1.0000  0.0006    11.5902   14
           513              0.068756 day 
 cflmax,ksmax,dt,nsound:  1.0000  0.0006    11.5902   14
           514              0.068891 day 
 cflmax,ksmax,dt,nsound:  1.0000  0.0006    11.5902   14
           515              0.069025 day 
 cflmax,ksmax,dt,nsound:  1.0000  0.0006    11.5902   14
           516              0.069159 day 
 cflmax,ksmax,dt,nsound:  1.0000  0.0006    11.5902   14
           517              0.069293 day 
 cflmax,ksmax,dt,nsound:  1.0000  0.0006    11.5902   14
           518              0.069427 day 
   dorad =  T
 cflmax,ksmax,dt,nsound:  1.0000  0.0006    11.5902   14
 
 Entering RADIATION_DRIVER 
   rrtmg_lwrad 
   rrtmg_swrad 
 Leaving RADIATION_DRIVER 
 
           519              0.069561 day 
 cflmax,ksmax,dt,nsound:  1.0000  0.0006    11.5902   14
           520              0.069695 day 
 cflmax,ksmax,dt,nsound:  1.0000  0.0006    11.5902   14
           521              0.069830 day 
 cflmax,ksmax,dt,nsound:  1.0000  0.0006    11.5902   14
           522              0.069964 day 
 cflmax,ksmax,dt,nsound:  1.0000  0.0006    11.5902   14
           523              0.070098 day 
 cflmax,ksmax,dt,nsound:  1.0000  0.0006    11.5902   14
           524              0.070232 day 
 cflmax,ksmax,dt,nsound:  1.0000  0.0006    11.5901   14
           525              0.070366 day 
 cflmax,ksmax,dt,nsound:  1.0000  0.0006    11.5901   14
           526              0.070500 day 
 cflmax,ksmax,dt,nsound:  1.0000  0.0006    11.5901   14
           527              0.070634 day 
 cflmax,ksmax,dt,nsound:  1.0000  0.0006    11.5901   14
           528              0.070769 day 
 cflmax,ksmax,dt,nsound:  1.0000  0.0006    11.5901   14
           529              0.070903 day 
 cflmax,ksmax,dt,nsound:  1.0000  0.0006    11.5901   14
           530              0.071037 day 
 cflmax,ksmax,dt,nsound:  1.0000  0.0006    11.5901   14
           531              0.071171 day 
 cflmax,ksmax,dt,nsound:  1.0000  0.0006    11.5901   14
           532              0.071305 day 
 cflmax,ksmax,dt,nsound:  1.0000  0.0006    11.5901   14
           533              0.071439 day 
 cflmax,ksmax,dt,nsound:  1.0000  0.0006    11.5901   14
           534              0.071573 day 
 cflmax,ksmax,dt,nsound:  1.0000  0.0006    11.5901   14
           535              0.071708 day 
 cflmax,ksmax,dt,nsound:  1.0000  0.0006    11.5900   14
           536              0.071842 day 
 cflmax,ksmax,dt,nsound:  1.0000  0.0006    11.5900   14
           537              0.071976 day 
 cflmax,ksmax,dt,nsound:  1.0000  0.0006    11.5900   14
           538              0.072110 day 
 cflmax,ksmax,dt,nsound:  1.0000  0.0006    11.5900   14
           539              0.072244 day 
 cflmax,ksmax,dt,nsound:  1.0000  0.0006    11.5900   14
           540              0.072378 day 
 cflmax,ksmax,dt,nsound:  1.0000  0.0006    11.5900   14
           541              0.072512 day 
 cflmax,ksmax,dt,nsound:  1.0000  0.0006    11.5900   14
           542              0.072647 day 
 cflmax,ksmax,dt,nsound:  1.0000  0.0006    11.5900   14
           543              0.072781 day 
   dorad =  T
 cflmax,ksmax,dt,nsound:  1.0000  0.0006    11.5900   14
 
 Entering RADIATION_DRIVER 
   rrtmg_lwrad 
   rrtmg_swrad 
 Leaving RADIATION_DRIVER 
 
           544              0.072915 day 
 cflmax,ksmax,dt,nsound:  1.0000  0.0006    11.5900   14
           545              0.073049 day 
 cflmax,ksmax,dt,nsound:  1.0000  0.0006    11.5900   14
           546              0.073183 day 
 cflmax,ksmax,dt,nsound:  1.0000  0.0006    11.5900   14
           547              0.073317 day 
 cflmax,ksmax,dt,nsound:  1.0000  0.0006    11.5900   14
           548              0.073451 day 
 cflmax,ksmax,dt,nsound:  1.0000  0.0006    11.5900   14
           549              0.073586 day 
 cflmax,ksmax,dt,nsound:  1.0000  0.0006    11.5900   14
           550              0.073720 day 
 cflmax,ksmax,dt,nsound:  1.0000  0.0006    11.5899   14
           551              0.073854 day 
 cflmax,ksmax,dt,nsound:  1.0000  0.0006    11.5899   14
           552              0.073988 day 
 cflmax,ksmax,dt,nsound:  1.0000  0.0006    11.5899   14
           553              0.074122 day 
 cflmax,ksmax,dt,nsound:  1.0000  0.0006    11.5899   14
           554              0.074256 day 
 cflmax,ksmax,dt,nsound:  1.0000  0.0006    11.5899   14
           555              0.074391 day 
 cflmax,ksmax,dt,nsound:  1.0000  0.0006    11.5899   14
           556              0.074525 day 
 cflmax,ksmax,dt,nsound:  1.0000  0.0006    11.5899   14
           557              0.074659 day 
 cflmax,ksmax,dt,nsound:  1.0000  0.0006    11.5899   14
           558              0.074793 day 
 cflmax,ksmax,dt,nsound:  1.0000  0.0006    11.5899   14
           559              0.074927 day 
 cflmax,ksmax,dt,nsound:  1.0000  0.0006    11.5899   14
           560              0.075061 day 
 cflmax,ksmax,dt,nsound:  1.0000  0.0006    11.5899   14
           561              0.075195 day 
 cflmax,ksmax,dt,nsound:  1.0000  0.0006    11.5899   14
           562              0.075329 day 
 cflmax,ksmax,dt,nsound:  1.0000  0.0006    11.5898   14
           563              0.075464 day 
 cflmax,ksmax,dt,nsound:  1.0000  0.0006    11.5898   14
           564              0.075598 day 
 cflmax,ksmax,dt,nsound:  1.0000  0.0006    11.5898   14
           565              0.075732 day 
 cflmax,ksmax,dt,nsound:  1.0000  0.0006    11.5898   14
           566              0.075866 day 
 cflmax,ksmax,dt,nsound:  1.0000  0.0006    11.5898   14
           567              0.076000 day 
 cflmax,ksmax,dt,nsound:  1.0000  0.0006    11.5898   14
           568              0.076134 day 
 cflmax,ksmax,dt,nsound:  1.0000  0.0006    11.5898   14
           569              0.076268 day 
   dorad =  T
 cflmax,ksmax,dt,nsound:  1.0000  0.0006    11.5898   14
 
 Entering RADIATION_DRIVER 
   rrtmg_lwrad 
   rrtmg_swrad 
 Leaving RADIATION_DRIVER 
 
           570              0.076403 day 
 cflmax,ksmax,dt,nsound:  1.0000  0.0006    11.5898   14
           571              0.076537 day 
 cflmax,ksmax,dt,nsound:  1.0000  0.0006    11.5898   14
           572              0.076671 day 
 cflmax,ksmax,dt,nsound:  1.0000  0.0006    11.5898   14
           573              0.076805 day 
 cflmax,ksmax,dt,nsound:  1.0000  0.0006    11.5898   14
           574              0.076939 day 
 cflmax,ksmax,dt,nsound:  1.0000  0.0006    11.5898   14
           575              0.077073 day 
 cflmax,ksmax,dt,nsound:  1.0000  0.0006    11.5898   14
           576              0.077207 day 
 cflmax,ksmax,dt,nsound:  1.0000  0.0006    11.5897   14
           577              0.077342 day 
 cflmax,ksmax,dt,nsound:  1.0000  0.0006    11.5897   14
           578              0.077476 day 
 cflmax,ksmax,dt,nsound:  1.0000  0.0006    11.5897   14
           579              0.077610 day 
 cflmax,ksmax,dt,nsound:  1.0000  0.0006    11.5897   14
           580              0.077744 day 
 cflmax,ksmax,dt,nsound:  1.0000  0.0006    11.5897   14
           581              0.077878 day 
 cflmax,ksmax,dt,nsound:  1.0000  0.0006    11.5897   14
           582              0.078012 day 
 cflmax,ksmax,dt,nsound:  1.0000  0.0006    11.5897   14
           583              0.078146 day 
 cflmax,ksmax,dt,nsound:  1.0000  0.0006    11.5897   14
           584              0.078281 day 
 cflmax,ksmax,dt,nsound:  1.0000  0.0006    11.5897   14
           585              0.078415 day 
 cflmax,ksmax,dt,nsound:  1.0000  0.0006    11.5897   14
           586              0.078549 day 
 cflmax,ksmax,dt,nsound:  1.0000  0.0006    11.5897   14
           587              0.078683 day 
 cflmax,ksmax,dt,nsound:  1.0000  0.0006    11.5897   14
           588              0.078817 day 
 cflmax,ksmax,dt,nsound:  1.0000  0.0006    11.5896   14
           589              0.078951 day 
 cflmax,ksmax,dt,nsound:  1.0000  0.0006    11.5896   14
           590              0.079085 day 
 cflmax,ksmax,dt,nsound:  1.0000  0.0006    11.5896   14
           591              0.079220 day 
 cflmax,ksmax,dt,nsound:  1.0000  0.0006    11.5896   14
           592              0.079354 day 
 cflmax,ksmax,dt,nsound:  1.0000  0.0006    11.5896   14
           593              0.079488 day 
 cflmax,ksmax,dt,nsound:  1.0000  0.0006    11.5896   14
           594              0.079622 day 
 cflmax,ksmax,dt,nsound:  1.0000  0.0006    11.5896   14
           595              0.079756 day 
   dorad =  T
 cflmax,ksmax,dt,nsound:  1.0000  0.0006    11.5896   14
 
 Entering RADIATION_DRIVER 
   rrtmg_lwrad 
   rrtmg_swrad 
 Leaving RADIATION_DRIVER 
 
           596              0.079890 day 
 cflmax,ksmax,dt,nsound:  1.0000  0.0006    11.5896   14
           597              0.080024 day 
 cflmax,ksmax,dt,nsound:  1.0000  0.0006    11.5896   14
           598              0.080159 day 
 cflmax,ksmax,dt,nsound:  1.0000  0.0006    11.5896   14
           599              0.080293 day 
 cflmax,ksmax,dt,nsound:  1.0000  0.0006    11.5896   14
           600              0.080427 day 
 cflmax,ksmax,dt,nsound:  1.0000  0.0006    11.5896   14
           601              0.080561 day 
 cflmax,ksmax,dt,nsound:  1.0000  0.0006    11.5896   14
           602              0.080695 day 
 cflmax,ksmax,dt,nsound:  1.0000  0.0006    11.5895   14
           603              0.080829 day 
 cflmax,ksmax,dt,nsound:  1.0000  0.0006    11.5895   14
           604              0.080963 day 
 cflmax,ksmax,dt,nsound:  1.0000  0.0006    11.5895   14
           605              0.081098 day 
 cflmax,ksmax,dt,nsound:  1.0000  0.0006    11.5895   14
           606              0.081232 day 
 cflmax,ksmax,dt,nsound:  1.0000  0.0006    11.5895   14
           607              0.081366 day 
 cflmax,ksmax,dt,nsound:  1.0000  0.0006    11.5895   14
           608              0.081500 day 
 cflmax,ksmax,dt,nsound:  1.0000  0.0006    11.5895   14
           609              0.081634 day 
 cflmax,ksmax,dt,nsound:  1.0000  0.0006    11.5895   14
           610              0.081768 day 
 cflmax,ksmax,dt,nsound:  1.0000  0.0006    11.5895   14
           611              0.081902 day 
 cflmax,ksmax,dt,nsound:  1.0000  0.0006    11.5895   14
           612              0.082036 day 
 cflmax,ksmax,dt,nsound:  1.0000  0.0006    11.5895   14
           613              0.082171 day 
 cflmax,ksmax,dt,nsound:  1.0000  0.0006    11.5895   14
           614              0.082305 day 
 cflmax,ksmax,dt,nsound:  1.0000  0.0006    11.5895   14
           615              0.082439 day 
 cflmax,ksmax,dt,nsound:  1.0000  0.0006    11.5894   14
           616              0.082573 day 
 cflmax,ksmax,dt,nsound:  1.0000  0.0006    11.5894   14
           617              0.082707 day 
 cflmax,ksmax,dt,nsound:  1.0000  0.0006    11.5894   14
           618              0.082841 day 
 cflmax,ksmax,dt,nsound:  1.0000  0.0006    11.5894   14
   Note: setting dt based on upcoming stat time 
   Note: setting dt based on upcoming diag time 
           619              0.082975 day 
 cflmax,ksmax,dt,nsound:  0.8894  0.0005    10.3074   14
   Note: setting dt based on upcoming stat time 
   Note: setting dt based on upcoming diag time 
           620              0.083095 day 
 cflmax,ksmax,dt,nsound:  0.8894  0.0005    10.3074   14
   Note: setting dt based on upcoming stat time 
   Note: setting dt based on upcoming diag time 
           621              0.083214 day 
   dorad =  T
   getvt =  T
   Getting dbz ... 
   dotbud =  T
   doqbud =  T
   doubud =  T
   dovbud =  T
   dowbud =  T
 cflmax,ksmax,dt,nsound:  0.8894  0.0005    10.3074   14
   Getting fall velocities for Morrison MP scheme 
 
 Entering RADIATION_DRIVER 
   rrtmg_lwrad 
   rrtmg_swrad 
 Leaving RADIATION_DRIVER 
 
  WMAX  :  0.521892E-01  893  307   15    WMIN  : -0.500835E-01  741  431   16
  UMAX  :   11.9698      762  375    9    UMIN  :  -43.1429      964  241   41
  SUMAX :   6.29119      625  420    1    SUMIN :   6.11563      264   46    1
  VMAX  :  0.235638      567  404    1    VMIN  : -0.124230      625  420    5
  SVMAX :  0.235638      567  404    1    SVMIN :  0.269095E-01  322  165    1
  PPIMAX: -0.344256E-05  660  330    1    PPIMIN: -0.164532E-03 1022  372   37
  PPMAX :  -1.21875       47   10    1    PPMIN :  -22.7812      198   47   19
  THPMAX:  0.277799      919  499   45    THPMIN: -0.714493      771  289    1
  STHPMX: -0.663226      115  137    1    STHPMN: -0.714493      771  289    1
  MAXqv :  0.220897E-01  681  246    1    MINqv :  0.300427E-05   70  258   42
  MAXqc :   0.00000        1    1    1    MINqc :   0.00000        1    1    1
  MAXqr :   0.00000        1    1    1    MINqr :   0.00000        1    1    1
  MAXqi :   0.00000        1    1    1    MINqi :   0.00000        1    1    1
  MAXqs :   0.00000        1    1    1    MINqs :   0.00000        1    1    1
  MAXqg :   0.00000        1    1    1    MINqg :   0.00000        1    1    1
  MAXnci:   0.00000        1    1    1    MINnci:   0.00000        1    1    1
  MAXncs:   0.00000        1    1    1    MINncs:   0.00000        1    1    1
  MAXncr:   0.00000        1    1    1    MINncr:   0.00000        1    1    1
  MAXncg:   0.00000        1    1    1    MINncg:   0.00000        1    1    1
  PRATMX:   0.00000        1    1    1    PRATMN:   0.00000        1    1    1
  KMHMAX:   0.00000        1    1    1    KMHMIN:   0.00000        1    1    1
  KMVMAX:   8.95197       91   95    4    KMVMIN:   0.00000        1    1   66
  KHHMAX:   0.00000        1    1    1    KHHMIN:   0.00000        1    1    1
  KHVMAX:   8.95197       91   95    4    KHVMIN:   0.00000        1    1   66
  DIVMAX:  0.827837E-06  511  162    3    DIVMIN: -0.124568E-05  105  192    3
  RHMAX :  0.884845      295  265    3    RHMIN :  0.300335E-02  450  434   65
  RHIMAX:  0.856410      873  298   33    RHIMIN:  0.531681E-02  450  434   65
  THEMAX:   367.032      681  246    1    THEMIN:   319.066      595  272   19
  STHEMX:   367.032      681  246    1    STHEMN:   366.630      659  205    1
  QCTOP :      0.000000    1    1    1    QCBOT :      0.000000    1    1    1
  SFPMAX:   100718.       47   10    1    SFPMIN:   100718.      266   68    1
  PSFCMX:   100999.      925  310    1    PSFCMN:   100999.      266   68    1
  WSPMAX:   43.1429      964  241   41    WSPMIN:  0.417664      845  289   16
  SWSPMX:   6.29041      624  420    1    SWSPMN:   6.11982      529   43    1
  10MWMX:   5.85388      624  420    1    10MWMN:   5.69717      529   43    1
  HPBLMX:   440.910      386  234    1    HPBLMN:   421.880      940  372    1
  CFLMAX:      0.998863  964  241   41
  KSHMAX:   0.00000        0    0    0
  KSVMAX:  0.114220E-01   85  419    3
  VORSFC:  0.261021E-03
  VOR1KM:  0.258122E-03
  VOR2KM:  0.137498E-03
  VOR3KM:  0.115680E-03
  VOR4KM:  0.129251E-03
  VOR5KM:  0.404846E-04
  TMASS :  0.132247E+16
  TMOIS :  0.570810E+13
  qv MAS:  0.570810E+13
  qc MAS:  0.000000E+00
  qr MAS:  0.000000E+00
  qi MAS:  0.000000E+00
  qs MAS:  0.000000E+00
  qg MAS:  0.000000E+00
  TENERG:  0.343335E+21
  TMU   : -0.610006E+16
  TMV   :  0.541698E+13
  TMW   : -0.389214E+12
  TMFU  :  0.619244E+10
  TMFD  : -0.706899E+10
  tcond :  0.000000E+00
  tevac :  0.000000E+00
  tauto :  0.000000E+00
  taccr :  0.000000E+00
  tevar :  0.000000E+00
  train :  0.000000E+00
  erain :  0.000000E+00
  qsfc  :  0.158048E+11
  esfc  : -0.328052E+16
  erad  :  0.000000E+00
  asqv  :  0.000000E+00
  asqc  :  0.000000E+00
  asqr  :  0.000000E+00
  asqi  :  0.000000E+00
  asqs  :  0.000000E+00
  asqg  :  0.000000E+00
  asnci :  0.000000E+00
  asncs :  0.000000E+00
  asncr :  0.000000E+00
  asncg :  0.000000E+00
  bsqv  :  0.000000E+00
  bsqc  :  0.000000E+00
  bsqr  :  0.000000E+00
  bsqi  :  0.000000E+00
  bsqs  :  0.000000E+00
  bsqg  :  0.000000E+00
  bsnci :  0.000000E+00
  bsncs :  0.000000E+00
  bsncr :  0.000000E+00
  bsncg :  0.000000E+00
 cm1out_stats.ctl                                                               
                                          
   next stattim =    10800.0000000000     
           622              0.083333 day 
 
  ..... begin domaindiag code ..... 
 
   nwritet =            3
 cm1out_diag_000003_s.dat                                                       
                                          
 cm1out_diag_000003_w.dat                                                       
                                          
   wloop =            1
           1 mtime
           2 nstep
           3 umove
           4 vmove
           5 domainlocx
           6 domainlocy
           7 ust
           8 stau
           9 znt
          10 tsk
          11 psfc
          12 qsfc
          13 thflux
          14 qvflux
          15 hfx
          16 qfx
          17 u10
          18 v10
          19 s10
          20 t2
          21 q2
          22 th2
          23 cd
          24 ch
          25 cq
          26 hpbl
          27 wspd
          28 zol
          29 br
          30 brcr
          31 phim
          32 phih
          33 psim
          34 psih
          35 tst
          36 qst
          37 mol
          38 rain
          39 prate
          40 cwp
          41 rwp
          42 lwp
          43 pwat
          44 spwr
          45 fwp
          46 iwp
          47 swp
          48 gwp
          49 tcwp
          50 cwpvar
          51 rwpvar
          52 lwpvar
          53 qcfrac_col
          54 qrfrac_col
          55 qlfrac_col
          56 qifrac_col
          57 qtfrac_col
          58 qcb
          59 qrb
          60 qlb
          61 qcbvar
          62 qrbvar
          63 qlbvar
          64 qct
          65 qrt
          66 qlt
          67 qctvar
          68 qrtvar
          69 qltvar
          70 lwupt
          71 lwdnt
          72 lwupb
          73 lwdnb
          74 swupt
          75 swdnt
          76 swupb
          77 swdnb
          78 lwuptc
          79 lwdntc
          80 lwupbc
          81 lwdnbc
          82 swuptc
          83 swdntc
          84 swupbc
          85 swdnbc
          86 lwcf
          87 swcf
          88 cape
          89 cin
          90 lcl
          91 lfc
          92 zmelt
          93 pmelt
          94 s u
          95 w uinterp
          96 s v
          97 w vinterp
          98 w w
          99 s th
         100 w thinterp
         101 s t
         102 s prs
         103 w prsinterp
         104 s rho
         105 w rhointerp
         106 s ppi
         107 s qv
         108 s qc
         109 s qr
         110 s qi
         111 s qs
         112 s qg
         113 s nci
         114 s ncs
         115 s ncr
         116 s ncg
         117 s shv
         118 s shc
         119 s shr
         120 s shi
         121 s shs
         122 s shg
         123 s qliq
         124 s qice
         125 s qt
         126 s dbz
         127 s fc
         128 s fr
         129 s fi
         130 s fs
         131 s fg
         132 s precc
         133 s precr
         134 s preci
         135 s precs
         136 s precg
         137 s prec
         138 s qcfrac
         139 s qrfrac
         140 s qlfrac
         141 s qifrac
         142 s qtfrac
         143 s clw
         144 s cli
         145 s plw
         146 s pli
         147 s thv
         148 s brz
         149 s thl
         150 s the
         151 s rh
         152 s rhi
         153 w dissten
         154 w epst
         155 w nm
         156 w defh
         157 w defv
         158 w kmh
         159 w kmv
         160 w khh
         161 w khv
         162 w pr
         163 w rinum
         164 w grdscl
         165 s wsp
         166 w wspinterp
         167 s wspan
         168 s wspa
         169 s sdwsp
         170 s o3
         171 s swten
         172 s lwten
         173 s swtenc
         174 s lwtenc
         175 s cldfra
         176 s effc
         177 s effr
         178 s effs
         179 s effi
         180 s effg
         181 s effis
         182 w ndws
         183 w ndws2
         184 w dtdz
         185 w dudz
         186 w dvdz
         187 w dsdz
         188 w dqvdz
         189 s ug
         190 s vg
         191 s u0
         192 s v0
         193 s upup
         194 s upupup
         195 s vpvp
         196 s vpvpvp
         197 s wpwp
         198 s upvp
         199 s upwp
         200 s vpwp
         201 s thvarr
         202 w thvarrinterp
         203 s tptptp
         204 s uptp
         205 s vptp
         206 s thvvarr
         207 s thlvarr
         208 s qvvarr
         209 s qpqpqp
         210 s qlvarr
         211 s qtvarr
         212 s wpwptp
         213 s wptptp
         214 w upup_w
         215 w vpvp_w
         216 w wpwp_w
         217 w upvp_w
         218 w upwp_w
         219 w vpwp_w
         220 w wpwpwp
         221 w wpupup
         222 w wpvpvp
         223 w ufr
         224 w ufs
         225 w ufd
         226 w vfr
         227 w vfs
         228 w vfd
         229 w thfr
         230 w thfs
         231 w thfd
         232 w thvfr
         233 w thvfs
         234 w thvfd
         235 w thlfr
         236 w thlfs
         237 w thlfd
         238 w qvfr
         239 w qvfs
         240 w qvfd
         241 w qlfr
         242 w qlfs
         243 w qlfd
         244 w qtfr
         245 w qtfs
         246 w qtfd
         247 s ptb_vturbr
         248 s ptb_vturbs
         249 s ptb_vturbd
         250 s ptb_frc
         251 s qvb_vturbr
         252 s qvb_vturbs
         253 s qvb_vturbd
         254 s qvb_frc
         255 s ub_vturbr
         256 s ub_vturbs
         257 s ub_vturbd
         258 s ub_lspg
         259 s ub_frc
         260 s vb_vturbr
         261 s vb_vturbs
         262 s vb_vturbd
         263 s vb_lspg
         264 s vb_frc
         265 s rtke
         266 w rtke_w
         267 w wprof
         268 w wmax
         269 w wmin
         270 s tmfu
         271 s tmfd
         272 s wspmax
         273 s wspmin
         274 s zetamax
         275 s zetamin
         276 wvar_max
         277 wstar
         278 fbmin
         279 zfbmin
 
  ..... end domaindiag code ..... 
 
   next diagtim =    10800.0000000000     
 cflmax,ksmax,dt,nsound:  0.9783  0.0006    11.3382   14
           623              0.083465 day 
 cflmax,ksmax,dt,nsound:  1.0000  0.0006    11.5894   14
           624              0.083599 day 
 cflmax,ksmax,dt,nsound:  1.0000  0.0006    11.5894   14
           625              0.083733 day 
 cflmax,ksmax,dt,nsound:  1.0000  0.0006    11.5894   14
           626              0.083867 day 
 cflmax,ksmax,dt,nsound:  1.0000  0.0006    11.5894   14
           627              0.084001 day 
 cflmax,ksmax,dt,nsound:  1.0000  0.0006    11.5894   14
           628              0.084135 day 
 cflmax,ksmax,dt,nsound:  1.0000  0.0006    11.5893   14
           629              0.084269 day 
 cflmax,ksmax,dt,nsound:  1.0000  0.0006    11.5893   14
           630              0.084404 day 
 cflmax,ksmax,dt,nsound:  1.0000  0.0006    11.5893   14
           631              0.084538 day 
 cflmax,ksmax,dt,nsound:  1.0000  0.0006    11.5893   14
           632              0.084672 day 
 cflmax,ksmax,dt,nsound:  1.0000  0.0006    11.5893   14
           633              0.084806 day 
 cflmax,ksmax,dt,nsound:  1.0000  0.0006    11.5893   14
           634              0.084940 day 
 cflmax,ksmax,dt,nsound:  1.0000  0.0006    11.5893   14
           635              0.085074 day 
 cflmax,ksmax,dt,nsound:  1.0000  0.0006    11.5893   14
           636              0.085208 day 
 cflmax,ksmax,dt,nsound:  1.0000  0.0006    11.5893   14
           637              0.085342 day 
 cflmax,ksmax,dt,nsound:  1.0000  0.0006    11.5893   14
           638              0.085477 day 
 cflmax,ksmax,dt,nsound:  1.0000  0.0006    11.5893   14
           639              0.085611 day 
 cflmax,ksmax,dt,nsound:  1.0000  0.0006    11.5893   14
           640              0.085745 day 
 cflmax,ksmax,dt,nsound:  1.0000  0.0006    11.5893   14
           641              0.085879 day 
 cflmax,ksmax,dt,nsound:  1.0000  0.0006    11.5892   14
           642              0.086013 day 
 cflmax,ksmax,dt,nsound:  1.0000  0.0006    11.5892   14
           643              0.086147 day 
 cflmax,ksmax,dt,nsound:  1.0000  0.0006    11.5892   14
           644              0.086281 day 
 cflmax,ksmax,dt,nsound:  1.0000  0.0006    11.5892   14
           645              0.086416 day 
 cflmax,ksmax,dt,nsound:  1.0000  0.0006    11.5892   14
           646              0.086550 day 
 cflmax,ksmax,dt,nsound:  1.0000  0.0006    11.5892   14
           647              0.086684 day 
   dorad =  T
 cflmax,ksmax,dt,nsound:  1.0000  0.0006    11.5892   14
 
 Entering RADIATION_DRIVER 
   rrtmg_lwrad 
   rrtmg_swrad 
 Leaving RADIATION_DRIVER 
 
           648              0.086818 day 
 cflmax,ksmax,dt,nsound:  1.0000  0.0006    11.5892   14
           649              0.086952 day 
 cflmax,ksmax,dt,nsound:  1.0000  0.0006    11.5892   14
           650              0.087086 day 
 cflmax,ksmax,dt,nsound:  1.0000  0.0006    11.5892   14
           651              0.087220 day 
 cflmax,ksmax,dt,nsound:  1.0000  0.0006    11.5892   14
           652              0.087354 day 
 cflmax,ksmax,dt,nsound:  1.0000  0.0006    11.5892   14
           653              0.087489 day 
 cflmax,ksmax,dt,nsound:  1.0000  0.0006    11.5892   14
           654              0.087623 day 
 cflmax,ksmax,dt,nsound:  1.0000  0.0006    11.5891   14
           655              0.087757 day 
 cflmax,ksmax,dt,nsound:  1.0000  0.0006    11.5891   14
           656              0.087891 day 
 cflmax,ksmax,dt,nsound:  1.0000  0.0006    11.5891   14
           657              0.088025 day 
 cflmax,ksmax,dt,nsound:  1.0000  0.0006    11.5891   14
           658              0.088159 day 
 cflmax,ksmax,dt,nsound:  1.0000  0.0006    11.5891   14
           659              0.088293 day 
 cflmax,ksmax,dt,nsound:  1.0000  0.0006    11.5891   14
           660              0.088428 day 
 cflmax,ksmax,dt,nsound:  1.0000  0.0006    11.5891   14
           661              0.088562 day 
 cflmax,ksmax,dt,nsound:  1.0000  0.0006    11.5891   14
           662              0.088696 day 
 cflmax,ksmax,dt,nsound:  1.0000  0.0006    11.5891   14
           663              0.088830 day 
 cflmax,ksmax,dt,nsound:  1.0000  0.0006    11.5891   14
           664              0.088964 day 
 cflmax,ksmax,dt,nsound:  1.0000  0.0006    11.5891   14
           665              0.089098 day 
 cflmax,ksmax,dt,nsound:  1.0000  0.0006    11.5891   14
           666              0.089232 day 
 cflmax,ksmax,dt,nsound:  1.0000  0.0006    11.5891   14
           667              0.089366 day 
 cflmax,ksmax,dt,nsound:  1.0000  0.0006    11.5890   14
           668              0.089501 day 
 cflmax,ksmax,dt,nsound:  1.0000  0.0006    11.5890   14
           669              0.089635 day 
 cflmax,ksmax,dt,nsound:  1.0000  0.0006    11.5890   14
           670              0.089769 day 
 cflmax,ksmax,dt,nsound:  1.0000  0.0006    11.5890   14
           671              0.089903 day 
 cflmax,ksmax,dt,nsound:  1.0000  0.0006    11.5890   14
           672              0.090037 day 
 cflmax,ksmax,dt,nsound:  1.0000  0.0006    11.5890   14
           673              0.090171 day 
   dorad =  T
 cflmax,ksmax,dt,nsound:  1.0000  0.0006    11.5890   14
 
 Entering RADIATION_DRIVER 
   rrtmg_lwrad 
   rrtmg_swrad 
 Leaving RADIATION_DRIVER 
 
           674              0.090305 day 
 cflmax,ksmax,dt,nsound:  1.0000  0.0006    11.5890   14
           675              0.090440 day 
 cflmax,ksmax,dt,nsound:  1.0000  0.0006    11.5890   14
           676              0.090574 day 
 cflmax,ksmax,dt,nsound:  1.0000  0.0006    11.5890   14
           677              0.090708 day 
 cflmax,ksmax,dt,nsound:  1.0000  0.0006    11.5890   14
           678              0.090842 day 
 cflmax,ksmax,dt,nsound:  1.0000  0.0006    11.5889   14
           679              0.090976 day 
 cflmax,ksmax,dt,nsound:  1.0000  0.0006    11.5889   14
           680              0.091110 day 
 cflmax,ksmax,dt,nsound:  1.0000  0.0006    11.5889   14
           681              0.091244 day 
 cflmax,ksmax,dt,nsound:  1.0000  0.0006    11.5889   14
           682              0.091378 day 
 cflmax,ksmax,dt,nsound:  1.0000  0.0006    11.5889   14
           683              0.091513 day 
 cflmax,ksmax,dt,nsound:  1.0000  0.0006    11.5889   14
           684              0.091647 day 
 cflmax,ksmax,dt,nsound:  1.0000  0.0006    11.5889   14
           685              0.091781 day 
 cflmax,ksmax,dt,nsound:  1.0000  0.0006    11.5889   14
           686              0.091915 day 
 cflmax,ksmax,dt,nsound:  1.0000  0.0006    11.5889   14
           687              0.092049 day 
 cflmax,ksmax,dt,nsound:  1.0000  0.0006    11.5888   14
           688              0.092183 day 
 cflmax,ksmax,dt,nsound:  1.0000  0.0006    11.5888   14
           689              0.092317 day 
 cflmax,ksmax,dt,nsound:  1.0000  0.0006    11.5888   14
           690              0.092451 day 
 cflmax,ksmax,dt,nsound:  1.0000  0.0006    11.5888   14
           691              0.092586 day 
 cflmax,ksmax,dt,nsound:  1.0000  0.0006    11.5888   14
           692              0.092720 day 
 cflmax,ksmax,dt,nsound:  1.0000  0.0006    11.5888   14
           693              0.092854 day 
 cflmax,ksmax,dt,nsound:  1.0000  0.0006    11.5888   14
           694              0.092988 day 
 cflmax,ksmax,dt,nsound:  1.0000  0.0006    11.5888   14
           695              0.093122 day 
 cflmax,ksmax,dt,nsound:  1.0000  0.0006    11.5888   14
           696              0.093256 day 
 cflmax,ksmax,dt,nsound:  1.0000  0.0006    11.5888   14
           697              0.093390 day 
 cflmax,ksmax,dt,nsound:  1.0000  0.0006    11.5888   14
           698              0.093525 day 
 cflmax,ksmax,dt,nsound:  1.0000  0.0006    11.5888   14
           699              0.093659 day 
   dorad =  T
 cflmax,ksmax,dt,nsound:  1.0000  0.0006    11.5888   14
 
 Entering RADIATION_DRIVER 
   rrtmg_lwrad 
   rrtmg_swrad 
 Leaving RADIATION_DRIVER 
 
           700              0.093793 day 
 cflmax,ksmax,dt,nsound:  1.0000  0.0006    11.5887   14
           701              0.093927 day 
 cflmax,ksmax,dt,nsound:  1.0000  0.0006    11.5887   14
           702              0.094061 day 
 cflmax,ksmax,dt,nsound:  1.0000  0.0006    11.5887   14
           703              0.094195 day 
 cflmax,ksmax,dt,nsound:  1.0000  0.0006    11.5887   14
           704              0.094329 day 
 cflmax,ksmax,dt,nsound:  1.0000  0.0006    11.5887   14
           705              0.094463 day 
 cflmax,ksmax,dt,nsound:  1.0000  0.0006    11.5887   14
           706              0.094598 day 
 cflmax,ksmax,dt,nsound:  1.0000  0.0006    11.5887   14
           707              0.094732 day 
 cflmax,ksmax,dt,nsound:  1.0000  0.0006    11.5887   14
           708              0.094866 day 
 cflmax,ksmax,dt,nsound:  1.0000  0.0006    11.5887   14
           709              0.095000 day 
 cflmax,ksmax,dt,nsound:  1.0000  0.0006    11.5887   14
           710              0.095134 day 
 cflmax,ksmax,dt,nsound:  1.0000  0.0006    11.5886   14
           711              0.095268 day 
 cflmax,ksmax,dt,nsound:  1.0000  0.0006    11.5886   14
           712              0.095402 day 
 cflmax,ksmax,dt,nsound:  1.0000  0.0006    11.5886   14
           713              0.095536 day 
 cflmax,ksmax,dt,nsound:  1.0000  0.0006    11.5886   14
           714              0.095671 day 
 cflmax,ksmax,dt,nsound:  1.0000  0.0006    11.5886   14
           715              0.095805 day 
 cflmax,ksmax,dt,nsound:  1.0000  0.0006    11.5886   14
           716              0.095939 day 
 cflmax,ksmax,dt,nsound:  1.0000  0.0006    11.5886   14
           717              0.096073 day 
 cflmax,ksmax,dt,nsound:  1.0000  0.0006    11.5886   14
           718              0.096207 day 
 cflmax,ksmax,dt,nsound:  1.0000  0.0006    11.5886   14
           719              0.096341 day 
 cflmax,ksmax,dt,nsound:  1.0000  0.0006    11.5886   14
           720              0.096475 day 
 cflmax,ksmax,dt,nsound:  1.0000  0.0006    11.5886   14
           721              0.096609 day 
 cflmax,ksmax,dt,nsound:  1.0000  0.0006    11.5886   14
           722              0.096744 day 
 cflmax,ksmax,dt,nsound:  1.0000  0.0006    11.5885   14
           723              0.096878 day 
 cflmax,ksmax,dt,nsound:  1.0000  0.0006    11.5885   14
           724              0.097012 day 
 cflmax,ksmax,dt,nsound:  1.0000  0.0006    11.5885   14
           725              0.097146 day 
   dorad =  T
 cflmax,ksmax,dt,nsound:  1.0000  0.0006    11.5885   14
 
 Entering RADIATION_DRIVER 
   rrtmg_lwrad 
   rrtmg_swrad 
 Leaving RADIATION_DRIVER 
 
           726              0.097280 day 
 cflmax,ksmax,dt,nsound:  1.0000  0.0006    11.5885   14
           727              0.097414 day 
 cflmax,ksmax,dt,nsound:  1.0000  0.0006    11.5885   14
           728              0.097548 day 
 cflmax,ksmax,dt,nsound:  1.0000  0.0006    11.5884   14
           729              0.097682 day 
 cflmax,ksmax,dt,nsound:  1.0000  0.0006    11.5884   14
           730              0.097817 day 
 cflmax,ksmax,dt,nsound:  1.0000  0.0006    11.5884   14
           731              0.097951 day 
 cflmax,ksmax,dt,nsound:  1.0000  0.0006    11.5884   14
           732              0.098085 day 
 cflmax,ksmax,dt,nsound:  1.0000  0.0006    11.5884   14
           733              0.098219 day 
 cflmax,ksmax,dt,nsound:  1.0000  0.0006    11.5884   14
           734              0.098353 day 
 cflmax,ksmax,dt,nsound:  1.0000  0.0006    11.5884   14
           735              0.098487 day 
 cflmax,ksmax,dt,nsound:  1.0000  0.0006    11.5884   14
           736              0.098621 day 
 cflmax,ksmax,dt,nsound:  1.0000  0.0006    11.5883   14
           737              0.098755 day 
 cflmax,ksmax,dt,nsound:  1.0000  0.0006    11.5883   14
           738              0.098890 day 
 cflmax,ksmax,dt,nsound:  1.0000  0.0006    11.5883   14
           739              0.099024 day 
 cflmax,ksmax,dt,nsound:  1.0000  0.0006    11.5883   14
           740              0.099158 day 
 cflmax,ksmax,dt,nsound:  1.0000  0.0006    11.5883   14
           741              0.099292 day 
 cflmax,ksmax,dt,nsound:  1.0000  0.0006    11.5883   14
           742              0.099426 day 
 cflmax,ksmax,dt,nsound:  1.0000  0.0006    11.5883   14
           743              0.099560 day 
 cflmax,ksmax,dt,nsound:  1.0000  0.0006    11.5883   14
           744              0.099694 day 
 cflmax,ksmax,dt,nsound:  1.0000  0.0006    11.5883   14
           745              0.099828 day 
 cflmax,ksmax,dt,nsound:  1.0000  0.0006    11.5883   14
           746              0.099963 day 
 cflmax,ksmax,dt,nsound:  1.0000  0.0006    11.5883   14
           747              0.100097 day 
 cflmax,ksmax,dt,nsound:  1.0000  0.0006    11.5883   14
           748              0.100231 day 
 cflmax,ksmax,dt,nsound:  1.0000  0.0006    11.5882   14
           749              0.100365 day 
 cflmax,ksmax,dt,nsound:  1.0000  0.0006    11.5882   14
           750              0.100499 day 
 cflmax,ksmax,dt,nsound:  1.0000  0.0006    11.5882   14
           751              0.100633 day 
   dorad =  T
 cflmax,ksmax,dt,nsound:  1.0000  0.0006    11.5882   14
 
 Entering RADIATION_DRIVER 
   rrtmg_lwrad 
   rrtmg_swrad 
 Leaving RADIATION_DRIVER 
 
           752              0.100767 day 
 cflmax,ksmax,dt,nsound:  1.0000  0.0006    11.5882   14
           753              0.100901 day 
 cflmax,ksmax,dt,nsound:  1.0000  0.0006    11.5882   14
           754              0.101036 day 
 cflmax,ksmax,dt,nsound:  1.0000  0.0006    11.5881   14
           755              0.101170 day 
 cflmax,ksmax,dt,nsound:  1.0000  0.0006    11.5881   14
           756              0.101304 day 
 cflmax,ksmax,dt,nsound:  1.0000  0.0006    11.5881   14
           757              0.101438 day 
 cflmax,ksmax,dt,nsound:  1.0000  0.0006    11.5881   14
           758              0.101572 day 
 cflmax,ksmax,dt,nsound:  1.0000  0.0006    11.5881   14
           759              0.101706 day 
 cflmax,ksmax,dt,nsound:  1.0000  0.0006    11.5881   14
           760              0.101840 day 
 cflmax,ksmax,dt,nsound:  1.0000  0.0006    11.5881   14
           761              0.101974 day 
 cflmax,ksmax,dt,nsound:  1.0000  0.0006    11.5881   14
           762              0.102109 day 
 cflmax,ksmax,dt,nsound:  1.0000  0.0006    11.5881   14
           763              0.102243 day 
 cflmax,ksmax,dt,nsound:  1.0000  0.0006    11.5881   14
           764              0.102377 day 
 cflmax,ksmax,dt,nsound:  1.0000  0.0006    11.5881   14
           765              0.102511 day 
 cflmax,ksmax,dt,nsound:  1.0000  0.0006    11.5881   14
           766              0.102645 day 
 cflmax,ksmax,dt,nsound:  1.0000  0.0006    11.5881   14
           767              0.102779 day 
 cflmax,ksmax,dt,nsound:  1.0000  0.0006    11.5880   14
           768              0.102913 day 
 cflmax,ksmax,dt,nsound:  1.0000  0.0006    11.5880   14
           769              0.103047 day 
 cflmax,ksmax,dt,nsound:  1.0000  0.0006    11.5880   14
           770              0.103182 day 
 cflmax,ksmax,dt,nsound:  1.0000  0.0006    11.5880   14
           771              0.103316 day 
 cflmax,ksmax,dt,nsound:  1.0000  0.0006    11.5880   14
           772              0.103450 day 
 cflmax,ksmax,dt,nsound:  1.0000  0.0006    11.5880   14
           773              0.103584 day 
 cflmax,ksmax,dt,nsound:  1.0000  0.0006    11.5880   14
           774              0.103718 day 
 cflmax,ksmax,dt,nsound:  1.0000  0.0006    11.5880   14
           775              0.103852 day 
 cflmax,ksmax,dt,nsound:  1.0000  0.0007    11.5880   14
           776              0.103986 day 
 cflmax,ksmax,dt,nsound:  1.0000  0.0006    11.5880   14
           777              0.104120 day 
   dorad =  T
 cflmax,ksmax,dt,nsound:  1.0000  0.0007    11.5879   14
 
 Entering RADIATION_DRIVER 
   rrtmg_lwrad 
   rrtmg_swrad 
 Leaving RADIATION_DRIVER 
 
           778              0.104254 day 
 cflmax,ksmax,dt,nsound:  1.0000  0.0007    11.5879   14
           779              0.104389 day 
 cflmax,ksmax,dt,nsound:  1.0000  0.0007    11.5879   14
           780              0.104523 day 
 cflmax,ksmax,dt,nsound:  1.0000  0.0007    11.5879   14
           781              0.104657 day 
 cflmax,ksmax,dt,nsound:  1.0000  0.0007    11.5879   14
           782              0.104791 day 
 cflmax,ksmax,dt,nsound:  1.0000  0.0007    11.5879   14
           783              0.104925 day 
 cflmax,ksmax,dt,nsound:  1.0000  0.0007    11.5879   14
           784              0.105059 day 
 cflmax,ksmax,dt,nsound:  1.0000  0.0006    11.5878   14
           785              0.105193 day 
 cflmax,ksmax,dt,nsound:  1.0000  0.0007    11.5878   14
           786              0.105327 day 
 cflmax,ksmax,dt,nsound:  1.0000  0.0007    11.5878   14
           787              0.105462 day 
 cflmax,ksmax,dt,nsound:  1.0000  0.0006    11.5878   14
           788              0.105596 day 
 cflmax,ksmax,dt,nsound:  1.0000  0.0007    11.5878   14
           789              0.105730 day 
 cflmax,ksmax,dt,nsound:  1.0000  0.0007    11.5877   14
           790              0.105864 day 
 cflmax,ksmax,dt,nsound:  1.0000  0.0007    11.5877   14
           791              0.105998 day 
 cflmax,ksmax,dt,nsound:  1.0000  0.0007    11.5877   14
           792              0.106132 day 
 cflmax,ksmax,dt,nsound:  1.0000  0.0007    11.5877   14
           793              0.106266 day 
 cflmax,ksmax,dt,nsound:  1.0000  0.0007    11.5877   14
           794              0.106400 day 
 cflmax,ksmax,dt,nsound:  1.0000  0.0007    11.5877   14
           795              0.106535 day 
 cflmax,ksmax,dt,nsound:  1.0000  0.0007    11.5877   14
           796              0.106669 day 
 cflmax,ksmax,dt,nsound:  1.0000  0.0007    11.5877   14
           797              0.106803 day 
 cflmax,ksmax,dt,nsound:  1.0000  0.0007    11.5876   14
           798              0.106937 day 
 cflmax,ksmax,dt,nsound:  1.0000  0.0007    11.5876   14
           799              0.107071 day 
 cflmax,ksmax,dt,nsound:  1.0000  0.0007    11.5876   14
           800              0.107205 day 
 cflmax,ksmax,dt,nsound:  1.0000  0.0007    11.5876   14
           801              0.107339 day 
 cflmax,ksmax,dt,nsound:  1.0000  0.0007    11.5875   14
           802              0.107473 day 
 cflmax,ksmax,dt,nsound:  1.0000  0.0007    11.5875   14
           803              0.107607 day 
   dorad =  T
 cflmax,ksmax,dt,nsound:  1.0000  0.0007    11.5875   14
 
 Entering RADIATION_DRIVER 
   rrtmg_lwrad 
   rrtmg_swrad 
 Leaving RADIATION_DRIVER 
 
           804              0.107742 day 
 cflmax,ksmax,dt,nsound:  1.0000  0.0007    11.5875   14
           805              0.107876 day 
 cflmax,ksmax,dt,nsound:  1.0000  0.0007    11.5875   14
           806              0.108010 day 
 cflmax,ksmax,dt,nsound:  1.0000  0.0007    11.5875   14
           807              0.108144 day 
 cflmax,ksmax,dt,nsound:  1.0000  0.0007    11.5875   14
           808              0.108278 day 
 cflmax,ksmax,dt,nsound:  1.0000  0.0007    11.5875   14
           809              0.108412 day 
 cflmax,ksmax,dt,nsound:  1.0000  0.0007    11.5874   14
           810              0.108546 day 
 cflmax,ksmax,dt,nsound:  1.0000  0.0007    11.5874   14
           811              0.108680 day 
 cflmax,ksmax,dt,nsound:  1.0000  0.0007    11.5874   14
           812              0.108814 day 
 cflmax,ksmax,dt,nsound:  1.0000  0.0007    11.5874   14
           813              0.108949 day 
 cflmax,ksmax,dt,nsound:  1.0000  0.0007    11.5874   14
           814              0.109083 day 
 cflmax,ksmax,dt,nsound:  1.0000  0.0007    11.5874   14
           815              0.109217 day 
 cflmax,ksmax,dt,nsound:  1.0000  0.0007    11.5874   14
           816              0.109351 day 
 cflmax,ksmax,dt,nsound:  1.0000  0.0007    11.5874   14
           817              0.109485 day 
 cflmax,ksmax,dt,nsound:  1.0000  0.0007    11.5873   14
           818              0.109619 day 
 cflmax,ksmax,dt,nsound:  1.0000  0.0007    11.5873   14
           819              0.109753 day 
 cflmax,ksmax,dt,nsound:  1.0000  0.0007    11.5873   14
           820              0.109887 day 
 cflmax,ksmax,dt,nsound:  1.0000  0.0007    11.5873   14
           821              0.110021 day 
 cflmax,ksmax,dt,nsound:  1.0000  0.0007    11.5873   14
           822              0.110156 day 
 cflmax,ksmax,dt,nsound:  1.0000  0.0007    11.5872   14
           823              0.110290 day 
 cflmax,ksmax,dt,nsound:  1.0000  0.0007    11.5872   14
           824              0.110424 day 
 cflmax,ksmax,dt,nsound:  1.0000  0.0007    11.5872   14
           825              0.110558 day 
 cflmax,ksmax,dt,nsound:  1.0000  0.0007    11.5872   14
           826              0.110692 day 
 cflmax,ksmax,dt,nsound:  1.0000  0.0007    11.5872   14
           827              0.110826 day 
 cflmax,ksmax,dt,nsound:  1.0000  0.0007    11.5872   14
           828              0.110960 day 
 cflmax,ksmax,dt,nsound:  1.0000  0.0007    11.5872   14
           829              0.111094 day 
   dorad =  T
 cflmax,ksmax,dt,nsound:  1.0000  0.0007    11.5872   14
 
 Entering RADIATION_DRIVER 
   rrtmg_lwrad 
   rrtmg_swrad 
 Leaving RADIATION_DRIVER 
 
           830              0.111228 day 
 cflmax,ksmax,dt,nsound:  1.0000  0.0007    11.5872   14
           831              0.111363 day 
 cflmax,ksmax,dt,nsound:  1.0000  0.0007    11.5872   14
           832              0.111497 day 
 cflmax,ksmax,dt,nsound:  1.0000  0.0007    11.5872   14
           833              0.111631 day 
 cflmax,ksmax,dt,nsound:  1.0000  0.0007    11.5872   14
           834              0.111765 day 
 cflmax,ksmax,dt,nsound:  1.0000  0.0007    11.5871   14
           835              0.111899 day 
 cflmax,ksmax,dt,nsound:  1.0000  0.0007    11.5871   14
           836              0.112033 day 
 cflmax,ksmax,dt,nsound:  1.0000  0.0007    11.5871   14
           837              0.112167 day 
 cflmax,ksmax,dt,nsound:  1.0000  0.0007    11.5871   14
           838              0.112301 day 
 cflmax,ksmax,dt,nsound:  1.0000  0.0007    11.5871   14
           839              0.112435 day 
 cflmax,ksmax,dt,nsound:  1.0000  0.0007    11.5870   14
           840              0.112570 day 
 cflmax,ksmax,dt,nsound:  1.0000  0.0007    11.5870   14
           841              0.112704 day 
 cflmax,ksmax,dt,nsound:  1.0000  0.0007    11.5870   14
           842              0.112838 day 
 cflmax,ksmax,dt,nsound:  1.0000  0.0007    11.5869   14
           843              0.112972 day 
 cflmax,ksmax,dt,nsound:  1.0000  0.0007    11.5869   14
           844              0.113106 day 
 cflmax,ksmax,dt,nsound:  1.0000  0.0007    11.5869   14
           845              0.113240 day 
 cflmax,ksmax,dt,nsound:  1.0000  0.0007    11.5868   14
           846              0.113374 day 
 cflmax,ksmax,dt,nsound:  1.0000  0.0007    11.5868   14
           847              0.113508 day 
 cflmax,ksmax,dt,nsound:  1.0000  0.0007    11.5868   14
           848              0.113642 day 
 cflmax,ksmax,dt,nsound:  1.0000  0.0007    11.5868   14
           849              0.113777 day 
 cflmax,ksmax,dt,nsound:  1.0000  0.0007    11.5867   14
           850              0.113911 day 
 cflmax,ksmax,dt,nsound:  1.0000  0.0007    11.5867   14
           851              0.114045 day 
 cflmax,ksmax,dt,nsound:  1.0000  0.0007    11.5867   14
           852              0.114179 day 
 cflmax,ksmax,dt,nsound:  1.0000  0.0007    11.5867   14
           853              0.114313 day 
 cflmax,ksmax,dt,nsound:  1.0000  0.0007    11.5866   14
           854              0.114447 day 
   dorad =  T
 cflmax,ksmax,dt,nsound:  1.0000  0.0007    11.5866   14
 
 Entering RADIATION_DRIVER 
   rrtmg_lwrad 
   rrtmg_swrad 
 Leaving RADIATION_DRIVER 
 
           855              0.114581 day 
 cflmax,ksmax,dt,nsound:  1.0000  0.0007    11.5866   14
           856              0.114715 day 
 cflmax,ksmax,dt,nsound:  1.0000  0.0007    11.5866   14
           857              0.114849 day 
 cflmax,ksmax,dt,nsound:  1.0000  0.0007    11.5866   14
           858              0.114983 day 
 cflmax,ksmax,dt,nsound:  1.0000  0.0007    11.5866   14
           859              0.115118 day 
 cflmax,ksmax,dt,nsound:  1.0000  0.0007    11.5866   14
           860              0.115252 day 
 cflmax,ksmax,dt,nsound:  1.0000  0.0007    11.5865   14
           861              0.115386 day 
 cflmax,ksmax,dt,nsound:  1.0000  0.0007    11.5865   14
           862              0.115520 day 
 cflmax,ksmax,dt,nsound:  1.0000  0.0007    11.5864   14
           863              0.115654 day 
 cflmax,ksmax,dt,nsound:  1.0000  0.0007    11.5864   14
           864              0.115788 day 
 cflmax,ksmax,dt,nsound:  1.0000  0.0007    11.5863   14
           865              0.115922 day 
 cflmax,ksmax,dt,nsound:  1.0000  0.0007    11.5863   14
           866              0.116056 day 
 cflmax,ksmax,dt,nsound:  1.0000  0.0007    11.5863   14
           867              0.116190 day 
 cflmax,ksmax,dt,nsound:  1.0000  0.0007    11.5862   14
           868              0.116325 day 
 cflmax,ksmax,dt,nsound:  1.0000  0.0007    11.5862   14
           869              0.116459 day 
 cflmax,ksmax,dt,nsound:  1.0000  0.0007    11.5862   14
           870              0.116593 day 
 cflmax,ksmax,dt,nsound:  1.0000  0.0007    11.5861   14
           871              0.116727 day 
 cflmax,ksmax,dt,nsound:  1.0000  0.0007    11.5861   14
           872              0.116861 day 
 cflmax,ksmax,dt,nsound:  1.0000  0.0007    11.5861   14
           873              0.116995 day 
 cflmax,ksmax,dt,nsound:  1.0000  0.0007    11.5861   14
           874              0.117129 day 
 cflmax,ksmax,dt,nsound:  1.0000  0.0007    11.5860   14
           875              0.117263 day 
 cflmax,ksmax,dt,nsound:  1.0000  0.0007    11.5860   14
           876              0.117397 day 
 cflmax,ksmax,dt,nsound:  1.0000  0.0007    11.5860   14
           877              0.117531 day 
 cflmax,ksmax,dt,nsound:  1.0000  0.0007    11.5860   14
           878              0.117665 day 
 cflmax,ksmax,dt,nsound:  1.0000  0.0007    11.5860   14
           879              0.117800 day 
 cflmax,ksmax,dt,nsound:  1.0000  0.0007    11.5859   14
           880              0.117934 day 
   dorad =  T
 cflmax,ksmax,dt,nsound:  1.0000  0.0007    11.5859   14
 
 Entering RADIATION_DRIVER 
   rrtmg_lwrad 
   rrtmg_swrad 
 Leaving RADIATION_DRIVER 
 
           881              0.118068 day 
 cflmax,ksmax,dt,nsound:  1.0000  0.0007    11.5859   14
           882              0.118202 day 
 cflmax,ksmax,dt,nsound:  1.0000  0.0007    11.5859   14
           883              0.118336 day 
 cflmax,ksmax,dt,nsound:  1.0000  0.0007    11.5859   14
           884              0.118470 day 
 cflmax,ksmax,dt,nsound:  1.0000  0.0007    11.5859   14
           885              0.118604 day 
 cflmax,ksmax,dt,nsound:  1.0000  0.0007    11.5859   14
           886              0.118738 day 
 cflmax,ksmax,dt,nsound:  1.0000  0.0007    11.5860   14
           887              0.118872 day 
 cflmax,ksmax,dt,nsound:  1.0000  0.0007    11.5860   14
           888              0.119006 day 
 cflmax,ksmax,dt,nsound:  1.0000  0.0007    11.5860   14
           889              0.119141 day 
 cflmax,ksmax,dt,nsound:  1.0000  0.0007    11.5860   14
           890              0.119275 day 
 cflmax,ksmax,dt,nsound:  1.0000  0.0007    11.5860   14
           891              0.119409 day 
 cflmax,ksmax,dt,nsound:  1.0000  0.0007    11.5860   14
           892              0.119543 day 
 cflmax,ksmax,dt,nsound:  1.0000  0.0007    11.5861   14
           893              0.119677 day 
 cflmax,ksmax,dt,nsound:  1.0000  0.0007    11.5861   14
           894              0.119811 day 
 cflmax,ksmax,dt,nsound:  1.0000  0.0007    11.5860   14
           895              0.119945 day 
 cflmax,ksmax,dt,nsound:  1.0000  0.0007    11.5860   14
           896              0.120079 day 
 cflmax,ksmax,dt,nsound:  1.0000  0.0007    11.5859   14
           897              0.120213 day 
 cflmax,ksmax,dt,nsound:  1.0000  0.0007    11.5859   14
           898              0.120347 day 
 cflmax,ksmax,dt,nsound:  1.0000  0.0007    11.5858   14
           899              0.120482 day 
 cflmax,ksmax,dt,nsound:  1.0000  0.0007    11.5858   14
           900              0.120616 day 
 cflmax,ksmax,dt,nsound:  1.0000  0.0008    11.5857   14
           901              0.120750 day 
 cflmax,ksmax,dt,nsound:  1.0000  0.0007    11.5857   14
           902              0.120884 day 
 cflmax,ksmax,dt,nsound:  1.0000  0.0007    11.5857   14
           903              0.121018 day 
 cflmax,ksmax,dt,nsound:  1.0000  0.0007    11.5856   14
           904              0.121152 day 
 cflmax,ksmax,dt,nsound:  1.0000  0.0007    11.5856   14
           905              0.121286 day 
 cflmax,ksmax,dt,nsound:  1.0000  0.0007    11.5856   14
           906              0.121420 day 
   dorad =  T
 cflmax,ksmax,dt,nsound:  1.0000  0.0008    11.5856   14
 
 Entering RADIATION_DRIVER 
   rrtmg_lwrad 
   rrtmg_swrad 
 Leaving RADIATION_DRIVER 
 
           907              0.121554 day 
 cflmax,ksmax,dt,nsound:  1.0000  0.0008    11.5855   14
           908              0.121688 day 
 cflmax,ksmax,dt,nsound:  1.0000  0.0007    11.5855   14
           909              0.121822 day 
 cflmax,ksmax,dt,nsound:  1.0000  0.0007    11.5855   14
           910              0.121957 day 
 cflmax,ksmax,dt,nsound:  1.0000  0.0007    11.5855   14
           911              0.122091 day 
 cflmax,ksmax,dt,nsound:  1.0000  0.0007    11.5855   14
           912              0.122225 day 
 cflmax,ksmax,dt,nsound:  1.0000  0.0007    11.5855   14
           913              0.122359 day 
 cflmax,ksmax,dt,nsound:  1.0000  0.0007    11.5855   14
           914              0.122493 day 
 cflmax,ksmax,dt,nsound:  1.0000  0.0007    11.5855   14
           915              0.122627 day 
 cflmax,ksmax,dt,nsound:  1.0000  0.0007    11.5856   14
           916              0.122761 day 
 cflmax,ksmax,dt,nsound:  1.0000  0.0008    11.5855   14
           917              0.122895 day 
 cflmax,ksmax,dt,nsound:  1.0000  0.0008    11.5855   14
           918              0.123029 day 
 cflmax,ksmax,dt,nsound:  1.0000  0.0008    11.5855   14
           919              0.123163 day 
 cflmax,ksmax,dt,nsound:  1.0000  0.0008    11.5854   14
           920              0.123297 day 
 cflmax,ksmax,dt,nsound:  1.0000  0.0008    11.5854   14
           921              0.123432 day 
 cflmax,ksmax,dt,nsound:  1.0000  0.0007    11.5853   14
           922              0.123566 day 
 cflmax,ksmax,dt,nsound:  1.0000  0.0007    11.5853   14
           923              0.123700 day 
 cflmax,ksmax,dt,nsound:  1.0000  0.0007    11.5853   14
           924              0.123834 day 
 cflmax,ksmax,dt,nsound:  1.0000  0.0007    11.5852   14
           925              0.123968 day 
 cflmax,ksmax,dt,nsound:  1.0000  0.0007    11.5852   14
           926              0.124102 day 
 cflmax,ksmax,dt,nsound:  1.0000  0.0007    11.5852   14
           927              0.124236 day 
 cflmax,ksmax,dt,nsound:  1.0000  0.0007    11.5852   14
           928              0.124370 day 
 cflmax,ksmax,dt,nsound:  1.0000  0.0007    11.5852   14
           929              0.124504 day 
 cflmax,ksmax,dt,nsound:  1.0000  0.0008    11.5851   14
   Note: setting dt based on upcoming stat time 
   Note: setting dt based on upcoming diag time 
           930              0.124638 day 
 cflmax,ksmax,dt,nsound:  0.8991  0.0007    10.4158   14
   Note: setting dt based on upcoming stat time 
   Note: setting dt based on upcoming diag time 
           931              0.124759 day 
 cflmax,ksmax,dt,nsound:  0.8991  0.0007    10.4158   14
   Note: setting dt based on upcoming stat time 
   Note: setting dt based on upcoming diag time 
           932              0.124879 day 
   dorad =  T
   getvt =  T
   Getting dbz ... 
   dotbud =  T
   doqbud =  T
   doubud =  T
   dovbud =  T
   dowbud =  T
 cflmax,ksmax,dt,nsound:  0.8991  0.0007    10.4158   14
   Getting fall velocities for Morrison MP scheme 
 
 Entering RADIATION_DRIVER 
   rrtmg_lwrad 
   rrtmg_swrad 
 Leaving RADIATION_DRIVER 
 
  WMAX  :  0.611557E-01 1000  448   26    WMIN  : -0.687918E-01   79  327   27
  UMAX  :   11.9747      116  419    9    UMIN  :  -43.1595      268  122   41
  SUMAX :   5.96722      262  282    1    SUMIN :   5.86125      423   95    1
  VMAX  :  0.296296      735   11    1    VMIN  : -0.789536E-01  494    4    6
  SVMAX :  0.296296      735   11    1    SVMIN :  0.160141      763  474    1
  PPIMAX: -0.512430E-05  610  345    1    PPIMIN: -0.245616E-03  600  200   37
  PPMAX :  -1.79688       68   12    1    PPMIN :  -33.8008      722    3   19
  THPMAX:  0.422061      363  339   45    THPMIN: -0.861955      614  441    1
  STHPMX: -0.831369      422  255    1    STHPMN: -0.861955      614  441    1
  MAXqv :  0.220941E-01  614  441    1    MINqv :  0.300452E-05  237  149   42
  MAXqc :   0.00000        1    1    1    MINqc :   0.00000        1    1    1
  MAXqr :   0.00000        1    1    1    MINqr :   0.00000        1    1    1
  MAXqi :   0.00000        1    1    1    MINqi :   0.00000        1    1    1
  MAXqs :   0.00000        1    1    1    MINqs :   0.00000        1    1    1
  MAXqg :   0.00000        1    1    1    MINqg :   0.00000        1    1    1
  MAXnci:   0.00000        1    1    1    MINnci:   0.00000        1    1    1
  MAXncs:   0.00000        1    1    1    MINncs:   0.00000        1    1    1
  MAXncr:   0.00000        1    1    1    MINncr:   0.00000        1    1    1
  MAXncg:   0.00000        1    1    1    MINncg:   0.00000        1    1    1
  PRATMX:   0.00000        1    1    1    PRATMN:   0.00000        1    1    1
  KMHMAX:   0.00000        1    1    1    KMHMIN:   0.00000        1    1    1
  KMVMAX:   11.1123      182  368    4    KMVMIN:   0.00000        1    1   66
  KHHMAX:   0.00000        1    1    1    KHHMIN:   0.00000        1    1    1
  KHVMAX:   11.1123      182  368    4    KHVMIN:   0.00000        1    1   66
  DIVMAX:  0.801359E-06  207  315    4    DIVMIN: -0.940774E-06 1022  287    3
  RHMAX :  0.901400      384  159    4    RHMIN :  0.300684E-02  741  242   65
  RHIMAX:  0.866079     1001   90   33    RHIMIN:  0.532382E-02  741  242   65
  THEMAX:   366.860      614  441    1    THEMIN:   319.055      615  102   19
  STHEMX:   366.860      614  441    1    STHEMN:   366.612      175  138    1
  QCTOP :      0.000000    1    1    1    QCBOT :      0.000000    1    1    1
  SFPMAX:   100717.       68   12    1    SFPMIN:   100717.       94   13    1
  PSFCMX:   100999.       69   12    1    PSFCMN:   100999.       94   13    1
  WSPMAX:   43.1595      268  122   41    WSPMIN:  0.425161      643  256   16
  SWSPMX:   5.96991      616   28    1    SWSPMN:   5.87096      371  157    1
  10MWMX:   5.55939      616   28    1    10MWMN:   5.46840      371  157    1
  HPBLMX:   424.860      735   97    1    HPBLMN:   409.837      842  196    1
  CFLMAX:      0.998991  268  122   41
  KSHMAX:   0.00000        0    0    0
  KSVMAX:  0.122858E-01  596  449    3
  VORSFC:  0.174391E-03
  VOR1KM:  0.400375E-03
  VOR2KM:  0.137215E-03
  VOR3KM:  0.108543E-03
  VOR4KM:  0.165969E-03
  VOR5KM:  0.593048E-04
  TMASS :  0.132247E+16
  TMOIS :  0.571570E+13
  qv MAS:  0.571570E+13
  qc MAS:  0.000000E+00
  qr MAS:  0.000000E+00
  qi MAS:  0.000000E+00
  qs MAS:  0.000000E+00
  qg MAS:  0.000000E+00
  TENERG:  0.343264E+21
  TMU   : -0.611912E+16
  TMV   :  0.112897E+14
  TMW   : -0.543687E+12
  TMFU  :  0.744348E+10
  TMFD  : -0.863715E+10
  tcond :  0.000000E+00
  tevac :  0.000000E+00
  tauto :  0.000000E+00
  taccr :  0.000000E+00
  tevar :  0.000000E+00
  train :  0.000000E+00
  erain :  0.000000E+00
  qsfc  :  0.227476E+11
  esfc  : -0.362327E+16
  erad  :  0.000000E+00
  asqv  :  0.000000E+00
  asqc  :  0.000000E+00
  asqr  :  0.000000E+00
  asqi  :  0.000000E+00
  asqs  :  0.000000E+00
  asqg  :  0.000000E+00
  asnci :  0.000000E+00
  asncs :  0.000000E+00
  asncr :  0.000000E+00
  asncg :  0.000000E+00
  bsqv  :  0.000000E+00
  bsqc  :  0.000000E+00
  bsqr  :  0.000000E+00
  bsqi  :  0.000000E+00
  bsqs  :  0.000000E+00
  bsqg  :  0.000000E+00
  bsnci :  0.000000E+00
  bsncs :  0.000000E+00
  bsncr :  0.000000E+00
  bsncg :  0.000000E+00
 cm1out_stats.ctl                                                               
                                          
   next stattim =    14400.0000000000     
           933              0.125000 day 
 
  ..... begin domaindiag code ..... 
 
   nwritet =            4
 cm1out_diag_000004_s.dat                                                       
                                          
 cm1out_diag_000004_w.dat                                                       
                                          
   wloop =            1
           1 mtime
           2 nstep
           3 umove
           4 vmove
           5 domainlocx
           6 domainlocy
           7 ust
           8 stau
           9 znt
          10 tsk
          11 psfc
          12 qsfc
          13 thflux
          14 qvflux
          15 hfx
          16 qfx
          17 u10
          18 v10
          19 s10
          20 t2
          21 q2
          22 th2
          23 cd
          24 ch
          25 cq
          26 hpbl
          27 wspd
          28 zol
          29 br
          30 brcr
          31 phim
          32 phih
          33 psim
          34 psih
          35 tst
          36 qst
          37 mol
          38 rain
          39 prate
          40 cwp
          41 rwp
          42 lwp
          43 pwat
          44 spwr
          45 fwp
          46 iwp
          47 swp
          48 gwp
          49 tcwp
          50 cwpvar
          51 rwpvar
          52 lwpvar
          53 qcfrac_col
          54 qrfrac_col
          55 qlfrac_col
          56 qifrac_col
          57 qtfrac_col
          58 qcb
          59 qrb
          60 qlb
          61 qcbvar
          62 qrbvar
          63 qlbvar
          64 qct
          65 qrt
          66 qlt
          67 qctvar
          68 qrtvar
          69 qltvar
          70 lwupt
          71 lwdnt
          72 lwupb
          73 lwdnb
          74 swupt
          75 swdnt
          76 swupb
          77 swdnb
          78 lwuptc
          79 lwdntc
          80 lwupbc
          81 lwdnbc
          82 swuptc
          83 swdntc
          84 swupbc
          85 swdnbc
          86 lwcf
          87 swcf
          88 cape
          89 cin
          90 lcl
          91 lfc
          92 zmelt
          93 pmelt
          94 s u
          95 w uinterp
          96 s v
          97 w vinterp
          98 w w
          99 s th
         100 w thinterp
         101 s t
         102 s prs
         103 w prsinterp
         104 s rho
         105 w rhointerp
         106 s ppi
         107 s qv
         108 s qc
         109 s qr
         110 s qi
         111 s qs
         112 s qg
         113 s nci
         114 s ncs
         115 s ncr
         116 s ncg
         117 s shv
         118 s shc
         119 s shr
         120 s shi
         121 s shs
         122 s shg
         123 s qliq
         124 s qice
         125 s qt
         126 s dbz
         127 s fc
         128 s fr
         129 s fi
         130 s fs
         131 s fg
         132 s precc
         133 s precr
         134 s preci
         135 s precs
         136 s precg
         137 s prec
         138 s qcfrac
         139 s qrfrac
         140 s qlfrac
         141 s qifrac
         142 s qtfrac
         143 s clw
         144 s cli
         145 s plw
         146 s pli
         147 s thv
         148 s brz
         149 s thl
         150 s the
         151 s rh
         152 s rhi
         153 w dissten
         154 w epst
         155 w nm
         156 w defh
         157 w defv
         158 w kmh
         159 w kmv
         160 w khh
         161 w khv
         162 w pr
         163 w rinum
         164 w grdscl
         165 s wsp
         166 w wspinterp
         167 s wspan
         168 s wspa
         169 s sdwsp
         170 s o3
         171 s swten
         172 s lwten
         173 s swtenc
         174 s lwtenc
         175 s cldfra
         176 s effc
         177 s effr
         178 s effs
         179 s effi
         180 s effg
         181 s effis
         182 w ndws
         183 w ndws2
         184 w dtdz
         185 w dudz
         186 w dvdz
         187 w dsdz
         188 w dqvdz
         189 s ug
         190 s vg
         191 s u0
         192 s v0
         193 s upup
         194 s upupup
         195 s vpvp
         196 s vpvpvp
         197 s wpwp
         198 s upvp
         199 s upwp
         200 s vpwp
         201 s thvarr
         202 w thvarrinterp
         203 s tptptp
         204 s uptp
         205 s vptp
         206 s thvvarr
         207 s thlvarr
         208 s qvvarr
         209 s qpqpqp
         210 s qlvarr
         211 s qtvarr
         212 s wpwptp
         213 s wptptp
         214 w upup_w
         215 w vpvp_w
         216 w wpwp_w
         217 w upvp_w
         218 w upwp_w
         219 w vpwp_w
         220 w wpwpwp
         221 w wpupup
         222 w wpvpvp
         223 w ufr
         224 w ufs
         225 w ufd
         226 w vfr
         227 w vfs
         228 w vfd
         229 w thfr
         230 w thfs
         231 w thfd
         232 w thvfr
         233 w thvfs
         234 w thvfd
         235 w thlfr
         236 w thlfs
         237 w thlfd
         238 w qvfr
         239 w qvfs
         240 w qvfd
         241 w qlfr
         242 w qlfs
         243 w qlfd
         244 w qtfr
         245 w qtfs
         246 w qtfd
         247 s ptb_vturbr
         248 s ptb_vturbs
         249 s ptb_vturbd
         250 s ptb_frc
         251 s qvb_vturbr
         252 s qvb_vturbs
         253 s qvb_vturbd
         254 s qvb_frc
         255 s ub_vturbr
         256 s ub_vturbs
         257 s ub_vturbd
         258 s ub_lspg
         259 s ub_frc
         260 s vb_vturbr
         261 s vb_vturbs
         262 s vb_vturbd
         263 s vb_lspg
         264 s vb_frc
         265 s rtke
         266 w rtke_w
         267 w wprof
         268 w wmax
         269 w wmin
         270 s tmfu
         271 s tmfd
         272 s wspmax
         273 s wspmin
         274 s zetamax
         275 s zetamin
         276 wvar_max
         277 wstar
         278 fbmin
         279 zfbmin
 
  ..... end domaindiag code ..... 
 
   next diagtim =    14400.0000000000     
 cflmax,ksmax,dt,nsound:  0.9890  0.0007    11.4574   14
           934              0.125133 day 
 cflmax,ksmax,dt,nsound:  1.0000  0.0007    11.5849   14
           935              0.125267 day 
 cflmax,ksmax,dt,nsound:  1.0000  0.0007    11.5848   14
           936              0.125401 day 
 cflmax,ksmax,dt,nsound:  1.0000  0.0007    11.5848   14
           937              0.125535 day 
 cflmax,ksmax,dt,nsound:  1.0000  0.0007    11.5847   14
           938              0.125669 day 
 cflmax,ksmax,dt,nsound:  1.0000  0.0007    11.5847   14
           939              0.125803 day 
 cflmax,ksmax,dt,nsound:  1.0000  0.0007    11.5846   14
           940              0.125937 day 
 cflmax,ksmax,dt,nsound:  1.0000  0.0007    11.5846   14
           941              0.126071 day 
 cflmax,ksmax,dt,nsound:  1.0000  0.0007    11.5846   14
           942              0.126205 day 
 cflmax,ksmax,dt,nsound:  1.0000  0.0007    11.5846   14
           943              0.126339 day 
 cflmax,ksmax,dt,nsound:  1.0000  0.0007    11.5845   14
           944              0.126473 day 
 cflmax,ksmax,dt,nsound:  1.0000  0.0007    11.5845   14
           945              0.126608 day 
 cflmax,ksmax,dt,nsound:  1.0000  0.0007    11.5845   14
           946              0.126742 day 
 cflmax,ksmax,dt,nsound:  1.0000  0.0007    11.5844   14
           947              0.126876 day 
 cflmax,ksmax,dt,nsound:  1.0000  0.0007    11.5844   14
           948              0.127010 day 
 cflmax,ksmax,dt,nsound:  1.0000  0.0007    11.5844   14
           949              0.127144 day 
 cflmax,ksmax,dt,nsound:  1.0000  0.0007    11.5843   14
           950              0.127278 day 
 cflmax,ksmax,dt,nsound:  1.0000  0.0007    11.5843   14
           951              0.127412 day 
 cflmax,ksmax,dt,nsound:  1.0000  0.0007    11.5843   14
           952              0.127546 day 
 cflmax,ksmax,dt,nsound:  1.0000  0.0007    11.5843   14
           953              0.127680 day 
 cflmax,ksmax,dt,nsound:  1.0000  0.0008    11.5843   14
           954              0.127814 day 
 cflmax,ksmax,dt,nsound:  1.0000  0.0008    11.5843   14
           955              0.127948 day 
 cflmax,ksmax,dt,nsound:  1.0000  0.0008    11.5843   14
           956              0.128082 day 
 cflmax,ksmax,dt,nsound:  1.0000  0.0007    11.5843   14
           957              0.128216 day 
 cflmax,ksmax,dt,nsound:  1.0000  0.0007    11.5843   14
           958              0.128351 day 
   dorad =  T
 cflmax,ksmax,dt,nsound:  1.0000  0.0007    11.5843   14
 
 Entering RADIATION_DRIVER 
   rrtmg_lwrad 
   rrtmg_swrad 
 Leaving RADIATION_DRIVER 
 
           959              0.128485 day 
 cflmax,ksmax,dt,nsound:  1.0000  0.0007    11.5843   14
           960              0.128619 day 
 cflmax,ksmax,dt,nsound:  1.0000  0.0007    11.5843   14
           961              0.128753 day 
 cflmax,ksmax,dt,nsound:  1.0000  0.0007    11.5843   14
           962              0.128887 day 
 cflmax,ksmax,dt,nsound:  1.0000  0.0007    11.5843   14
           963              0.129021 day 
 cflmax,ksmax,dt,nsound:  1.0000  0.0007    11.5843   14
           964              0.129155 day 
 cflmax,ksmax,dt,nsound:  1.0000  0.0007    11.5844   14
           965              0.129289 day 
 cflmax,ksmax,dt,nsound:  1.0000  0.0007    11.5844   14
           966              0.129423 day 
 cflmax,ksmax,dt,nsound:  1.0000  0.0007    11.5844   14
           967              0.129557 day 
 cflmax,ksmax,dt,nsound:  1.0000  0.0007    11.5844   14
           968              0.129691 day 
 cflmax,ksmax,dt,nsound:  1.0000  0.0007    11.5844   14
           969              0.129825 day 
 cflmax,ksmax,dt,nsound:  1.0000  0.0007    11.5844   14
           970              0.129959 day 
 cflmax,ksmax,dt,nsound:  1.0000  0.0007    11.5845   14
           971              0.130094 day 
 cflmax,ksmax,dt,nsound:  1.0000  0.0007    11.5844   14
           972              0.130228 day 
 cflmax,ksmax,dt,nsound:  1.0000  0.0007    11.5844   14
           973              0.130362 day 
 cflmax,ksmax,dt,nsound:  1.0000  0.0007    11.5843   14
           974              0.130496 day 
 cflmax,ksmax,dt,nsound:  1.0000  0.0007    11.5843   14
           975              0.130630 day 
 cflmax,ksmax,dt,nsound:  1.0000  0.0007    11.5843   14
           976              0.130764 day 
 cflmax,ksmax,dt,nsound:  1.0000  0.0007    11.5843   14
           977              0.130898 day 
 cflmax,ksmax,dt,nsound:  1.0000  0.0007    11.5842   14
           978              0.131032 day 
 cflmax,ksmax,dt,nsound:  1.0000  0.0007    11.5842   14
           979              0.131166 day 
 cflmax,ksmax,dt,nsound:  1.0000  0.0007    11.5841   14
           980              0.131300 day 
 cflmax,ksmax,dt,nsound:  1.0000  0.0007    11.5840   14
           981              0.131434 day 
 cflmax,ksmax,dt,nsound:  1.0000  0.0007    11.5839   14
           982              0.131568 day 
 cflmax,ksmax,dt,nsound:  1.0000  0.0007    11.5838   14
           983              0.131702 day 
 cflmax,ksmax,dt,nsound:  1.0000  0.0007    11.5838   14
           984              0.131837 day 
   dorad =  T
 cflmax,ksmax,dt,nsound:  1.0000  0.0007    11.5837   14
 
 Entering RADIATION_DRIVER 
   rrtmg_lwrad 
   rrtmg_swrad 
 Leaving RADIATION_DRIVER 
 
           985              0.131971 day 
 cflmax,ksmax,dt,nsound:  1.0000  0.0007    11.5836   14
           986              0.132105 day 
 cflmax,ksmax,dt,nsound:  1.0000  0.0007    11.5835   14
           987              0.132239 day 
 cflmax,ksmax,dt,nsound:  1.0000  0.0007    11.5835   14
           988              0.132373 day 
 cflmax,ksmax,dt,nsound:  1.0000  0.0007    11.5834   14
           989              0.132507 day 
 cflmax,ksmax,dt,nsound:  1.0000  0.0007    11.5833   14
           990              0.132641 day 
 cflmax,ksmax,dt,nsound:  1.0000  0.0007    11.5833   14
           991              0.132775 day 
 cflmax,ksmax,dt,nsound:  1.0000  0.0007    11.5832   14
           992              0.132909 day 
 cflmax,ksmax,dt,nsound:  1.0000  0.0007    11.5832   14
           993              0.133043 day 
 cflmax,ksmax,dt,nsound:  1.0000  0.0007    11.5831   14
           994              0.133177 day 
 cflmax,ksmax,dt,nsound:  1.0000  0.0007    11.5831   14
           995              0.133311 day 
 cflmax,ksmax,dt,nsound:  1.0000  0.0007    11.5830   14
           996              0.133445 day 
 cflmax,ksmax,dt,nsound:  1.0000  0.0007    11.5830   14
           997              0.133579 day 
 cflmax,ksmax,dt,nsound:  1.0000  0.0007    11.5829   14
           998              0.133713 day 
 cflmax,ksmax,dt,nsound:  1.0000  0.0007    11.5829   14
           999              0.133848 day 
 cflmax,ksmax,dt,nsound:  1.0000  0.0007    11.5829   14
          1000              0.133982 day 
 cflmax,ksmax,dt,nsound:  1.0000  0.0007    11.5829   14
          1001              0.134116 day 
 cflmax,ksmax,dt,nsound:  1.0000  0.0007    11.5829   14
          1002              0.134250 day 
 cflmax,ksmax,dt,nsound:  1.0000  0.0007    11.5828   14
          1003              0.134384 day 
 cflmax,ksmax,dt,nsound:  1.0000  0.0007    11.5828   14
          1004              0.134518 day 
 cflmax,ksmax,dt,nsound:  1.0000  0.0007    11.5828   14
          1005              0.134652 day 
 cflmax,ksmax,dt,nsound:  1.0000  0.0007    11.5828   14
          1006              0.134786 day 
 cflmax,ksmax,dt,nsound:  1.0000  0.0007    11.5828   14
          1007              0.134920 day 
 cflmax,ksmax,dt,nsound:  1.0000  0.0007    11.5828   14
          1008              0.135054 day 
 cflmax,ksmax,dt,nsound:  1.0000  0.0007    11.5828   14
          1009              0.135188 day 
 cflmax,ksmax,dt,nsound:  1.0000  0.0007    11.5828   14
          1010              0.135322 day 
   dorad =  T
 cflmax,ksmax,dt,nsound:  1.0000  0.0007    11.5827   14
 
 Entering RADIATION_DRIVER 
   rrtmg_lwrad 
   rrtmg_swrad 
 Leaving RADIATION_DRIVER 
 
          1011              0.135456 day 
 cflmax,ksmax,dt,nsound:  1.0000  0.0007    11.5827   14
          1012              0.135590 day 
 cflmax,ksmax,dt,nsound:  1.0000  0.0007    11.5826   14
          1013              0.135724 day 
 cflmax,ksmax,dt,nsound:  1.0000  0.0007    11.5826   14
          1014              0.135858 day 
 cflmax,ksmax,dt,nsound:  1.0000  0.0007    11.5826   14
          1015              0.135992 day 
 cflmax,ksmax,dt,nsound:  1.0000  0.0007    11.5825   14
          1016              0.136127 day 
 cflmax,ksmax,dt,nsound:  1.0000  0.0007    11.5825   14
          1017              0.136261 day 
 cflmax,ksmax,dt,nsound:  1.0000  0.0007    11.5825   14
          1018              0.136395 day 
 cflmax,ksmax,dt,nsound:  1.0000  0.0007    11.5825   14
          1019              0.136529 day 
 cflmax,ksmax,dt,nsound:  1.0000  0.0007    11.5825   14
          1020              0.136663 day 
 cflmax,ksmax,dt,nsound:  1.0000  0.0007    11.5825   14
          1021              0.136797 day 
 cflmax,ksmax,dt,nsound:  1.0000  0.0007    11.5825   14
          1022              0.136931 day 
 cflmax,ksmax,dt,nsound:  1.0000  0.0007    11.5825   14
          1023              0.137065 day 
 cflmax,ksmax,dt,nsound:  1.0000  0.0007    11.5825   14
          1024              0.137199 day 
 cflmax,ksmax,dt,nsound:  1.0000  0.0007    11.5825   14
          1025              0.137333 day 
 cflmax,ksmax,dt,nsound:  1.0000  0.0007    11.5825   14
          1026              0.137467 day 
 cflmax,ksmax,dt,nsound:  1.0000  0.0007    11.5825   14
          1027              0.137601 day 
 cflmax,ksmax,dt,nsound:  1.0000  0.0007    11.5825   14
          1028              0.137735 day 
 cflmax,ksmax,dt,nsound:  1.0000  0.0007    11.5825   14
          1029              0.137869 day 
 cflmax,ksmax,dt,nsound:  1.0000  0.0007    11.5826   14
          1030              0.138003 day 
 cflmax,ksmax,dt,nsound:  1.0000  0.0007    11.5826   14
          1031              0.138137 day 
 cflmax,ksmax,dt,nsound:  1.0000  0.0007    11.5826   14
          1032              0.138271 day 
 cflmax,ksmax,dt,nsound:  1.0000  0.0007    11.5826   14
          1033              0.138405 day 
 cflmax,ksmax,dt,nsound:  1.0000  0.0007    11.5825   14
          1034              0.138540 day 
 cflmax,ksmax,dt,nsound:  1.0000  0.0007    11.5824   14
          1035              0.138674 day 
 cflmax,ksmax,dt,nsound:  1.0000  0.0007    11.5823   14
          1036              0.138808 day 
   dorad =  T
 cflmax,ksmax,dt,nsound:  1.0000  0.0007    11.5822   14
 
 Entering RADIATION_DRIVER 
   rrtmg_lwrad 
   rrtmg_swrad 
 Leaving RADIATION_DRIVER 
 
          1037              0.138942 day 
 cflmax,ksmax,dt,nsound:  1.0000  0.0007    11.5821   14
          1038              0.139076 day 
 cflmax,ksmax,dt,nsound:  1.0000  0.0007    11.5820   14
          1039              0.139210 day 
 cflmax,ksmax,dt,nsound:  1.0000  0.0007    11.5819   14
          1040              0.139344 day 
 cflmax,ksmax,dt,nsound:  1.0000  0.0007    11.5819   14
          1041              0.139478 day 
 cflmax,ksmax,dt,nsound:  1.0000  0.0007    11.5818   14
          1042              0.139612 day 
 cflmax,ksmax,dt,nsound:  1.0000  0.0007    11.5817   14
          1043              0.139746 day 
 cflmax,ksmax,dt,nsound:  1.0000  0.0007    11.5816   14
          1044              0.139880 day 
 cflmax,ksmax,dt,nsound:  1.0000  0.0007    11.5816   14
          1045              0.140014 day 
 cflmax,ksmax,dt,nsound:  1.0000  0.0007    11.5815   14
          1046              0.140148 day 
 cflmax,ksmax,dt,nsound:  1.0000  0.0007    11.5815   14
          1047              0.140282 day 
 cflmax,ksmax,dt,nsound:  1.0000  0.0007    11.5814   14
          1048              0.140416 day 
 cflmax,ksmax,dt,nsound:  1.0000  0.0007    11.5814   14
          1049              0.140550 day 
 cflmax,ksmax,dt,nsound:  1.0000  0.0007    11.5813   14
          1050              0.140684 day 
 cflmax,ksmax,dt,nsound:  1.0000  0.0007    11.5813   14
          1051              0.140818 day 
 cflmax,ksmax,dt,nsound:  1.0000  0.0007    11.5813   14
          1052              0.140952 day 
 cflmax,ksmax,dt,nsound:  1.0000  0.0007    11.5813   14
          1053              0.141086 day 
 cflmax,ksmax,dt,nsound:  1.0000  0.0007    11.5813   14
          1054              0.141220 day 
 cflmax,ksmax,dt,nsound:  1.0000  0.0007    11.5813   14
          1055              0.141355 day 
 cflmax,ksmax,dt,nsound:  1.0000  0.0007    11.5812   14
          1056              0.141489 day 
 cflmax,ksmax,dt,nsound:  1.0000  0.0007    11.5812   14
          1057              0.141623 day 
 cflmax,ksmax,dt,nsound:  1.0000  0.0007    11.5812   14
          1058              0.141757 day 
 cflmax,ksmax,dt,nsound:  1.0000  0.0007    11.5812   14
          1059              0.141891 day 
 cflmax,ksmax,dt,nsound:  1.0000  0.0007    11.5813   14
          1060              0.142025 day 
 cflmax,ksmax,dt,nsound:  1.0000  0.0007    11.5813   14
          1061              0.142159 day 
 cflmax,ksmax,dt,nsound:  1.0000  0.0007    11.5813   14
          1062              0.142293 day 
   dorad =  T
 cflmax,ksmax,dt,nsound:  1.0000  0.0007    11.5813   14
 
 Entering RADIATION_DRIVER 
   rrtmg_lwrad 
   rrtmg_swrad 
 Leaving RADIATION_DRIVER 
 
          1063              0.142427 day 
 cflmax,ksmax,dt,nsound:  1.0000  0.0007    11.5814   14
          1064              0.142561 day 
 cflmax,ksmax,dt,nsound:  1.0000  0.0007    11.5814   14
          1065              0.142695 day 
 cflmax,ksmax,dt,nsound:  1.0000  0.0007    11.5815   14
          1066              0.142829 day 
 cflmax,ksmax,dt,nsound:  1.0000  0.0007    11.5816   14
          1067              0.142963 day 
 cflmax,ksmax,dt,nsound:  1.0000  0.0007    11.5816   14
          1068              0.143097 day 
 cflmax,ksmax,dt,nsound:  1.0000  0.0007    11.5817   14
          1069              0.143231 day 
 cflmax,ksmax,dt,nsound:  1.0000  0.0007    11.5818   14
          1070              0.143365 day 
 cflmax,ksmax,dt,nsound:  1.0000  0.0007    11.5819   14
          1071              0.143499 day 
 cflmax,ksmax,dt,nsound:  1.0000  0.0007    11.5819   14
          1072              0.143633 day 
 cflmax,ksmax,dt,nsound:  1.0000  0.0007    11.5820   14
          1073              0.143767 day 
 cflmax,ksmax,dt,nsound:  1.0000  0.0007    11.5820   14
          1074              0.143901 day 
 cflmax,ksmax,dt,nsound:  1.0000  0.0007    11.5818   14
          1075              0.144035 day 
 cflmax,ksmax,dt,nsound:  1.0000  0.0007    11.5817   14
          1076              0.144169 day 
 cflmax,ksmax,dt,nsound:  1.0000  0.0007    11.5816   14
          1077              0.144304 day 
 cflmax,ksmax,dt,nsound:  1.0000  0.0007    11.5816   14
          1078              0.144438 day 
 cflmax,ksmax,dt,nsound:  1.0000  0.0007    11.5815   14
          1079              0.144572 day 
 cflmax,ksmax,dt,nsound:  1.0000  0.0007    11.5814   14
          1080              0.144706 day 
 cflmax,ksmax,dt,nsound:  1.0000  0.0007    11.5813   14
          1081              0.144840 day 
 cflmax,ksmax,dt,nsound:  1.0000  0.0007    11.5812   14
          1082              0.144974 day 
 cflmax,ksmax,dt,nsound:  1.0000  0.0007    11.5811   14
          1083              0.145108 day 
 cflmax,ksmax,dt,nsound:  1.0000  0.0007    11.5811   14
          1084              0.145242 day 
 cflmax,ksmax,dt,nsound:  1.0000  0.0007    11.5810   14
          1085              0.145376 day 
 cflmax,ksmax,dt,nsound:  1.0000  0.0007    11.5810   14
          1086              0.145510 day 
 cflmax,ksmax,dt,nsound:  1.0000  0.0007    11.5809   14
          1087              0.145644 day 
 cflmax,ksmax,dt,nsound:  1.0000  0.0007    11.5809   14
          1088              0.145778 day 
   dorad =  T
 cflmax,ksmax,dt,nsound:  1.0000  0.0007    11.5808   14
 
 Entering RADIATION_DRIVER 
   rrtmg_lwrad 
   rrtmg_swrad 
 Leaving RADIATION_DRIVER 
 
          1089              0.145912 day 
 cflmax,ksmax,dt,nsound:  1.0000  0.0007    11.5808   14
          1090              0.146046 day 
 cflmax,ksmax,dt,nsound:  1.0000  0.0007    11.5808   14
          1091              0.146180 day 
 cflmax,ksmax,dt,nsound:  1.0000  0.0007    11.5808   14
          1092              0.146314 day 
 cflmax,ksmax,dt,nsound:  1.0000  0.0007    11.5807   14
          1093              0.146448 day 
 cflmax,ksmax,dt,nsound:  1.0000  0.0007    11.5807   14
          1094              0.146582 day 
 cflmax,ksmax,dt,nsound:  1.0000  0.0007    11.5807   14
          1095              0.146716 day 
 cflmax,ksmax,dt,nsound:  1.0000  0.0007    11.5807   14
          1096              0.146850 day 
 cflmax,ksmax,dt,nsound:  1.0000  0.0007    11.5807   14
          1097              0.146984 day 
 cflmax,ksmax,dt,nsound:  1.0000  0.0007    11.5807   14
          1098              0.147118 day 
 cflmax,ksmax,dt,nsound:  1.0000  0.0007    11.5807   14
          1099              0.147252 day 
 cflmax,ksmax,dt,nsound:  1.0000  0.0007    11.5807   14
          1100              0.147386 day 
 cflmax,ksmax,dt,nsound:  1.0000  0.0007    11.5808   14
          1101              0.147520 day 
 cflmax,ksmax,dt,nsound:  1.0000  0.0007    11.5808   14
          1102              0.147655 day 
 cflmax,ksmax,dt,nsound:  1.0000  0.0007    11.5808   14
          1103              0.147789 day 
 cflmax,ksmax,dt,nsound:  1.0000  0.0007    11.5809   14
          1104              0.147923 day 
 cflmax,ksmax,dt,nsound:  1.0000  0.0007    11.5809   14
          1105              0.148057 day 
 cflmax,ksmax,dt,nsound:  1.0000  0.0007    11.5809   14
          1106              0.148191 day 
 cflmax,ksmax,dt,nsound:  1.0000  0.0007    11.5810   14
          1107              0.148325 day 
 cflmax,ksmax,dt,nsound:  1.0000  0.0007    11.5810   14
          1108              0.148459 day 
 cflmax,ksmax,dt,nsound:  1.0000  0.0007    11.5811   14
          1109              0.148593 day 
 cflmax,ksmax,dt,nsound:  1.0000  0.0007    11.5811   14
          1110              0.148727 day 
 cflmax,ksmax,dt,nsound:  1.0000  0.0007    11.5812   14
          1111              0.148861 day 
 cflmax,ksmax,dt,nsound:  1.0000  0.0007    11.5812   14
          1112              0.148995 day 
 cflmax,ksmax,dt,nsound:  1.0000  0.0007    11.5812   14
          1113              0.149129 day 
 cflmax,ksmax,dt,nsound:  1.0000  0.0007    11.5811   14
          1114              0.149263 day 
   dorad =  T
 cflmax,ksmax,dt,nsound:  1.0000  0.0007    11.5811   14
 
 Entering RADIATION_DRIVER 
   rrtmg_lwrad 
   rrtmg_swrad 
 Leaving RADIATION_DRIVER 
 
          1115              0.149397 day 
 cflmax,ksmax,dt,nsound:  1.0000  0.0007    11.5810   14
          1116              0.149531 day 
 cflmax,ksmax,dt,nsound:  1.0000  0.0007    11.5810   14
          1117              0.149665 day 
 cflmax,ksmax,dt,nsound:  1.0000  0.0007    11.5809   14
          1118              0.149799 day 
 cflmax,ksmax,dt,nsound:  1.0000  0.0007    11.5809   14
          1119              0.149933 day 
 cflmax,ksmax,dt,nsound:  1.0000  0.0007    11.5809   14
          1120              0.150067 day 
 cflmax,ksmax,dt,nsound:  1.0000  0.0007    11.5808   14
          1121              0.150201 day 
 cflmax,ksmax,dt,nsound:  1.0000  0.0007    11.5808   14
          1122              0.150335 day 
 cflmax,ksmax,dt,nsound:  1.0000  0.0007    11.5808   14
          1123              0.150469 day 
 cflmax,ksmax,dt,nsound:  1.0000  0.0007    11.5808   14
          1124              0.150603 day 
 cflmax,ksmax,dt,nsound:  1.0000  0.0007    11.5808   14
          1125              0.150737 day 
 cflmax,ksmax,dt,nsound:  1.0000  0.0007    11.5808   14
          1126              0.150871 day 
 cflmax,ksmax,dt,nsound:  1.0000  0.0007    11.5808   14
          1127              0.151005 day 
 cflmax,ksmax,dt,nsound:  1.0000  0.0007    11.5808   14
          1128              0.151140 day 
 cflmax,ksmax,dt,nsound:  1.0000  0.0007    11.5808   14
          1129              0.151274 day 
 cflmax,ksmax,dt,nsound:  1.0000  0.0007    11.5808   14
          1130              0.151408 day 
 cflmax,ksmax,dt,nsound:  1.0000  0.0007    11.5808   14
          1131              0.151542 day 
 cflmax,ksmax,dt,nsound:  1.0000  0.0007    11.5808   14
          1132              0.151676 day 
 cflmax,ksmax,dt,nsound:  1.0000  0.0007    11.5808   14
          1133              0.151810 day 
 cflmax,ksmax,dt,nsound:  1.0000  0.0007    11.5808   14
          1134              0.151944 day 
 cflmax,ksmax,dt,nsound:  1.0000  0.0007    11.5808   14
          1135              0.152078 day 
 cflmax,ksmax,dt,nsound:  1.0000  0.0007    11.5808   14
          1136              0.152212 day 
 cflmax,ksmax,dt,nsound:  1.0000  0.0007    11.5808   14
          1137              0.152346 day 
 cflmax,ksmax,dt,nsound:  1.0000  0.0007    11.5807   14
          1138              0.152480 day 
 cflmax,ksmax,dt,nsound:  1.0000  0.0007    11.5807   14
          1139              0.152614 day 
 cflmax,ksmax,dt,nsound:  1.0000  0.0007    11.5807   14
          1140              0.152748 day 
   dorad =  T
 cflmax,ksmax,dt,nsound:  1.0000  0.0007    11.5807   14
 
 Entering RADIATION_DRIVER 
   rrtmg_lwrad 
   rrtmg_swrad 
 Leaving RADIATION_DRIVER 
 
          1141              0.152882 day 
 cflmax,ksmax,dt,nsound:  1.0000  0.0007    11.5807   14
          1142              0.153016 day 
 cflmax,ksmax,dt,nsound:  1.0000  0.0007    11.5807   14
          1143              0.153150 day 
 cflmax,ksmax,dt,nsound:  1.0000  0.0007    11.5807   14
          1144              0.153284 day 
 cflmax,ksmax,dt,nsound:  1.0000  0.0007    11.5806   14
          1145              0.153418 day 
 cflmax,ksmax,dt,nsound:  1.0000  0.0007    11.5806   14
          1146              0.153552 day 
 cflmax,ksmax,dt,nsound:  1.0000  0.0007    11.5806   14
          1147              0.153686 day 
 cflmax,ksmax,dt,nsound:  1.0000  0.0007    11.5806   14
          1148              0.153820 day 
 cflmax,ksmax,dt,nsound:  1.0000  0.0007    11.5805   14
          1149              0.153954 day 
 cflmax,ksmax,dt,nsound:  1.0000  0.0007    11.5805   14
          1150              0.154088 day 
 cflmax,ksmax,dt,nsound:  1.0000  0.0007    11.5805   14
          1151              0.154222 day 
 cflmax,ksmax,dt,nsound:  1.0000  0.0007    11.5805   14
          1152              0.154356 day 
 cflmax,ksmax,dt,nsound:  1.0000  0.0007    11.5804   14
          1153              0.154490 day 
 cflmax,ksmax,dt,nsound:  1.0000  0.0007    11.5804   14
          1154              0.154624 day 
 cflmax,ksmax,dt,nsound:  1.0000  0.0007    11.5804   14
          1155              0.154758 day 
 cflmax,ksmax,dt,nsound:  1.0000  0.0007    11.5804   14
          1156              0.154893 day 
 cflmax,ksmax,dt,nsound:  1.0000  0.0007    11.5804   14
          1157              0.155027 day 
 cflmax,ksmax,dt,nsound:  1.0000  0.0007    11.5804   14
          1158              0.155161 day 
 cflmax,ksmax,dt,nsound:  1.0000  0.0007    11.5804   14
          1159              0.155295 day 
 cflmax,ksmax,dt,nsound:  1.0000  0.0007    11.5804   14
          1160              0.155429 day 
 cflmax,ksmax,dt,nsound:  1.0000  0.0007    11.5804   14
          1161              0.155563 day 
 cflmax,ksmax,dt,nsound:  1.0000  0.0007    11.5804   14
          1162              0.155697 day 
 cflmax,ksmax,dt,nsound:  1.0000  0.0007    11.5804   14
          1163              0.155831 day 
 cflmax,ksmax,dt,nsound:  1.0000  0.0007    11.5804   14
          1164              0.155965 day 
 cflmax,ksmax,dt,nsound:  1.0000  0.0007    11.5804   14
          1165              0.156099 day 
 cflmax,ksmax,dt,nsound:  1.0000  0.0007    11.5804   14
          1166              0.156233 day 
   dorad =  T
 cflmax,ksmax,dt,nsound:  1.0000  0.0007    11.5804   14
 
 Entering RADIATION_DRIVER 
   rrtmg_lwrad 
   rrtmg_swrad 
 Leaving RADIATION_DRIVER 
 
          1167              0.156367 day 
 cflmax,ksmax,dt,nsound:  1.0000  0.0007    11.5805   14
          1168              0.156501 day 
 cflmax,ksmax,dt,nsound:  1.0000  0.0007    11.5805   14
          1169              0.156635 day 
 cflmax,ksmax,dt,nsound:  1.0000  0.0007    11.5805   14
          1170              0.156769 day 
 cflmax,ksmax,dt,nsound:  1.0000  0.0007    11.5805   14
          1171              0.156903 day 
 cflmax,ksmax,dt,nsound:  1.0000  0.0007    11.5805   14
          1172              0.157037 day 
 cflmax,ksmax,dt,nsound:  1.0000  0.0007    11.5805   14
          1173              0.157171 day 
 cflmax,ksmax,dt,nsound:  1.0000  0.0007    11.5805   14
          1174              0.157305 day 
 cflmax,ksmax,dt,nsound:  1.0000  0.0007    11.5804   14
          1175              0.157439 day 
 cflmax,ksmax,dt,nsound:  1.0000  0.0007    11.5804   14
          1176              0.157573 day 
 cflmax,ksmax,dt,nsound:  1.0000  0.0007    11.5804   14
          1177              0.157707 day 
 cflmax,ksmax,dt,nsound:  1.0000  0.0007    11.5804   14
          1178              0.157841 day 
 cflmax,ksmax,dt,nsound:  1.0000  0.0007    11.5804   14
          1179              0.157975 day 
 cflmax,ksmax,dt,nsound:  1.0000  0.0007    11.5803   14
          1180              0.158109 day 
 cflmax,ksmax,dt,nsound:  1.0000  0.0007    11.5803   14
          1181              0.158243 day 
 cflmax,ksmax,dt,nsound:  1.0000  0.0007    11.5803   14
          1182              0.158377 day 
 cflmax,ksmax,dt,nsound:  1.0000  0.0007    11.5803   14
          1183              0.158511 day 
 cflmax,ksmax,dt,nsound:  1.0000  0.0007    11.5803   14
          1184              0.158645 day 
 cflmax,ksmax,dt,nsound:  1.0000  0.0007    11.5803   14
          1185              0.158779 day 
 cflmax,ksmax,dt,nsound:  1.0000  0.0007    11.5803   14
          1186              0.158913 day 
 cflmax,ksmax,dt,nsound:  1.0000  0.0007    11.5803   14
          1187              0.159047 day 
 cflmax,ksmax,dt,nsound:  1.0000  0.0007    11.5804   14
          1188              0.159182 day 
 cflmax,ksmax,dt,nsound:  1.0000  0.0007    11.5804   14
          1189              0.159316 day 
 cflmax,ksmax,dt,nsound:  1.0000  0.0007    11.5804   14
          1190              0.159450 day 
 cflmax,ksmax,dt,nsound:  1.0000  0.0007    11.5804   14
          1191              0.159584 day 
   dorad =  T
 cflmax,ksmax,dt,nsound:  1.0000  0.0007    11.5803   14
 
 Entering RADIATION_DRIVER 
   rrtmg_lwrad 
   rrtmg_swrad 
 Leaving RADIATION_DRIVER 
 
          1192              0.159718 day 
 cflmax,ksmax,dt,nsound:  1.0000  0.0007    11.5803   14
          1193              0.159852 day 
 cflmax,ksmax,dt,nsound:  1.0000  0.0007    11.5802   14
          1194              0.159986 day 
 cflmax,ksmax,dt,nsound:  1.0000  0.0007    11.5802   14
          1195              0.160120 day 
 cflmax,ksmax,dt,nsound:  1.0000  0.0007    11.5801   14
          1196              0.160254 day 
 cflmax,ksmax,dt,nsound:  1.0000  0.0007    11.5801   14
          1197              0.160388 day 
 cflmax,ksmax,dt,nsound:  1.0000  0.0007    11.5800   14
          1198              0.160522 day 
 cflmax,ksmax,dt,nsound:  1.0000  0.0007    11.5800   14
          1199              0.160656 day 
 cflmax,ksmax,dt,nsound:  1.0000  0.0007    11.5800   14
          1200              0.160790 day 
 cflmax,ksmax,dt,nsound:  1.0000  0.0007    11.5799   14
          1201              0.160924 day 
 cflmax,ksmax,dt,nsound:  1.0000  0.0007    11.5799   14
          1202              0.161058 day 
 cflmax,ksmax,dt,nsound:  1.0000  0.0007    11.5799   14
          1203              0.161192 day 
 cflmax,ksmax,dt,nsound:  1.0000  0.0007    11.5799   14
          1204              0.161326 day 
 cflmax,ksmax,dt,nsound:  1.0000  0.0007    11.5799   14
          1205              0.161460 day 
 cflmax,ksmax,dt,nsound:  1.0000  0.0007    11.5799   14
          1206              0.161594 day 
 cflmax,ksmax,dt,nsound:  1.0000  0.0007    11.5799   14
          1207              0.161728 day 
 cflmax,ksmax,dt,nsound:  1.0000  0.0007    11.5799   14
          1208              0.161862 day 
 cflmax,ksmax,dt,nsound:  1.0000  0.0007    11.5799   14
          1209              0.161996 day 
 cflmax,ksmax,dt,nsound:  1.0000  0.0007    11.5799   14
          1210              0.162130 day 
 cflmax,ksmax,dt,nsound:  1.0000  0.0007    11.5799   14
          1211              0.162264 day 
 cflmax,ksmax,dt,nsound:  1.0000  0.0007    11.5799   14
          1212              0.162398 day 
 cflmax,ksmax,dt,nsound:  1.0000  0.0007    11.5800   14
          1213              0.162532 day 
 cflmax,ksmax,dt,nsound:  1.0000  0.0007    11.5800   14
          1214              0.162666 day 
 cflmax,ksmax,dt,nsound:  1.0000  0.0007    11.5800   14
          1215              0.162800 day 
 cflmax,ksmax,dt,nsound:  1.0000  0.0007    11.5801   14
          1216              0.162934 day 
 cflmax,ksmax,dt,nsound:  1.0000  0.0007    11.5801   14
          1217              0.163068 day 
   dorad =  T
 cflmax,ksmax,dt,nsound:  1.0000  0.0007    11.5801   14
 
 Entering RADIATION_DRIVER 
   rrtmg_lwrad 
   rrtmg_swrad 
 Leaving RADIATION_DRIVER 
 
          1218              0.163202 day 
 cflmax,ksmax,dt,nsound:  1.0000  0.0007    11.5800   14
          1219              0.163336 day 
 cflmax,ksmax,dt,nsound:  1.0000  0.0007    11.5800   14
          1220              0.163470 day 
 cflmax,ksmax,dt,nsound:  1.0000  0.0007    11.5799   14
          1221              0.163604 day 
 cflmax,ksmax,dt,nsound:  1.0000  0.0007    11.5799   14
          1222              0.163738 day 
 cflmax,ksmax,dt,nsound:  1.0000  0.0007    11.5798   14
          1223              0.163873 day 
 cflmax,ksmax,dt,nsound:  1.0000  0.0007    11.5797   14
          1224              0.164007 day 
 cflmax,ksmax,dt,nsound:  1.0000  0.0007    11.5796   14
          1225              0.164141 day 
 cflmax,ksmax,dt,nsound:  1.0000  0.0007    11.5794   14
          1226              0.164275 day 
 cflmax,ksmax,dt,nsound:  1.0000  0.0007    11.5793   14
          1227              0.164409 day 
 cflmax,ksmax,dt,nsound:  1.0000  0.0007    11.5792   14
          1228              0.164543 day 
 cflmax,ksmax,dt,nsound:  1.0000  0.0007    11.5790   14
          1229              0.164677 day 
 cflmax,ksmax,dt,nsound:  1.0000  0.0007    11.5789   14
          1230              0.164811 day 
 cflmax,ksmax,dt,nsound:  1.0000  0.0007    11.5788   14
          1231              0.164945 day 
 cflmax,ksmax,dt,nsound:  1.0000  0.0007    11.5787   14
          1232              0.165079 day 
 cflmax,ksmax,dt,nsound:  1.0000  0.0007    11.5786   14
          1233              0.165213 day 
 cflmax,ksmax,dt,nsound:  1.0000  0.0007    11.5785   14
          1234              0.165347 day 
 cflmax,ksmax,dt,nsound:  1.0000  0.0007    11.5784   14
          1235              0.165481 day 
 cflmax,ksmax,dt,nsound:  1.0000  0.0007    11.5783   14
          1236              0.165615 day 
 cflmax,ksmax,dt,nsound:  1.0000  0.0007    11.5782   14
          1237              0.165749 day 
 cflmax,ksmax,dt,nsound:  1.0000  0.0007    11.5782   14
          1238              0.165883 day 
 cflmax,ksmax,dt,nsound:  1.0000  0.0007    11.5781   14
          1239              0.166017 day 
 cflmax,ksmax,dt,nsound:  1.0000  0.0007    11.5780   14
          1240              0.166151 day 
 cflmax,ksmax,dt,nsound:  1.0000  0.0007    11.5780   14
   Note: setting dt based on upcoming stat time 
   Note: setting dt based on upcoming diag time 
          1241              0.166285 day 
 cflmax,ksmax,dt,nsound:  0.9500  0.0007    10.9992   14
   Note: setting dt based on upcoming stat time 
   Note: setting dt based on upcoming diag time 
          1242              0.166412 day 
 cflmax,ksmax,dt,nsound:  0.9500  0.0006    10.9992   14
   Note: setting dt based on upcoming stat time 
   Note: setting dt based on upcoming diag time 
          1243              0.166539 day 
   dorad =  T
   getvt =  T
   Getting dbz ... 
   dotbud =  T
   doqbud =  T
   doubud =  T
   dovbud =  T
   dowbud =  T
 cflmax,ksmax,dt,nsound:  0.9500  0.0007    10.9992   14
   Getting fall velocities for Morrison MP scheme 
 
 Entering RADIATION_DRIVER 
   rrtmg_lwrad 
   rrtmg_swrad 
 Leaving RADIATION_DRIVER 
 
  WMAX  :  0.713252E-01  233  242   26    WMIN  : -0.819340E-01  621  305   27
  UMAX  :   11.9741      889  106    9    UMIN  :  -43.1859      209  235   41
  SUMAX :   5.80399      728   33    1    SUMIN :   5.70725      118  234    1
  VMAX  :  0.386187      469  402    1    VMIN  : -0.720631E-01  512  159    8
  SVMAX :  0.386187      469  402    1    SVMIN :  0.268601     1007  424    1
  PPIMAX: -0.694407E-05  155  404    1    PPIMIN: -0.326205E-03  438  340   37
  PPMAX :  -2.42969      342  146    1    PPMIN :  -44.6836      234   66   19
  THPMAX:  0.574910      682  100   45    THPMIN: -0.979838      529  322    1
  STHPMX: -0.951733      373  439    1    STHPMN: -0.979838      529  322    1
  MAXqv :  0.220872E-01  529  322    1    MINqv :  0.300529E-05  669  396   42
  MAXqc :   0.00000        1    1    1    MINqc :   0.00000        1    1    1
  MAXqr :   0.00000        1    1    1    MINqr :   0.00000        1    1    1
  MAXqi :   0.00000        1    1    1    MINqi :   0.00000        1    1    1
  MAXqs :   0.00000        1    1    1    MINqs :   0.00000        1    1    1
  MAXqg :   0.00000        1    1    1    MINqg :   0.00000        1    1    1
  MAXnci:   0.00000        1    1    1    MINnci:   0.00000        1    1    1
  MAXncs:   0.00000        1    1    1    MINncs:   0.00000        1    1    1
  MAXncr:   0.00000        1    1    1    MINncr:   0.00000        1    1    1
  MAXncg:   0.00000        1    1    1    MINncg:   0.00000        1    1    1
  PRATMX:   0.00000        1    1    1    PRATMN:   0.00000        1    1    1
  KMHMAX:   0.00000        1    1    1    KMHMIN:   0.00000        1    1    1
  KMVMAX:   10.5409      702   86    4    KMVMIN:   0.00000        1    1   66
  KHHMAX:   0.00000        1    1    1    KHHMIN:   0.00000        1    1    1
  KHVMAX:   10.5409      702   86    4    KHVMIN:   0.00000        1    1   66
  DIVMAX:  0.583408E-06   96  465    3    DIVMIN: -0.817374E-06  908  214    3
  RHMAX :  0.909182      779  335    4    RHMIN :  0.300971E-02  114  316   65
  RHIMAX:  0.873797      825  508   33    RHIMIN:  0.532968E-02  114  316   65
  THEMAX:   366.697      529  322    1    THEMIN:   319.048      114  301   19
  STHEMX:   366.697      529  322    1    STHEMN:   366.525      153   36    1
  QCTOP :      0.000000    1    1    1    QCBOT :      0.000000    1    1    1
  SFPMAX:   100717.      342  146    1    SFPMIN:   100716.      556   29    1
  PSFCMX:   100998.      986  229    1    PSFCMN:   100998.      556   29    1
  WSPMAX:   43.1859      209  235   41    WSPMIN:  0.429982      755  127   16
  SWSPMX:   5.81157      202  164    1    SWSPMN:   5.71704      118  234    1
  10MWMX:   5.41376      202  164    1    10MWMN:   5.32678      118  234    1
  HPBLMX:   429.755      733  422    1    HPBLMN:   417.274      551  181    1
  CFLMAX:      0.999518  209  235   41
  KSHMAX:   0.00000        0    0    0
  KSVMAX:  0.120432E-01  116  333    3
  VORSFC:  0.130866E-03
  VOR1KM:  0.469149E-03
  VOR2KM:  0.107143E-03
  VOR3KM:  0.104559E-03
  VOR4KM:  0.167684E-03
  VOR5KM:  0.644451E-04
  TMASS :  0.132247E+16
  TMOIS :  0.572291E+13
  qv MAS:  0.572291E+13
  qc MAS:  0.000000E+00
  qr MAS:  0.000000E+00
  qi MAS:  0.000000E+00
  qs MAS:  0.000000E+00
  qg MAS:  0.000000E+00
  TENERG:  0.343194E+21
  TMU   : -0.613592E+16
  TMV   :  0.188599E+14
  TMW   : -0.465555E+12
  TMFU  :  0.764161E+10
  TMFD  : -0.866687E+10
  tcond :  0.000000E+00
  tevac :  0.000000E+00
  tauto :  0.000000E+00
  taccr :  0.000000E+00
  tevar :  0.000000E+00
  train :  0.000000E+00
  erain :  0.000000E+00
  qsfc  :  0.293915E+11
  esfc  : -0.349208E+16
  erad  :  0.000000E+00
  asqv  :  0.000000E+00
  asqc  :  0.000000E+00
  asqr  :  0.000000E+00
  asqi  :  0.000000E+00
  asqs  :  0.000000E+00
  asqg  :  0.000000E+00
  asnci :  0.000000E+00
  asncs :  0.000000E+00
  asncr :  0.000000E+00
  asncg :  0.000000E+00
  bsqv  :  0.000000E+00
  bsqc  :  0.000000E+00
  bsqr  :  0.000000E+00
  bsqi  :  0.000000E+00
  bsqs  :  0.000000E+00
  bsqg  :  0.000000E+00
  bsnci :  0.000000E+00
  bsncs :  0.000000E+00
  bsncr :  0.000000E+00
  bsncg :  0.000000E+00
 cm1out_stats.ctl                                                               
                                          
   next stattim =    18000.0000000000     
          1244              0.166667 day 
 
  ..... begin domaindiag code ..... 
 
   nwritet =            5
 cm1out_diag_000005_s.dat                                                       
                                          
 cm1out_diag_000005_w.dat                                                       
                                          
   wloop =            1
           1 mtime
           2 nstep
           3 umove
           4 vmove
           5 domainlocx
           6 domainlocy
           7 ust
           8 stau
           9 znt
          10 tsk
          11 psfc
          12 qsfc
          13 thflux
          14 qvflux
          15 hfx
          16 qfx
          17 u10
          18 v10
          19 s10
          20 t2
          21 q2
          22 th2
          23 cd
          24 ch
          25 cq
          26 hpbl
          27 wspd
          28 zol
          29 br
          30 brcr
          31 phim
          32 phih
          33 psim
          34 psih
          35 tst
          36 qst
          37 mol
          38 rain
          39 prate
          40 cwp
          41 rwp
          42 lwp
          43 pwat
          44 spwr
          45 fwp
          46 iwp
          47 swp
          48 gwp
          49 tcwp
          50 cwpvar
          51 rwpvar
          52 lwpvar
          53 qcfrac_col
          54 qrfrac_col
          55 qlfrac_col
          56 qifrac_col
          57 qtfrac_col
          58 qcb
          59 qrb
          60 qlb
          61 qcbvar
          62 qrbvar
          63 qlbvar
          64 qct
          65 qrt
          66 qlt
          67 qctvar
          68 qrtvar
          69 qltvar
          70 lwupt
          71 lwdnt
          72 lwupb
          73 lwdnb
          74 swupt
          75 swdnt
          76 swupb
          77 swdnb
          78 lwuptc
          79 lwdntc
          80 lwupbc
          81 lwdnbc
          82 swuptc
          83 swdntc
          84 swupbc
          85 swdnbc
          86 lwcf
          87 swcf
          88 cape
          89 cin
          90 lcl
          91 lfc
          92 zmelt
          93 pmelt
          94 s u
          95 w uinterp
          96 s v
          97 w vinterp
          98 w w
          99 s th
         100 w thinterp
         101 s t
         102 s prs
         103 w prsinterp
         104 s rho
         105 w rhointerp
         106 s ppi
         107 s qv
         108 s qc
         109 s qr
         110 s qi
         111 s qs
         112 s qg
         113 s nci
         114 s ncs
         115 s ncr
         116 s ncg
         117 s shv
         118 s shc
         119 s shr
         120 s shi
         121 s shs
         122 s shg
         123 s qliq
         124 s qice
         125 s qt
         126 s dbz
         127 s fc
         128 s fr
         129 s fi
         130 s fs
         131 s fg
         132 s precc
         133 s precr
         134 s preci
         135 s precs
         136 s precg
         137 s prec
         138 s qcfrac
         139 s qrfrac
         140 s qlfrac
         141 s qifrac
         142 s qtfrac
         143 s clw
         144 s cli
         145 s plw
         146 s pli
         147 s thv
         148 s brz
         149 s thl
         150 s the
         151 s rh
         152 s rhi
         153 w dissten
         154 w epst
         155 w nm
         156 w defh
         157 w defv
         158 w kmh
         159 w kmv
         160 w khh
         161 w khv
         162 w pr
         163 w rinum
         164 w grdscl
         165 s wsp
         166 w wspinterp
         167 s wspan
         168 s wspa
         169 s sdwsp
         170 s o3
         171 s swten
         172 s lwten
         173 s swtenc
         174 s lwtenc
         175 s cldfra
         176 s effc
         177 s effr
         178 s effs
         179 s effi
         180 s effg
         181 s effis
         182 w ndws
         183 w ndws2
         184 w dtdz
         185 w dudz
         186 w dvdz
         187 w dsdz
         188 w dqvdz
         189 s ug
         190 s vg
         191 s u0
         192 s v0
         193 s upup
         194 s upupup
         195 s vpvp
         196 s vpvpvp
         197 s wpwp
         198 s upvp
         199 s upwp
         200 s vpwp
         201 s thvarr
         202 w thvarrinterp
         203 s tptptp
         204 s uptp
         205 s vptp
         206 s thvvarr
         207 s thlvarr
         208 s qvvarr
         209 s qpqpqp
         210 s qlvarr
         211 s qtvarr
         212 s wpwptp
         213 s wptptp
         214 w upup_w
         215 w vpvp_w
         216 w wpwp_w
         217 w upvp_w
         218 w upwp_w
         219 w vpwp_w
         220 w wpwpwp
         221 w wpupup
         222 w wpvpvp
         223 w ufr
         224 w ufs
         225 w ufd
         226 w vfr
         227 w vfs
         228 w vfd
         229 w thfr
         230 w thfs
         231 w thfd
         232 w thvfr
         233 w thvfs
         234 w thvfd
         235 w thlfr
         236 w thlfs
         237 w thlfd
         238 w qvfr
         239 w qvfs
         240 w qvfd
         241 w qlfr
         242 w qlfs
         243 w qlfd
         244 w qtfr
         245 w qtfs
         246 w qtfd
         247 s ptb_vturbr
         248 s ptb_vturbs
         249 s ptb_vturbd
         250 s ptb_frc
         251 s qvb_vturbr
         252 s qvb_vturbs
         253 s qvb_vturbd
         254 s qvb_frc
         255 s ub_vturbr
         256 s ub_vturbs
         257 s ub_vturbd
         258 s ub_lspg
         259 s ub_frc
         260 s vb_vturbr
         261 s vb_vturbs
         262 s vb_vturbd
         263 s vb_lspg
         264 s vb_frc
         265 s rtke
         266 w rtke_w
         267 w wprof
         268 w wmax
         269 w wmin
         270 s tmfu
         271 s tmfd
         272 s wspmax
         273 s wspmin
         274 s zetamax
         275 s zetamin
         276 wvar_max
         277 wstar
         278 fbmin
         279 zfbmin
 
  ..... end domaindiag code ..... 
 
   next diagtim =    18000.0000000000     
 cflmax,ksmax,dt,nsound:  1.0000  0.0007    11.5779   14
          1245              0.166801 day 
 cflmax,ksmax,dt,nsound:  1.0000  0.0007    11.5778   14
          1246              0.166935 day 
 cflmax,ksmax,dt,nsound:  1.0000  0.0007    11.5778   14
          1247              0.167069 day 
 cflmax,ksmax,dt,nsound:  1.0000  0.0007    11.5778   14
          1248              0.167203 day 
 cflmax,ksmax,dt,nsound:  1.0000  0.0007    11.5778   14
          1249              0.167337 day 
 cflmax,ksmax,dt,nsound:  1.0000  0.0007    11.5778   14
          1250              0.167471 day 
 cflmax,ksmax,dt,nsound:  1.0000  0.0007    11.5778   14
          1251              0.167605 day 
 cflmax,ksmax,dt,nsound:  1.0000  0.0007    11.5778   14
          1252              0.167739 day 
 cflmax,ksmax,dt,nsound:  1.0000  0.0007    11.5779   14
          1253              0.167873 day 
 cflmax,ksmax,dt,nsound:  1.0000  0.0007    11.5779   14
          1254              0.168007 day 
 cflmax,ksmax,dt,nsound:  1.0000  0.0007    11.5780   14
          1255              0.168141 day 
 cflmax,ksmax,dt,nsound:  1.0000  0.0007    11.5780   14
          1256              0.168275 day 
 cflmax,ksmax,dt,nsound:  1.0000  0.0007    11.5781   14
          1257              0.168409 day 
 cflmax,ksmax,dt,nsound:  1.0000  0.0007    11.5781   14
          1258              0.168543 day 
 cflmax,ksmax,dt,nsound:  1.0000  0.0007    11.5782   14
          1259              0.168677 day 
 cflmax,ksmax,dt,nsound:  1.0000  0.0007    11.5783   14
          1260              0.168811 day 
 cflmax,ksmax,dt,nsound:  1.0000  0.0007    11.5783   14
          1261              0.168945 day 
 cflmax,ksmax,dt,nsound:  1.0000  0.0007    11.5784   14
          1262              0.169079 day 
 cflmax,ksmax,dt,nsound:  1.0000  0.0007    11.5785   14
          1263              0.169213 day 
 cflmax,ksmax,dt,nsound:  1.0000  0.0007    11.5786   14
          1264              0.169347 day 
 cflmax,ksmax,dt,nsound:  1.0000  0.0007    11.5787   14
          1265              0.169481 day 
 cflmax,ksmax,dt,nsound:  1.0000  0.0007    11.5788   14
          1266              0.169615 day 
 cflmax,ksmax,dt,nsound:  1.0000  0.0007    11.5789   14
          1267              0.169749 day 
 cflmax,ksmax,dt,nsound:  1.0000  0.0007    11.5790   14
          1268              0.169883 day 
 cflmax,ksmax,dt,nsound:  1.0000  0.0007    11.5791   14
          1269              0.170017 day 
   dorad =  T
 cflmax,ksmax,dt,nsound:  1.0000  0.0007    11.5791   14
 
 Entering RADIATION_DRIVER 
   rrtmg_lwrad 
   rrtmg_swrad 
 Leaving RADIATION_DRIVER 
 
          1270              0.170151 day 
 cflmax,ksmax,dt,nsound:  1.0000  0.0007    11.5791   14
          1271              0.170285 day 
 cflmax,ksmax,dt,nsound:  1.0000  0.0007    11.5791   14
          1272              0.170419 day 
 cflmax,ksmax,dt,nsound:  1.0000  0.0007    11.5791   14
          1273              0.170553 day 
 cflmax,ksmax,dt,nsound:  1.0000  0.0007    11.5791   14
          1274              0.170687 day 
 cflmax,ksmax,dt,nsound:  1.0000  0.0007    11.5792   14
          1275              0.170821 day 
 cflmax,ksmax,dt,nsound:  1.0000  0.0007    11.5792   14
          1276              0.170955 day 
 cflmax,ksmax,dt,nsound:  1.0000  0.0007    11.5792   14
          1277              0.171089 day 
 cflmax,ksmax,dt,nsound:  1.0000  0.0007    11.5792   14
          1278              0.171223 day 
 cflmax,ksmax,dt,nsound:  1.0000  0.0007    11.5793   14
          1279              0.171357 day 
 cflmax,ksmax,dt,nsound:  1.0000  0.0007    11.5793   14
          1280              0.171491 day 
 cflmax,ksmax,dt,nsound:  1.0000  0.0007    11.5793   14
          1281              0.171625 day 
 cflmax,ksmax,dt,nsound:  1.0000  0.0007    11.5794   14
          1282              0.171759 day 
 cflmax,ksmax,dt,nsound:  1.0000  0.0007    11.5794   14
          1283              0.171893 day 
 cflmax,ksmax,dt,nsound:  1.0000  0.0007    11.5795   14
          1284              0.172027 day 
 cflmax,ksmax,dt,nsound:  1.0000  0.0007    11.5794   14
          1285              0.172161 day 
 cflmax,ksmax,dt,nsound:  1.0000  0.0007    11.5794   14
          1286              0.172295 day 
 cflmax,ksmax,dt,nsound:  1.0000  0.0007    11.5794   14
          1287              0.172429 day 
 cflmax,ksmax,dt,nsound:  1.0000  0.0007    11.5795   14
          1288              0.172563 day 
 cflmax,ksmax,dt,nsound:  1.0000  0.0007    11.5795   14
          1289              0.172697 day 
 cflmax,ksmax,dt,nsound:  1.0000  0.0007    11.5795   14
          1290              0.172831 day 
 cflmax,ksmax,dt,nsound:  1.0000  0.0007    11.5795   14
          1291              0.172965 day 
 cflmax,ksmax,dt,nsound:  1.0000  0.0007    11.5795   14
          1292              0.173099 day 
 cflmax,ksmax,dt,nsound:  1.0000  0.0007    11.5796   14
          1293              0.173233 day 
 cflmax,ksmax,dt,nsound:  1.0000  0.0007    11.5795   14
          1294              0.173367 day 
 cflmax,ksmax,dt,nsound:  1.0000  0.0007    11.5795   14
          1295              0.173501 day 
   dorad =  T
 cflmax,ksmax,dt,nsound:  1.0000  0.0007    11.5795   14
 
 Entering RADIATION_DRIVER 
   rrtmg_lwrad 
   rrtmg_swrad 
 Leaving RADIATION_DRIVER 
 
          1296              0.173635 day 
 cflmax,ksmax,dt,nsound:  1.0000  0.0007    11.5795   14
          1297              0.173769 day 
 cflmax,ksmax,dt,nsound:  1.0000  0.0007    11.5795   14
          1298              0.173903 day 
 cflmax,ksmax,dt,nsound:  1.0000  0.0007    11.5795   14
          1299              0.174037 day 
 cflmax,ksmax,dt,nsound:  1.0000  0.0007    11.5795   14
          1300              0.174171 day 
 cflmax,ksmax,dt,nsound:  1.0000  0.0007    11.5795   14
          1301              0.174305 day 
 cflmax,ksmax,dt,nsound:  1.0000  0.0007    11.5795   14
          1302              0.174440 day 
 cflmax,ksmax,dt,nsound:  1.0000  0.0007    11.5794   14
          1303              0.174574 day 
 cflmax,ksmax,dt,nsound:  1.0000  0.0007    11.5794   14
          1304              0.174708 day 
 cflmax,ksmax,dt,nsound:  1.0000  0.0007    11.5793   14
          1305              0.174842 day 
 cflmax,ksmax,dt,nsound:  1.0000  0.0007    11.5792   14
          1306              0.174976 day 
 cflmax,ksmax,dt,nsound:  1.0000  0.0007    11.5791   14
          1307              0.175110 day 
 cflmax,ksmax,dt,nsound:  1.0000  0.0007    11.5791   14
          1308              0.175244 day 
 cflmax,ksmax,dt,nsound:  1.0000  0.0007    11.5790   14
          1309              0.175378 day 
 cflmax,ksmax,dt,nsound:  1.0000  0.0007    11.5790   14
          1310              0.175512 day 
 cflmax,ksmax,dt,nsound:  1.0000  0.0007    11.5789   14
          1311              0.175646 day 
 cflmax,ksmax,dt,nsound:  1.0000  0.0007    11.5789   14
          1312              0.175780 day 
 cflmax,ksmax,dt,nsound:  1.0000  0.0007    11.5788   14
          1313              0.175914 day 
 cflmax,ksmax,dt,nsound:  1.0000  0.0007    11.5788   14
          1314              0.176048 day 
 cflmax,ksmax,dt,nsound:  1.0000  0.0007    11.5787   14
          1315              0.176182 day 
 cflmax,ksmax,dt,nsound:  1.0000  0.0007    11.5787   14
          1316              0.176316 day 
 cflmax,ksmax,dt,nsound:  1.0000  0.0007    11.5787   14
          1317              0.176450 day 
 cflmax,ksmax,dt,nsound:  1.0000  0.0007    11.5787   14
          1318              0.176584 day 
 cflmax,ksmax,dt,nsound:  1.0000  0.0007    11.5786   14
          1319              0.176718 day 
 cflmax,ksmax,dt,nsound:  1.0000  0.0007    11.5786   14
          1320              0.176852 day 
 cflmax,ksmax,dt,nsound:  1.0000  0.0007    11.5786   14
          1321              0.176986 day 
   dorad =  T
 cflmax,ksmax,dt,nsound:  1.0000  0.0007    11.5786   14
 
 Entering RADIATION_DRIVER 
   rrtmg_lwrad 
   rrtmg_swrad 
 Leaving RADIATION_DRIVER 
 
          1322              0.177120 day 
 cflmax,ksmax,dt,nsound:  1.0000  0.0007    11.5785   14
          1323              0.177254 day 
 cflmax,ksmax,dt,nsound:  1.0000  0.0007    11.5785   14
          1324              0.177388 day 
 cflmax,ksmax,dt,nsound:  1.0000  0.0007    11.5785   14
          1325              0.177522 day 
 cflmax,ksmax,dt,nsound:  1.0000  0.0007    11.5785   14
          1326              0.177656 day 
 cflmax,ksmax,dt,nsound:  1.0000  0.0007    11.5785   14
          1327              0.177790 day 
 cflmax,ksmax,dt,nsound:  1.0000  0.0007    11.5785   14
          1328              0.177924 day 
 cflmax,ksmax,dt,nsound:  1.0000  0.0007    11.5785   14
          1329              0.178058 day 
 cflmax,ksmax,dt,nsound:  1.0000  0.0007    11.5785   14
          1330              0.178192 day 
 cflmax,ksmax,dt,nsound:  1.0000  0.0007    11.5785   14
          1331              0.178326 day 
 cflmax,ksmax,dt,nsound:  1.0000  0.0007    11.5784   14
          1332              0.178460 day 
 cflmax,ksmax,dt,nsound:  1.0000  0.0007    11.5783   14
          1333              0.178594 day 
 cflmax,ksmax,dt,nsound:  1.0000  0.0007    11.5783   14
          1334              0.178728 day 
 cflmax,ksmax,dt,nsound:  1.0000  0.0007    11.5782   14
          1335              0.178862 day 
 cflmax,ksmax,dt,nsound:  1.0000  0.0007    11.5782   14
          1336              0.178996 day 
 cflmax,ksmax,dt,nsound:  1.0000  0.0007    11.5781   14
          1337              0.179130 day 
 cflmax,ksmax,dt,nsound:  1.0000  0.0007    11.5781   14
          1338              0.179264 day 
 cflmax,ksmax,dt,nsound:  1.0000  0.0007    11.5780   14
          1339              0.179398 day 
 cflmax,ksmax,dt,nsound:  1.0000  0.0007    11.5780   14
          1340              0.179532 day 
 cflmax,ksmax,dt,nsound:  1.0000  0.0007    11.5780   14
          1341              0.179666 day 
 cflmax,ksmax,dt,nsound:  1.0000  0.0007    11.5779   14
          1342              0.179800 day 
 cflmax,ksmax,dt,nsound:  1.0000  0.0007    11.5779   14
          1343              0.179934 day 
 cflmax,ksmax,dt,nsound:  1.0000  0.0007    11.5779   14
          1344              0.180068 day 
 cflmax,ksmax,dt,nsound:  1.0000  0.0007    11.5778   14
          1345              0.180202 day 
 cflmax,ksmax,dt,nsound:  1.0000  0.0007    11.5778   14
          1346              0.180336 day 
 cflmax,ksmax,dt,nsound:  1.0000  0.0007    11.5778   14
          1347              0.180470 day 
   dorad =  T
 cflmax,ksmax,dt,nsound:  1.0000  0.0007    11.5778   14
 
 Entering RADIATION_DRIVER 
   rrtmg_lwrad 
   rrtmg_swrad 
 Leaving RADIATION_DRIVER 
 
          1348              0.180604 day 
 cflmax,ksmax,dt,nsound:  1.0000  0.0007    11.5778   14
          1349              0.180738 day 
 cflmax,ksmax,dt,nsound:  1.0000  0.0007    11.5777   14
          1350              0.180872 day 
 cflmax,ksmax,dt,nsound:  1.0000  0.0007    11.5777   14
          1351              0.181006 day 
 cflmax,ksmax,dt,nsound:  1.0000  0.0007    11.5777   14
          1352              0.181140 day 
 cflmax,ksmax,dt,nsound:  1.0000  0.0007    11.5777   14
          1353              0.181274 day 
 cflmax,ksmax,dt,nsound:  1.0000  0.0007    11.5777   14
          1354              0.181408 day 
 cflmax,ksmax,dt,nsound:  1.0000  0.0007    11.5777   14
          1355              0.181542 day 
 cflmax,ksmax,dt,nsound:  1.0000  0.0007    11.5778   14
          1356              0.181676 day 
 cflmax,ksmax,dt,nsound:  1.0000  0.0007    11.5778   14
          1357              0.181810 day 
 cflmax,ksmax,dt,nsound:  1.0000  0.0007    11.5778   14
          1358              0.181944 day 
 cflmax,ksmax,dt,nsound:  1.0000  0.0007    11.5778   14
          1359              0.182078 day 
 cflmax,ksmax,dt,nsound:  1.0000  0.0007    11.5778   14
          1360              0.182212 day 
 cflmax,ksmax,dt,nsound:  1.0000  0.0007    11.5779   14
          1361              0.182346 day 
 cflmax,ksmax,dt,nsound:  1.0000  0.0007    11.5779   14
          1362              0.182480 day 
 cflmax,ksmax,dt,nsound:  1.0000  0.0007    11.5779   14
          1363              0.182614 day 
 cflmax,ksmax,dt,nsound:  1.0000  0.0007    11.5780   14
          1364              0.182748 day 
 cflmax,ksmax,dt,nsound:  1.0000  0.0007    11.5780   14
          1365              0.182882 day 
 cflmax,ksmax,dt,nsound:  1.0000  0.0007    11.5780   14
          1366              0.183016 day 
 cflmax,ksmax,dt,nsound:  1.0000  0.0007    11.5781   14
          1367              0.183150 day 
 cflmax,ksmax,dt,nsound:  1.0000  0.0007    11.5781   14
          1368              0.183284 day 
 cflmax,ksmax,dt,nsound:  1.0000  0.0007    11.5781   14
          1369              0.183418 day 
 cflmax,ksmax,dt,nsound:  1.0000  0.0007    11.5782   14
          1370              0.183552 day 
 cflmax,ksmax,dt,nsound:  1.0000  0.0007    11.5782   14
          1371              0.183686 day 
 cflmax,ksmax,dt,nsound:  1.0000  0.0007    11.5783   14
          1372              0.183820 day 
 cflmax,ksmax,dt,nsound:  1.0000  0.0007    11.5783   14
          1373              0.183954 day 
   dorad =  T
 cflmax,ksmax,dt,nsound:  1.0000  0.0007    11.5784   14
 
 Entering RADIATION_DRIVER 
   rrtmg_lwrad 
   rrtmg_swrad 
 Leaving RADIATION_DRIVER 
 
          1374              0.184088 day 
 cflmax,ksmax,dt,nsound:  1.0000  0.0007    11.5784   14
          1375              0.184222 day 
 cflmax,ksmax,dt,nsound:  1.0000  0.0007    11.5785   14
          1376              0.184356 day 
 cflmax,ksmax,dt,nsound:  1.0000  0.0007    11.5786   14
          1377              0.184490 day 
 cflmax,ksmax,dt,nsound:  1.0000  0.0007    11.5786   14
          1378              0.184624 day 
 cflmax,ksmax,dt,nsound:  1.0000  0.0007    11.5787   14
          1379              0.184758 day 
 cflmax,ksmax,dt,nsound:  1.0000  0.0007    11.5787   14
          1380              0.184892 day 
 cflmax,ksmax,dt,nsound:  1.0000  0.0007    11.5788   14
          1381              0.185026 day 
 cflmax,ksmax,dt,nsound:  1.0000  0.0007    11.5788   14
          1382              0.185160 day 
 cflmax,ksmax,dt,nsound:  1.0000  0.0007    11.5787   14
          1383              0.185294 day 
 cflmax,ksmax,dt,nsound:  1.0000  0.0007    11.5787   14
          1384              0.185428 day 
 cflmax,ksmax,dt,nsound:  1.0000  0.0007    11.5786   14
          1385              0.185562 day 
 cflmax,ksmax,dt,nsound:  1.0000  0.0007    11.5786   14
          1386              0.185696 day 
 cflmax,ksmax,dt,nsound:  1.0000  0.0007    11.5785   14
          1387              0.185830 day 
 cflmax,ksmax,dt,nsound:  1.0000  0.0007    11.5785   14
          1388              0.185964 day 
 cflmax,ksmax,dt,nsound:  1.0000  0.0007    11.5785   14
          1389              0.186098 day 
 cflmax,ksmax,dt,nsound:  1.0000  0.0007    11.5784   14
          1390              0.186232 day 
 cflmax,ksmax,dt,nsound:  1.0000  0.0007    11.5784   14
          1391              0.186366 day 
 cflmax,ksmax,dt,nsound:  1.0000  0.0007    11.5784   14
          1392              0.186500 day 
 cflmax,ksmax,dt,nsound:  1.0000  0.0007    11.5784   14
          1393              0.186634 day 
 cflmax,ksmax,dt,nsound:  1.0000  0.0007    11.5783   14
          1394              0.186768 day 
 cflmax,ksmax,dt,nsound:  1.0000  0.0007    11.5783   14
          1395              0.186902 day 
 cflmax,ksmax,dt,nsound:  1.0000  0.0007    11.5783   14
          1396              0.187036 day 
 cflmax,ksmax,dt,nsound:  1.0000  0.0007    11.5782   14
          1397              0.187170 day 
 cflmax,ksmax,dt,nsound:  1.0000  0.0007    11.5782   14
          1398              0.187304 day 
 cflmax,ksmax,dt,nsound:  1.0000  0.0007    11.5781   14
          1399              0.187438 day 
   dorad =  T
 cflmax,ksmax,dt,nsound:  1.0000  0.0007    11.5781   14
 
 Entering RADIATION_DRIVER 
   rrtmg_lwrad 
   rrtmg_swrad 
 Leaving RADIATION_DRIVER 
 
          1400              0.187572 day 
 cflmax,ksmax,dt,nsound:  1.0000  0.0007    11.5781   14
          1401              0.187706 day 
 cflmax,ksmax,dt,nsound:  1.0000  0.0007    11.5781   14
          1402              0.187840 day 
 cflmax,ksmax,dt,nsound:  1.0000  0.0007    11.5780   14
          1403              0.187974 day 
 cflmax,ksmax,dt,nsound:  1.0000  0.0007    11.5780   14
          1404              0.188108 day 
 cflmax,ksmax,dt,nsound:  1.0000  0.0007    11.5779   14
          1405              0.188242 day 
 cflmax,ksmax,dt,nsound:  1.0000  0.0007    11.5778   14
          1406              0.188376 day 
 cflmax,ksmax,dt,nsound:  1.0000  0.0007    11.5777   14
          1407              0.188510 day 
 cflmax,ksmax,dt,nsound:  1.0000  0.0007    11.5776   14
          1408              0.188644 day 
 cflmax,ksmax,dt,nsound:  1.0000  0.0007    11.5775   14
          1409              0.188778 day 
 cflmax,ksmax,dt,nsound:  1.0000  0.0007    11.5774   14
          1410              0.188912 day 
 cflmax,ksmax,dt,nsound:  1.0000  0.0007    11.5774   14
          1411              0.189046 day 
 cflmax,ksmax,dt,nsound:  1.0000  0.0007    11.5773   14
          1412              0.189180 day 
 cflmax,ksmax,dt,nsound:  1.0000  0.0007    11.5773   14
          1413              0.189314 day 
 cflmax,ksmax,dt,nsound:  1.0000  0.0007    11.5772   14
          1414              0.189448 day 
 cflmax,ksmax,dt,nsound:  1.0000  0.0007    11.5772   14
          1415              0.189582 day 
 cflmax,ksmax,dt,nsound:  1.0000  0.0007    11.5771   14
          1416              0.189716 day 
 cflmax,ksmax,dt,nsound:  1.0000  0.0007    11.5771   14
          1417              0.189850 day 
 cflmax,ksmax,dt,nsound:  1.0000  0.0007    11.5770   14
          1418              0.189984 day 
 cflmax,ksmax,dt,nsound:  1.0000  0.0007    11.5770   14
          1419              0.190118 day 
 cflmax,ksmax,dt,nsound:  1.0000  0.0007    11.5770   14
          1420              0.190252 day 
 cflmax,ksmax,dt,nsound:  1.0000  0.0007    11.5770   14
          1421              0.190386 day 
 cflmax,ksmax,dt,nsound:  1.0000  0.0007    11.5770   14
          1422              0.190520 day 
 cflmax,ksmax,dt,nsound:  1.0000  0.0007    11.5769   14
          1423              0.190654 day 
 cflmax,ksmax,dt,nsound:  1.0000  0.0007    11.5769   14
          1424              0.190788 day 
 cflmax,ksmax,dt,nsound:  1.0000  0.0007    11.5770   14
          1425              0.190922 day 
   dorad =  T
 cflmax,ksmax,dt,nsound:  1.0000  0.0007    11.5770   14
 
 Entering RADIATION_DRIVER 
   rrtmg_lwrad 
   rrtmg_swrad 
 Leaving RADIATION_DRIVER 
 
          1426              0.191056 day 
 cflmax,ksmax,dt,nsound:  1.0000  0.0007    11.5770   14
          1427              0.191190 day 
 cflmax,ksmax,dt,nsound:  1.0000  0.0007    11.5770   14
          1428              0.191324 day 
 cflmax,ksmax,dt,nsound:  1.0000  0.0007    11.5770   14
          1429              0.191458 day 
 cflmax,ksmax,dt,nsound:  1.0000  0.0007    11.5771   14
          1430              0.191592 day 
 cflmax,ksmax,dt,nsound:  1.0000  0.0007    11.5771   14
          1431              0.191726 day 
 cflmax,ksmax,dt,nsound:  1.0000  0.0007    11.5771   14
          1432              0.191860 day 
 cflmax,ksmax,dt,nsound:  1.0000  0.0007    11.5772   14
          1433              0.191994 day 
 cflmax,ksmax,dt,nsound:  1.0000  0.0007    11.5772   14
          1434              0.192128 day 
 cflmax,ksmax,dt,nsound:  1.0000  0.0007    11.5771   14
          1435              0.192262 day 
 cflmax,ksmax,dt,nsound:  1.0000  0.0007    11.5770   14
          1436              0.192396 day 
 cflmax,ksmax,dt,nsound:  1.0000  0.0007    11.5770   14
          1437              0.192530 day 
 cflmax,ksmax,dt,nsound:  1.0000  0.0007    11.5769   14
          1438              0.192664 day 
 cflmax,ksmax,dt,nsound:  1.0000  0.0007    11.5769   14
          1439              0.192798 day 
 cflmax,ksmax,dt,nsound:  1.0000  0.0007    11.5769   14
          1440              0.192932 day 
 cflmax,ksmax,dt,nsound:  1.0000  0.0007    11.5768   14
          1441              0.193066 day 
 cflmax,ksmax,dt,nsound:  1.0000  0.0007    11.5768   14
          1442              0.193200 day 
 cflmax,ksmax,dt,nsound:  1.0000  0.0007    11.5768   14
          1443              0.193334 day 
 cflmax,ksmax,dt,nsound:  1.0000  0.0007    11.5768   14
          1444              0.193468 day 
 cflmax,ksmax,dt,nsound:  1.0000  0.0007    11.5767   14
          1445              0.193602 day 
 cflmax,ksmax,dt,nsound:  1.0000  0.0007    11.5767   14
          1446              0.193736 day 
 cflmax,ksmax,dt,nsound:  1.0000  0.0007    11.5767   14
          1447              0.193870 day 
 cflmax,ksmax,dt,nsound:  1.0000  0.0007    11.5767   14
          1448              0.194004 day 
 cflmax,ksmax,dt,nsound:  1.0000  0.0007    11.5767   14
          1449              0.194138 day 
 cflmax,ksmax,dt,nsound:  1.0000  0.0007    11.5767   14
          1450              0.194272 day 
 cflmax,ksmax,dt,nsound:  1.0000  0.0007    11.5767   14
          1451              0.194406 day 
   dorad =  T
 cflmax,ksmax,dt,nsound:  1.0000  0.0007    11.5768   14
 
 Entering RADIATION_DRIVER 
   rrtmg_lwrad 
   rrtmg_swrad 
 Leaving RADIATION_DRIVER 
 
          1452              0.194540 day 
 cflmax,ksmax,dt,nsound:  1.0000  0.0007    11.5768   14
          1453              0.194674 day 
 cflmax,ksmax,dt,nsound:  1.0000  0.0007    11.5768   14
          1454              0.194808 day 
 cflmax,ksmax,dt,nsound:  1.0000  0.0007    11.5768   14
          1455              0.194942 day 
 cflmax,ksmax,dt,nsound:  1.0000  0.0007    11.5769   14
          1456              0.195076 day 
 cflmax,ksmax,dt,nsound:  1.0000  0.0007    11.5769   14
          1457              0.195210 day 
 cflmax,ksmax,dt,nsound:  1.0000  0.0007    11.5769   14
          1458              0.195344 day 
 cflmax,ksmax,dt,nsound:  1.0000  0.0007    11.5770   14
          1459              0.195478 day 
 cflmax,ksmax,dt,nsound:  1.0000  0.0007    11.5770   14
          1460              0.195612 day 
 cflmax,ksmax,dt,nsound:  1.0000  0.0007    11.5771   14
          1461              0.195746 day 
 cflmax,ksmax,dt,nsound:  1.0000  0.0007    11.5771   14
          1462              0.195880 day 
 cflmax,ksmax,dt,nsound:  1.0000  0.0007    11.5772   14
          1463              0.196014 day 
 cflmax,ksmax,dt,nsound:  1.0000  0.0007    11.5772   14
          1464              0.196148 day 
 cflmax,ksmax,dt,nsound:  1.0000  0.0007    11.5773   14
          1465              0.196282 day 
 cflmax,ksmax,dt,nsound:  1.0000  0.0007    11.5773   14
          1466              0.196416 day 
 cflmax,ksmax,dt,nsound:  1.0000  0.0007    11.5774   14
          1467              0.196550 day 
 cflmax,ksmax,dt,nsound:  1.0000  0.0007    11.5774   14
          1468              0.196684 day 
 cflmax,ksmax,dt,nsound:  1.0000  0.0007    11.5774   14
          1469              0.196818 day 
 cflmax,ksmax,dt,nsound:  1.0000  0.0007    11.5773   14
          1470              0.196952 day 
 cflmax,ksmax,dt,nsound:  1.0000  0.0007    11.5773   14
          1471              0.197086 day 
 cflmax,ksmax,dt,nsound:  1.0000  0.0007    11.5772   14
          1472              0.197220 day 
 cflmax,ksmax,dt,nsound:  1.0000  0.0007    11.5771   14
          1473              0.197354 day 
 cflmax,ksmax,dt,nsound:  1.0000  0.0007    11.5771   14
          1474              0.197488 day 
 cflmax,ksmax,dt,nsound:  1.0000  0.0007    11.5770   14
          1475              0.197622 day 
 cflmax,ksmax,dt,nsound:  1.0000  0.0007    11.5769   14
          1476              0.197756 day 
 cflmax,ksmax,dt,nsound:  1.0000  0.0007    11.5768   14
          1477              0.197890 day 
   dorad =  T
 cflmax,ksmax,dt,nsound:  1.0000  0.0007    11.5768   14
 
 Entering RADIATION_DRIVER 
   rrtmg_lwrad 
   rrtmg_swrad 
 Leaving RADIATION_DRIVER 
 
          1478              0.198024 day 
 cflmax,ksmax,dt,nsound:  1.0000  0.0007    11.5767   14
          1479              0.198158 day 
 cflmax,ksmax,dt,nsound:  1.0000  0.0007    11.5766   14
          1480              0.198292 day 
 cflmax,ksmax,dt,nsound:  1.0000  0.0007    11.5766   14
          1481              0.198426 day 
 cflmax,ksmax,dt,nsound:  1.0000  0.0007    11.5765   14
          1482              0.198560 day 
 cflmax,ksmax,dt,nsound:  1.0000  0.0007    11.5765   14
          1483              0.198694 day 
 cflmax,ksmax,dt,nsound:  1.0000  0.0007    11.5764   14
          1484              0.198828 day 
 cflmax,ksmax,dt,nsound:  1.0000  0.0007    11.5764   14
          1485              0.198962 day 
 cflmax,ksmax,dt,nsound:  1.0000  0.0007    11.5763   14
          1486              0.199096 day 
 cflmax,ksmax,dt,nsound:  1.0000  0.0007    11.5763   14
          1487              0.199230 day 
 cflmax,ksmax,dt,nsound:  1.0000  0.0007    11.5763   14
          1488              0.199364 day 
 cflmax,ksmax,dt,nsound:  1.0000  0.0007    11.5762   14
          1489              0.199498 day 
 cflmax,ksmax,dt,nsound:  1.0000  0.0007    11.5762   14
          1490              0.199632 day 
 cflmax,ksmax,dt,nsound:  1.0000  0.0007    11.5762   14
          1491              0.199766 day 
 cflmax,ksmax,dt,nsound:  1.0000  0.0007    11.5762   14
          1492              0.199900 day 
 cflmax,ksmax,dt,nsound:  1.0000  0.0007    11.5761   14
          1493              0.200034 day 
 cflmax,ksmax,dt,nsound:  1.0000  0.0007    11.5761   14
          1494              0.200168 day 
 cflmax,ksmax,dt,nsound:  1.0000  0.0007    11.5761   14
          1495              0.200302 day 
 cflmax,ksmax,dt,nsound:  1.0000  0.0007    11.5761   14
          1496              0.200436 day 
 cflmax,ksmax,dt,nsound:  1.0000  0.0007    11.5761   14
          1497              0.200570 day 
 cflmax,ksmax,dt,nsound:  1.0000  0.0007    11.5761   14
          1498              0.200704 day 
 cflmax,ksmax,dt,nsound:  1.0000  0.0007    11.5761   14
          1499              0.200838 day 
 cflmax,ksmax,dt,nsound:  1.0000  0.0007    11.5761   14
          1500              0.200972 day 
 cflmax,ksmax,dt,nsound:  1.0000  0.0007    11.5761   14
          1501              0.201106 day 
 cflmax,ksmax,dt,nsound:  1.0000  0.0007    11.5762   14
          1502              0.201240 day 
 cflmax,ksmax,dt,nsound:  1.0000  0.0007    11.5762   14
          1503              0.201374 day 
   dorad =  T
 cflmax,ksmax,dt,nsound:  1.0000  0.0007    11.5762   14
 
 Entering RADIATION_DRIVER 
   rrtmg_lwrad 
   rrtmg_swrad 
 Leaving RADIATION_DRIVER 
 
          1504              0.201508 day 
 cflmax,ksmax,dt,nsound:  1.0000  0.0007    11.5763   14
          1505              0.201642 day 
 cflmax,ksmax,dt,nsound:  1.0000  0.0007    11.5763   14
          1506              0.201776 day 
 cflmax,ksmax,dt,nsound:  1.0000  0.0006    11.5763   14
          1507              0.201909 day 
 cflmax,ksmax,dt,nsound:  1.0000  0.0007    11.5764   14
          1508              0.202043 day 
 cflmax,ksmax,dt,nsound:  1.0000  0.0007    11.5764   14
          1509              0.202177 day 
 cflmax,ksmax,dt,nsound:  1.0000  0.0006    11.5764   14
          1510              0.202311 day 
 cflmax,ksmax,dt,nsound:  1.0000  0.0007    11.5764   14
          1511              0.202445 day 
 cflmax,ksmax,dt,nsound:  1.0000  0.0006    11.5765   14
          1512              0.202579 day 
 cflmax,ksmax,dt,nsound:  1.0000  0.0006    11.5765   14
          1513              0.202713 day 
 cflmax,ksmax,dt,nsound:  1.0000  0.0006    11.5765   14
          1514              0.202847 day 
 cflmax,ksmax,dt,nsound:  1.0000  0.0006    11.5765   14
          1515              0.202981 day 
 cflmax,ksmax,dt,nsound:  1.0000  0.0006    11.5765   14
          1516              0.203115 day 
 cflmax,ksmax,dt,nsound:  1.0000  0.0007    11.5765   14
          1517              0.203249 day 
 cflmax,ksmax,dt,nsound:  1.0000  0.0006    11.5765   14
          1518              0.203383 day 
 cflmax,ksmax,dt,nsound:  1.0000  0.0007    11.5765   14
          1519              0.203517 day 
 cflmax,ksmax,dt,nsound:  1.0000  0.0006    11.5764   14
          1520              0.203651 day 
 cflmax,ksmax,dt,nsound:  1.0000  0.0006    11.5764   14
          1521              0.203785 day 
 cflmax,ksmax,dt,nsound:  1.0000  0.0007    11.5764   14
          1522              0.203919 day 
 cflmax,ksmax,dt,nsound:  1.0000  0.0007    11.5763   14
          1523              0.204053 day 
 cflmax,ksmax,dt,nsound:  1.0000  0.0007    11.5763   14
          1524              0.204187 day 
 cflmax,ksmax,dt,nsound:  1.0000  0.0007    11.5762   14
          1525              0.204321 day 
 cflmax,ksmax,dt,nsound:  1.0000  0.0006    11.5762   14
          1526              0.204455 day 
 cflmax,ksmax,dt,nsound:  1.0000  0.0006    11.5761   14
          1527              0.204589 day 
 cflmax,ksmax,dt,nsound:  1.0000  0.0006    11.5761   14
          1528              0.204723 day 
   dorad =  T
 cflmax,ksmax,dt,nsound:  1.0000  0.0007    11.5760   14
 
 Entering RADIATION_DRIVER 
   rrtmg_lwrad 
   rrtmg_swrad 
 Leaving RADIATION_DRIVER 
 
          1529              0.204857 day 
 cflmax,ksmax,dt,nsound:  1.0000  0.0007    11.5760   14
          1530              0.204991 day 
 cflmax,ksmax,dt,nsound:  1.0000  0.0006    11.5759   14
          1531              0.205125 day 
 cflmax,ksmax,dt,nsound:  1.0000  0.0006    11.5759   14
          1532              0.205259 day 
 cflmax,ksmax,dt,nsound:  1.0000  0.0006    11.5759   14
          1533              0.205393 day 
 cflmax,ksmax,dt,nsound:  1.0000  0.0006    11.5759   14
          1534              0.205527 day 
 cflmax,ksmax,dt,nsound:  1.0000  0.0006    11.5759   14
          1535              0.205661 day 
 cflmax,ksmax,dt,nsound:  1.0000  0.0007    11.5759   14
          1536              0.205795 day 
 cflmax,ksmax,dt,nsound:  1.0000  0.0007    11.5758   14
          1537              0.205929 day 
 cflmax,ksmax,dt,nsound:  1.0000  0.0006    11.5758   14
          1538              0.206063 day 
 cflmax,ksmax,dt,nsound:  1.0000  0.0007    11.5758   14
          1539              0.206197 day 
 cflmax,ksmax,dt,nsound:  1.0000  0.0006    11.5759   14
          1540              0.206331 day 
 cflmax,ksmax,dt,nsound:  1.0000  0.0006    11.5759   14
          1541              0.206465 day 
 cflmax,ksmax,dt,nsound:  1.0000  0.0006    11.5759   14
          1542              0.206599 day 
 cflmax,ksmax,dt,nsound:  1.0000  0.0006    11.5759   14
          1543              0.206733 day 
 cflmax,ksmax,dt,nsound:  1.0000  0.0006    11.5759   14
          1544              0.206867 day 
 cflmax,ksmax,dt,nsound:  1.0000  0.0006    11.5760   14
          1545              0.207001 day 
 cflmax,ksmax,dt,nsound:  1.0000  0.0006    11.5760   14
          1546              0.207135 day 
 cflmax,ksmax,dt,nsound:  1.0000  0.0006    11.5760   14
          1547              0.207269 day 
 cflmax,ksmax,dt,nsound:  1.0000  0.0006    11.5761   14
          1548              0.207403 day 
 cflmax,ksmax,dt,nsound:  1.0000  0.0007    11.5761   14
          1549              0.207537 day 
 cflmax,ksmax,dt,nsound:  1.0000  0.0007    11.5761   14
          1550              0.207671 day 
 cflmax,ksmax,dt,nsound:  1.0000  0.0007    11.5762   14
          1551              0.207805 day 
 cflmax,ksmax,dt,nsound:  1.0000  0.0007    11.5762   14
   Note: setting dt based on upcoming stat time 
   Note: setting dt based on upcoming diag time 
          1552              0.207939 day 
 cflmax,ksmax,dt,nsound:  0.9817  0.0006    11.3644   14
   Note: setting dt based on upcoming stat time 
   Note: setting dt based on upcoming diag time 
          1553              0.208070 day 
 cflmax,ksmax,dt,nsound:  0.9817  0.0006    11.3644   14
   Note: setting dt based on upcoming stat time 
   Note: setting dt based on upcoming diag time 
          1554              0.208202 day 
   dorad =  T
   getvt =  T
   Getting dbz ... 
   dotbud =  T
   doqbud =  T
   doubud =  T
   dovbud =  T
   dowbud =  T
 cflmax,ksmax,dt,nsound:  0.9817  0.0006    11.3644   14
   Getting fall velocities for Morrison MP scheme 
 
 Entering RADIATION_DRIVER 
   rrtmg_lwrad 
   rrtmg_swrad 
 Leaving RADIATION_DRIVER 
 
  WMAX  :  0.678242E-01  723  396   31    WMIN  : -0.676902E-01  824  248   27
  UMAX  :   11.9764      802  119    9    UMIN  :  -43.1911      993   42   41
  SUMAX :   5.68071      771   36    1    SUMIN :   5.58760      570   46    1
  VMAX  :  0.473787      762  360    2    VMIN  : -0.588760E-01  251  447    6
  SVMAX :  0.471613      762  360    1    SVMIN :  0.373795      497   39    1
  PPIMAX: -0.867773E-05  496  290    1    PPIMIN: -0.406303E-03  682  330   37
  PPMAX :  -3.06250       50    1    1    PPMIN :  -55.4492      393   92   19
  THPMAX:  0.716416      174  453   45    THPMIN:  -1.07872      123  412    1
  STHPMX:  -1.05772      313   75    1    STHPMN:  -1.07872      123  412    1
  MAXqv :  0.220817E-01  773  294    1    MINqv :  0.300727E-05  875  136   42
  MAXqc :   0.00000        1    1    1    MINqc :   0.00000        1    1    1
  MAXqr :   0.00000        1    1    1    MINqr :   0.00000        1    1    1
  MAXqi :   0.00000        1    1    1    MINqi :   0.00000        1    1    1
  MAXqs :   0.00000        1    1    1    MINqs :   0.00000        1    1    1
  MAXqg :   0.00000        1    1    1    MINqg :   0.00000        1    1    1
  MAXnci:   0.00000        1    1    1    MINnci:   0.00000        1    1    1
  MAXncs:   0.00000        1    1    1    MINncs:   0.00000        1    1    1
  MAXncr:   0.00000        1    1    1    MINncr:   0.00000        1    1    1
  MAXncg:   0.00000        1    1    1    MINncg:   0.00000        1    1    1
  PRATMX:   0.00000        1    1    1    PRATMN:   0.00000        1    1    1
  KMHMAX:   0.00000        1    1    1    KMHMIN:   0.00000        1    1    1
  KMVMAX:   9.89108     1014   86    4    KMVMIN:   0.00000        1    1   66
  KHHMAX:   0.00000        1    1    1    KHHMIN:   0.00000        1    1    1
  KHVMAX:   9.89108     1014   86    4    KHVMIN:   0.00000        1    1   66
  DIVMAX:  0.516231E-06  430   54    3    DIVMIN: -0.734055E-06  864  293    3
  RHMAX :  0.919312      544  246    4    RHMIN :  0.301281E-02  328   50   65
  RHIMAX:  0.880900      840  489   33    RHIMIN:  0.533596E-02  328   50   65
  THEMAX:   366.561      773  294    1    THEMIN:   319.044      748   41   19
  STHEMX:   366.561      773  294    1    STHEMN:   366.432       45  145    1
  QCTOP :      0.000000    1    1    1    QCBOT :      0.000000    1    1    1
  SFPMAX:   100716.       50    1    1    SFPMIN:   100716.       97    4    1
  PSFCMX:   100998.      141   21    1    PSFCMN:   100998.      615   77    1
  WSPMAX:   43.1911      993   42   41    WSPMIN:  0.435794      229  230   16
  SWSPMX:   5.69208      770   36    1    SWSPMN:   5.60807      905  319    1
  10MWMX:   5.30381      770   36    1    10MWMN:   5.22648      905  319    1
  HPBLMX:   438.291      809  180    1    HPBLMN:   428.380      635   68    1
  CFLMAX:      0.999823  993   42   41
  KSHMAX:   0.00000        0    0    0
  KSVMAX:  0.114924E-01  546   56    3
  VORSFC:  0.104263E-03
  VOR1KM:  0.483136E-03
  VOR2KM:  0.107683E-03
  VOR3KM:  0.101911E-03
  VOR4KM:  0.167542E-03
  VOR5KM:  0.669754E-04
  TMASS :  0.132247E+16
  TMOIS :  0.572994E+13
  qv MAS:  0.572994E+13
  qc MAS:  0.000000E+00
  qr MAS:  0.000000E+00
  qi MAS:  0.000000E+00
  qs MAS:  0.000000E+00
  qg MAS:  0.000000E+00
  TENERG:  0.343125E+21
  TMU   : -0.615099E+16
  TMV   :  0.279625E+14
  TMW   : -0.474293E+12
  TMFU  :  0.722052E+10
  TMFD  : -0.826315E+10
  tcond :  0.000000E+00
  tevac :  0.000000E+00
  tauto :  0.000000E+00
  taccr :  0.000000E+00
  tevar :  0.000000E+00
  train :  0.000000E+00
  erain :  0.000000E+00
  qsfc  :  0.358775E+11
  esfc  : -0.297637E+16
  erad  :  0.000000E+00
  asqv  :  0.000000E+00
  asqc  :  0.000000E+00
  asqr  :  0.000000E+00
  asqi  :  0.000000E+00
  asqs  :  0.000000E+00
  asqg  :  0.000000E+00
  asnci :  0.000000E+00
  asncs :  0.000000E+00
  asncr :  0.000000E+00
  asncg :  0.000000E+00
  bsqv  :  0.000000E+00
  bsqc  :  0.000000E+00
  bsqr  :  0.000000E+00
  bsqi  :  0.000000E+00
  bsqs  :  0.000000E+00
  bsqg  :  0.000000E+00
  bsnci :  0.000000E+00
  bsncs :  0.000000E+00
  bsncr :  0.000000E+00
  bsncg :  0.000000E+00
 cm1out_stats.ctl                                                               
                                          
   next stattim =    21600.0000000000     
          1555              0.208333 day 
 
  ..... begin domaindiag code ..... 
 
   nwritet =            6
 cm1out_diag_000006_s.dat                                                       
                                          
 cm1out_diag_000006_w.dat                                                       
                                          
   wloop =            1
           1 mtime
           2 nstep
           3 umove
           4 vmove
           5 domainlocx
           6 domainlocy
           7 ust
           8 stau
           9 znt
          10 tsk
          11 psfc
          12 qsfc
          13 thflux
          14 qvflux
          15 hfx
          16 qfx
          17 u10
          18 v10
          19 s10
          20 t2
          21 q2
          22 th2
          23 cd
          24 ch
          25 cq
          26 hpbl
          27 wspd
          28 zol
          29 br
          30 brcr
          31 phim
          32 phih
          33 psim
          34 psih
          35 tst
          36 qst
          37 mol
          38 rain
          39 prate
          40 cwp
          41 rwp
          42 lwp
          43 pwat
          44 spwr
          45 fwp
          46 iwp
          47 swp
          48 gwp
          49 tcwp
          50 cwpvar
          51 rwpvar
          52 lwpvar
          53 qcfrac_col
          54 qrfrac_col
          55 qlfrac_col
          56 qifrac_col
          57 qtfrac_col
          58 qcb
          59 qrb
          60 qlb
          61 qcbvar
          62 qrbvar
          63 qlbvar
          64 qct
          65 qrt
          66 qlt
          67 qctvar
          68 qrtvar
          69 qltvar
          70 lwupt
          71 lwdnt
          72 lwupb
          73 lwdnb
          74 swupt
          75 swdnt
          76 swupb
          77 swdnb
          78 lwuptc
          79 lwdntc
          80 lwupbc
          81 lwdnbc
          82 swuptc
          83 swdntc
          84 swupbc
          85 swdnbc
          86 lwcf
          87 swcf
          88 cape
          89 cin
          90 lcl
          91 lfc
          92 zmelt
          93 pmelt
          94 s u
          95 w uinterp
          96 s v
          97 w vinterp
          98 w w
          99 s th
         100 w thinterp
         101 s t
         102 s prs
         103 w prsinterp
         104 s rho
         105 w rhointerp
         106 s ppi
         107 s qv
         108 s qc
         109 s qr
         110 s qi
         111 s qs
         112 s qg
         113 s nci
         114 s ncs
         115 s ncr
         116 s ncg
         117 s shv
         118 s shc
         119 s shr
         120 s shi
         121 s shs
         122 s shg
         123 s qliq
         124 s qice
         125 s qt
         126 s dbz
         127 s fc
         128 s fr
         129 s fi
         130 s fs
         131 s fg
         132 s precc
         133 s precr
         134 s preci
         135 s precs
         136 s precg
         137 s prec
         138 s qcfrac
         139 s qrfrac
         140 s qlfrac
         141 s qifrac
         142 s qtfrac
         143 s clw
         144 s cli
         145 s plw
         146 s pli
         147 s thv
         148 s brz
         149 s thl
         150 s the
         151 s rh
         152 s rhi
         153 w dissten
         154 w epst
         155 w nm
         156 w defh
         157 w defv
         158 w kmh
         159 w kmv
         160 w khh
         161 w khv
         162 w pr
         163 w rinum
         164 w grdscl
         165 s wsp
         166 w wspinterp
         167 s wspan
         168 s wspa
         169 s sdwsp
         170 s o3
         171 s swten
         172 s lwten
         173 s swtenc
         174 s lwtenc
         175 s cldfra
         176 s effc
         177 s effr
         178 s effs
         179 s effi
         180 s effg
         181 s effis
         182 w ndws
         183 w ndws2
         184 w dtdz
         185 w dudz
         186 w dvdz
         187 w dsdz
         188 w dqvdz
         189 s ug
         190 s vg
         191 s u0
         192 s v0
         193 s upup
         194 s upupup
         195 s vpvp
         196 s vpvpvp
         197 s wpwp
         198 s upvp
         199 s upwp
         200 s vpwp
         201 s thvarr
         202 w thvarrinterp
         203 s tptptp
         204 s uptp
         205 s vptp
         206 s thvvarr
         207 s thlvarr
         208 s qvvarr
         209 s qpqpqp
         210 s qlvarr
         211 s qtvarr
         212 s wpwptp
         213 s wptptp
         214 w upup_w
         215 w vpvp_w
         216 w wpwp_w
         217 w upvp_w
         218 w upwp_w
         219 w vpwp_w
         220 w wpwpwp
         221 w wpupup
         222 w wpvpvp
         223 w ufr
         224 w ufs
         225 w ufd
         226 w vfr
         227 w vfs
         228 w vfd
         229 w thfr
         230 w thfs
         231 w thfd
         232 w thvfr
         233 w thvfs
         234 w thvfd
         235 w thlfr
         236 w thlfs
         237 w thlfd
         238 w qvfr
         239 w qvfs
         240 w qvfd
         241 w qlfr
         242 w qlfs
         243 w qlfd
         244 w qtfr
         245 w qtfs
         246 w qtfd
         247 s ptb_vturbr
         248 s ptb_vturbs
         249 s ptb_vturbd
         250 s ptb_frc
         251 s qvb_vturbr
         252 s qvb_vturbs
         253 s qvb_vturbd
         254 s qvb_frc
         255 s ub_vturbr
         256 s ub_vturbs
         257 s ub_vturbd
         258 s ub_lspg
         259 s ub_frc
         260 s vb_vturbr
         261 s vb_vturbs
         262 s vb_vturbd
         263 s vb_lspg
         264 s vb_frc
         265 s rtke
         266 w rtke_w
         267 w wprof
         268 w wmax
         269 w wmin
         270 s tmfu
         271 s tmfd
         272 s wspmax
         273 s wspmin
         274 s zetamax
         275 s zetamin
         276 wvar_max
         277 wstar
         278 fbmin
         279 zfbmin
 
  ..... end domaindiag code ..... 
 
   next diagtim =    21600.0000000000     
 cflmax,ksmax,dt,nsound:  1.0000  0.0006    11.5765   14
          1556              0.208467 day 
 cflmax,ksmax,dt,nsound:  1.0000  0.0006    11.5764   14
          1557              0.208601 day 
 cflmax,ksmax,dt,nsound:  1.0000  0.0006    11.5763   14
          1558              0.208735 day 
 cflmax,ksmax,dt,nsound:  1.0000  0.0006    11.5762   14
          1559              0.208869 day 
 cflmax,ksmax,dt,nsound:  1.0000  0.0006    11.5761   14
          1560              0.209003 day 
 cflmax,ksmax,dt,nsound:  1.0000  0.0006    11.5760   14
          1561              0.209137 day 
 cflmax,ksmax,dt,nsound:  1.0000  0.0006    11.5760   14
          1562              0.209271 day 
 cflmax,ksmax,dt,nsound:  1.0000  0.0006    11.5759   14
          1563              0.209405 day 
 cflmax,ksmax,dt,nsound:  1.0000  0.0007    11.5758   14
          1564              0.209539 day 
 cflmax,ksmax,dt,nsound:  1.0000  0.0007    11.5757   14
          1565              0.209673 day 
 cflmax,ksmax,dt,nsound:  1.0000  0.0007    11.5757   14
          1566              0.209807 day 
 cflmax,ksmax,dt,nsound:  1.0000  0.0007    11.5756   14
          1567              0.209941 day 
 cflmax,ksmax,dt,nsound:  1.0000  0.0007    11.5755   14
          1568              0.210075 day 
 cflmax,ksmax,dt,nsound:  1.0000  0.0007    11.5755   14
          1569              0.210209 day 
 cflmax,ksmax,dt,nsound:  1.0000  0.0007    11.5754   14
          1570              0.210343 day 
 cflmax,ksmax,dt,nsound:  1.0000  0.0006    11.5754   14
          1571              0.210477 day 
 cflmax,ksmax,dt,nsound:  1.0000  0.0006    11.5753   14
          1572              0.210611 day 
 cflmax,ksmax,dt,nsound:  1.0000  0.0006    11.5753   14
          1573              0.210745 day 
 cflmax,ksmax,dt,nsound:  1.0000  0.0007    11.5752   14
          1574              0.210879 day 
 cflmax,ksmax,dt,nsound:  1.0000  0.0007    11.5752   14
          1575              0.211013 day 
 cflmax,ksmax,dt,nsound:  1.0000  0.0006    11.5752   14
          1576              0.211147 day 
 cflmax,ksmax,dt,nsound:  1.0000  0.0007    11.5751   14
          1577              0.211281 day 
 cflmax,ksmax,dt,nsound:  1.0000  0.0006    11.5751   14
          1578              0.211415 day 
 cflmax,ksmax,dt,nsound:  1.0000  0.0006    11.5751   14
          1579              0.211549 day 
 cflmax,ksmax,dt,nsound:  1.0000  0.0006    11.5751   14
          1580              0.211683 day 
   dorad =  T
 cflmax,ksmax,dt,nsound:  1.0000  0.0007    11.5751   14
 
 Entering RADIATION_DRIVER 
   rrtmg_lwrad 
   rrtmg_swrad 
 Leaving RADIATION_DRIVER 
 
          1581              0.211817 day 
 cflmax,ksmax,dt,nsound:  1.0000  0.0007    11.5751   14
          1582              0.211951 day 
 cflmax,ksmax,dt,nsound:  1.0000  0.0006    11.5751   14
          1583              0.212085 day 
 cflmax,ksmax,dt,nsound:  1.0000  0.0006    11.5751   14
          1584              0.212219 day 
 cflmax,ksmax,dt,nsound:  1.0000  0.0006    11.5751   14
          1585              0.212353 day 
 cflmax,ksmax,dt,nsound:  1.0000  0.0006    11.5751   14
          1586              0.212487 day 
 cflmax,ksmax,dt,nsound:  1.0000  0.0006    11.5751   14
          1587              0.212621 day 
 cflmax,ksmax,dt,nsound:  1.0000  0.0007    11.5751   14
          1588              0.212755 day 
 cflmax,ksmax,dt,nsound:  1.0000  0.0007    11.5751   14
          1589              0.212888 day 
 cflmax,ksmax,dt,nsound:  1.0000  0.0006    11.5752   14
          1590              0.213022 day 
 cflmax,ksmax,dt,nsound:  1.0000  0.0006    11.5752   14
          1591              0.213156 day 
 cflmax,ksmax,dt,nsound:  1.0000  0.0006    11.5752   14
          1592              0.213290 day 
 cflmax,ksmax,dt,nsound:  1.0000  0.0006    11.5752   14
          1593              0.213424 day 
 cflmax,ksmax,dt,nsound:  1.0000  0.0006    11.5753   14
          1594              0.213558 day 
 cflmax,ksmax,dt,nsound:  1.0000  0.0007    11.5753   14
          1595              0.213692 day 
 cflmax,ksmax,dt,nsound:  1.0000  0.0007    11.5754   14
          1596              0.213826 day 
 cflmax,ksmax,dt,nsound:  1.0000  0.0006    11.5754   14
          1597              0.213960 day 
 cflmax,ksmax,dt,nsound:  1.0000  0.0007    11.5754   14
          1598              0.214094 day 
 cflmax,ksmax,dt,nsound:  1.0000  0.0006    11.5755   14
          1599              0.214228 day 
 cflmax,ksmax,dt,nsound:  1.0000  0.0006    11.5755   14
          1600              0.214362 day 
 cflmax,ksmax,dt,nsound:  1.0000  0.0007    11.5756   14
          1601              0.214496 day 
 cflmax,ksmax,dt,nsound:  1.0000  0.0007    11.5756   14
          1602              0.214630 day 
 cflmax,ksmax,dt,nsound:  1.0000  0.0006    11.5756   14
          1603              0.214764 day 
 cflmax,ksmax,dt,nsound:  1.0000  0.0006    11.5757   14
          1604              0.214898 day 
 cflmax,ksmax,dt,nsound:  1.0000  0.0006    11.5757   14
          1605              0.215032 day 
 cflmax,ksmax,dt,nsound:  1.0000  0.0006    11.5757   14
          1606              0.215166 day 
   dorad =  T
 cflmax,ksmax,dt,nsound:  1.0000  0.0006    11.5757   14
 
 Entering RADIATION_DRIVER 
   rrtmg_lwrad 
   rrtmg_swrad 
 Leaving RADIATION_DRIVER 
 
          1607              0.215300 day 
 cflmax,ksmax,dt,nsound:  1.0000  0.0006    11.5757   14
          1608              0.215434 day 
 cflmax,ksmax,dt,nsound:  1.0000  0.0006    11.5758   14
          1609              0.215568 day 
 cflmax,ksmax,dt,nsound:  1.0000  0.0006    11.5758   14
          1610              0.215702 day 
 cflmax,ksmax,dt,nsound:  1.0000  0.0006    11.5758   14
          1611              0.215836 day 
 cflmax,ksmax,dt,nsound:  1.0000  0.0006    11.5759   14
          1612              0.215970 day 
 cflmax,ksmax,dt,nsound:  1.0000  0.0006    11.5759   14
          1613              0.216104 day 
 cflmax,ksmax,dt,nsound:  1.0000  0.0006    11.5760   14
          1614              0.216238 day 
 cflmax,ksmax,dt,nsound:  1.0000  0.0006    11.5760   14
          1615              0.216372 day 
 cflmax,ksmax,dt,nsound:  1.0000  0.0006    11.5761   14
          1616              0.216506 day 
 cflmax,ksmax,dt,nsound:  1.0000  0.0006    11.5761   14
          1617              0.216640 day 
 cflmax,ksmax,dt,nsound:  1.0000  0.0007    11.5762   14
          1618              0.216774 day 
 cflmax,ksmax,dt,nsound:  1.0000  0.0006    11.5762   14
          1619              0.216908 day 
 cflmax,ksmax,dt,nsound:  1.0000  0.0007    11.5763   14
          1620              0.217042 day 
 cflmax,ksmax,dt,nsound:  1.0000  0.0006    11.5764   14
          1621              0.217176 day 
 cflmax,ksmax,dt,nsound:  1.0000  0.0006    11.5765   14
          1622              0.217310 day 
 cflmax,ksmax,dt,nsound:  1.0000  0.0006    11.5766   14
          1623              0.217444 day 
 cflmax,ksmax,dt,nsound:  1.0000  0.0006    11.5766   14
          1624              0.217578 day 
 cflmax,ksmax,dt,nsound:  1.0000  0.0006    11.5767   14
          1625              0.217712 day 
 cflmax,ksmax,dt,nsound:  1.0000  0.0006    11.5768   14
          1626              0.217846 day 
 cflmax,ksmax,dt,nsound:  1.0000  0.0007    11.5769   14
          1627              0.217980 day 
 cflmax,ksmax,dt,nsound:  1.0000  0.0006    11.5769   14
          1628              0.218114 day 
 cflmax,ksmax,dt,nsound:  1.0000  0.0006    11.5769   14
          1629              0.218248 day 
 cflmax,ksmax,dt,nsound:  1.0000  0.0006    11.5769   14
          1630              0.218382 day 
 cflmax,ksmax,dt,nsound:  1.0000  0.0006    11.5769   14
          1631              0.218516 day 
 cflmax,ksmax,dt,nsound:  1.0000  0.0006    11.5770   14
          1632              0.218650 day 
   dorad =  T
 cflmax,ksmax,dt,nsound:  1.0000  0.0007    11.5770   14
 
 Entering RADIATION_DRIVER 
   rrtmg_lwrad 
   rrtmg_swrad 
 Leaving RADIATION_DRIVER 
 
          1633              0.218784 day 
 cflmax,ksmax,dt,nsound:  1.0000  0.0007    11.5770   14
          1634              0.218918 day 
 cflmax,ksmax,dt,nsound:  1.0000  0.0006    11.5770   14
          1635              0.219052 day 
 cflmax,ksmax,dt,nsound:  1.0000  0.0006    11.5769   14
          1636              0.219186 day 
 cflmax,ksmax,dt,nsound:  1.0000  0.0006    11.5768   14
          1637              0.219320 day 
 cflmax,ksmax,dt,nsound:  1.0000  0.0006    11.5767   14
          1638              0.219454 day 
 cflmax,ksmax,dt,nsound:  1.0000  0.0006    11.5766   14
          1639              0.219588 day 
 cflmax,ksmax,dt,nsound:  1.0000  0.0006    11.5766   14
          1640              0.219722 day 
 cflmax,ksmax,dt,nsound:  1.0000  0.0007    11.5765   14
          1641              0.219856 day 
 cflmax,ksmax,dt,nsound:  1.0000  0.0007    11.5764   14
          1642              0.219990 day 
 cflmax,ksmax,dt,nsound:  1.0000  0.0007    11.5764   14
          1643              0.220124 day 
 cflmax,ksmax,dt,nsound:  1.0000  0.0007    11.5763   14
          1644              0.220258 day 
 cflmax,ksmax,dt,nsound:  1.0000  0.0007    11.5763   14
          1645              0.220392 day 
 cflmax,ksmax,dt,nsound:  1.0000  0.0007    11.5762   14
          1646              0.220526 day 
 cflmax,ksmax,dt,nsound:  1.0000  0.0006    11.5762   14
          1647              0.220660 day 
 cflmax,ksmax,dt,nsound:  1.0000  0.0007    11.5761   14
          1648              0.220794 day 
 cflmax,ksmax,dt,nsound:  1.0000  0.0007    11.5761   14
          1649              0.220927 day 
 cflmax,ksmax,dt,nsound:  1.0000  0.0007    11.5761   14
          1650              0.221061 day 
 cflmax,ksmax,dt,nsound:  1.0000  0.0006    11.5760   14
          1651              0.221195 day 
 cflmax,ksmax,dt,nsound:  1.0000  0.0006    11.5760   14
          1652              0.221329 day 
 cflmax,ksmax,dt,nsound:  1.0000  0.0006    11.5760   14
          1653              0.221463 day 
 cflmax,ksmax,dt,nsound:  1.0000  0.0006    11.5760   14
          1654              0.221597 day 
 cflmax,ksmax,dt,nsound:  1.0000  0.0006    11.5760   14
          1655              0.221731 day 
 cflmax,ksmax,dt,nsound:  1.0000  0.0006    11.5760   14
          1656              0.221865 day 
 cflmax,ksmax,dt,nsound:  1.0000  0.0007    11.5760   14
          1657              0.221999 day 
 cflmax,ksmax,dt,nsound:  1.0000  0.0006    11.5760   14
          1658              0.222133 day 
   dorad =  T
 cflmax,ksmax,dt,nsound:  1.0000  0.0006    11.5760   14
 
 Entering RADIATION_DRIVER 
   rrtmg_lwrad 
   rrtmg_swrad 
 Leaving RADIATION_DRIVER 
 
          1659              0.222267 day 
 cflmax,ksmax,dt,nsound:  1.0000  0.0006    11.5761   14
          1660              0.222401 day 
 cflmax,ksmax,dt,nsound:  1.0000  0.0006    11.5761   14
          1661              0.222535 day 
 cflmax,ksmax,dt,nsound:  1.0000  0.0006    11.5761   14
          1662              0.222669 day 
 cflmax,ksmax,dt,nsound:  1.0000  0.0006    11.5762   14
          1663              0.222803 day 
 cflmax,ksmax,dt,nsound:  1.0000  0.0006    11.5762   14
          1664              0.222937 day 
 cflmax,ksmax,dt,nsound:  1.0000  0.0006    11.5763   14
          1665              0.223071 day 
 cflmax,ksmax,dt,nsound:  1.0000  0.0006    11.5763   14
          1666              0.223205 day 
 cflmax,ksmax,dt,nsound:  1.0000  0.0006    11.5764   14
          1667              0.223339 day 
 cflmax,ksmax,dt,nsound:  1.0000  0.0006    11.5764   14
          1668              0.223473 day 
 cflmax,ksmax,dt,nsound:  1.0000  0.0006    11.5765   14
          1669              0.223607 day 
 cflmax,ksmax,dt,nsound:  1.0000  0.0006    11.5765   14
          1670              0.223741 day 
 cflmax,ksmax,dt,nsound:  1.0000  0.0006    11.5766   14
          1671              0.223875 day 
 cflmax,ksmax,dt,nsound:  1.0000  0.0006    11.5766   14
          1672              0.224009 day 
 cflmax,ksmax,dt,nsound:  1.0000  0.0006    11.5766   14
          1673              0.224143 day 
 cflmax,ksmax,dt,nsound:  1.0000  0.0006    11.5766   14
          1674              0.224277 day 
 cflmax,ksmax,dt,nsound:  1.0000  0.0006    11.5766   14
          1675              0.224411 day 
 cflmax,ksmax,dt,nsound:  1.0000  0.0006    11.5766   14
          1676              0.224545 day 
 cflmax,ksmax,dt,nsound:  1.0000  0.0006    11.5765   14
          1677              0.224679 day 
 cflmax,ksmax,dt,nsound:  1.0000  0.0006    11.5765   14
          1678              0.224813 day 
 cflmax,ksmax,dt,nsound:  1.0000  0.0006    11.5765   14
          1679              0.224947 day 
 cflmax,ksmax,dt,nsound:  1.0000  0.0006    11.5764   14
          1680              0.225081 day 
 cflmax,ksmax,dt,nsound:  1.0000  0.0006    11.5763   14
          1681              0.225215 day 
 cflmax,ksmax,dt,nsound:  1.0000  0.0006    11.5763   14
          1682              0.225349 day 
 cflmax,ksmax,dt,nsound:  1.0000  0.0006    11.5762   14
          1683              0.225483 day 
 cflmax,ksmax,dt,nsound:  1.0000  0.0007    11.5762   14
          1684              0.225617 day 
   dorad =  T
 cflmax,ksmax,dt,nsound:  1.0000  0.0007    11.5761   14
 
 Entering RADIATION_DRIVER 
   rrtmg_lwrad 
   rrtmg_swrad 
 Leaving RADIATION_DRIVER 
 
          1685              0.225751 day 
 cflmax,ksmax,dt,nsound:  1.0000  0.0006    11.5761   14
          1686              0.225885 day 
 cflmax,ksmax,dt,nsound:  1.0000  0.0006    11.5760   14
          1687              0.226019 day 
 cflmax,ksmax,dt,nsound:  1.0000  0.0006    11.5760   14
          1688              0.226153 day 
 cflmax,ksmax,dt,nsound:  1.0000  0.0006    11.5760   14
          1689              0.226287 day 
 cflmax,ksmax,dt,nsound:  1.0000  0.0006    11.5759   14
          1690              0.226421 day 
 cflmax,ksmax,dt,nsound:  1.0000  0.0006    11.5759   14
          1691              0.226555 day 
 cflmax,ksmax,dt,nsound:  1.0000  0.0006    11.5759   14
          1692              0.226689 day 
 cflmax,ksmax,dt,nsound:  1.0000  0.0006    11.5759   14
          1693              0.226823 day 
 cflmax,ksmax,dt,nsound:  1.0000  0.0006    11.5759   14
          1694              0.226957 day 
 cflmax,ksmax,dt,nsound:  1.0000  0.0006    11.5759   14
          1695              0.227091 day 
 cflmax,ksmax,dt,nsound:  1.0000  0.0006    11.5759   14
          1696              0.227225 day 
 cflmax,ksmax,dt,nsound:  1.0000  0.0006    11.5759   14
          1697              0.227359 day 
 cflmax,ksmax,dt,nsound:  1.0000  0.0006    11.5759   14
          1698              0.227493 day 
 cflmax,ksmax,dt,nsound:  1.0000  0.0006    11.5759   14
          1699              0.227627 day 
 cflmax,ksmax,dt,nsound:  1.0000  0.0007    11.5759   14
          1700              0.227761 day 
 cflmax,ksmax,dt,nsound:  1.0000  0.0006    11.5759   14
          1701              0.227895 day 
 cflmax,ksmax,dt,nsound:  1.0000  0.0006    11.5760   14
          1702              0.228029 day 
 cflmax,ksmax,dt,nsound:  1.0000  0.0006    11.5760   14
          1703              0.228163 day 
 cflmax,ksmax,dt,nsound:  1.0000  0.0006    11.5761   14
          1704              0.228297 day 
 cflmax,ksmax,dt,nsound:  1.0000  0.0006    11.5761   14
          1705              0.228431 day 
 cflmax,ksmax,dt,nsound:  1.0000  0.0006    11.5762   14
          1706              0.228565 day 
 cflmax,ksmax,dt,nsound:  1.0000  0.0006    11.5762   14
          1707              0.228699 day 
 cflmax,ksmax,dt,nsound:  1.0000  0.0006    11.5763   14
          1708              0.228832 day 
 cflmax,ksmax,dt,nsound:  1.0000  0.0006    11.5763   14
          1709              0.228966 day 
 cflmax,ksmax,dt,nsound:  1.0000  0.0006    11.5764   14
          1710              0.229100 day 
   dorad =  T
 cflmax,ksmax,dt,nsound:  1.0000  0.0006    11.5765   14
 
 Entering RADIATION_DRIVER 
   rrtmg_lwrad 
   rrtmg_swrad 
 Leaving RADIATION_DRIVER 
 
          1711              0.229234 day 
 cflmax,ksmax,dt,nsound:  1.0000  0.0006    11.5765   14
          1712              0.229368 day 
 cflmax,ksmax,dt,nsound:  1.0000  0.0006    11.5766   14
          1713              0.229502 day 
 cflmax,ksmax,dt,nsound:  1.0000  0.0006    11.5767   14
          1714              0.229636 day 
 cflmax,ksmax,dt,nsound:  1.0000  0.0006    11.5768   14
          1715              0.229770 day 
 cflmax,ksmax,dt,nsound:  1.0000  0.0006    11.5769   14
          1716              0.229904 day 
 cflmax,ksmax,dt,nsound:  1.0000  0.0006    11.5769   14
          1717              0.230038 day 
 cflmax,ksmax,dt,nsound:  1.0000  0.0006    11.5770   14
          1718              0.230172 day 
 cflmax,ksmax,dt,nsound:  1.0000  0.0006    11.5770   14
          1719              0.230306 day 
 cflmax,ksmax,dt,nsound:  1.0000  0.0006    11.5770   14
          1720              0.230440 day 
 cflmax,ksmax,dt,nsound:  1.0000  0.0006    11.5770   14
          1721              0.230574 day 
 cflmax,ksmax,dt,nsound:  1.0000  0.0006    11.5770   14
          1722              0.230708 day 
 cflmax,ksmax,dt,nsound:  1.0000  0.0006    11.5769   14
          1723              0.230842 day 
 cflmax,ksmax,dt,nsound:  1.0000  0.0006    11.5769   14
          1724              0.230976 day 
 cflmax,ksmax,dt,nsound:  1.0000  0.0006    11.5769   14
          1725              0.231110 day 
 cflmax,ksmax,dt,nsound:  1.0000  0.0006    11.5769   14
          1726              0.231244 day 
 cflmax,ksmax,dt,nsound:  1.0000  0.0006    11.5768   14
          1727              0.231378 day 
 cflmax,ksmax,dt,nsound:  1.0000  0.0006    11.5768   14
          1728              0.231512 day 
 cflmax,ksmax,dt,nsound:  1.0000  0.0006    11.5768   14
          1729              0.231646 day 
 cflmax,ksmax,dt,nsound:  1.0000  0.0006    11.5768   14
          1730              0.231780 day 
 cflmax,ksmax,dt,nsound:  1.0000  0.0006    11.5768   14
          1731              0.231914 day 
 cflmax,ksmax,dt,nsound:  1.0000  0.0006    11.5768   14
          1732              0.232048 day 
 cflmax,ksmax,dt,nsound:  1.0000  0.0006    11.5768   14
          1733              0.232182 day 
 cflmax,ksmax,dt,nsound:  1.0000  0.0006    11.5768   14
          1734              0.232316 day 
 cflmax,ksmax,dt,nsound:  1.0000  0.0006    11.5768   14
          1735              0.232450 day 
 cflmax,ksmax,dt,nsound:  1.0000  0.0006    11.5768   14
          1736              0.232584 day 
   dorad =  T
 cflmax,ksmax,dt,nsound:  1.0000  0.0006    11.5769   14
 
 Entering RADIATION_DRIVER 
   rrtmg_lwrad 
   rrtmg_swrad 
 Leaving RADIATION_DRIVER 
 
          1737              0.232718 day 
 cflmax,ksmax,dt,nsound:  1.0000  0.0006    11.5769   14
          1738              0.232852 day 
 cflmax,ksmax,dt,nsound:  1.0000  0.0006    11.5768   14
          1739              0.232986 day 
 cflmax,ksmax,dt,nsound:  1.0000  0.0006    11.5768   14
          1740              0.233120 day 
 cflmax,ksmax,dt,nsound:  1.0000  0.0006    11.5768   14
          1741              0.233254 day 
 cflmax,ksmax,dt,nsound:  1.0000  0.0006    11.5767   14
          1742              0.233388 day 
 cflmax,ksmax,dt,nsound:  1.0000  0.0006    11.5767   14
          1743              0.233522 day 
 cflmax,ksmax,dt,nsound:  1.0000  0.0006    11.5767   14
          1744              0.233656 day 
 cflmax,ksmax,dt,nsound:  1.0000  0.0006    11.5767   14
          1745              0.233790 day 
 cflmax,ksmax,dt,nsound:  1.0000  0.0006    11.5766   14
          1746              0.233924 day 
 cflmax,ksmax,dt,nsound:  1.0000  0.0006    11.5766   14
          1747              0.234058 day 
 cflmax,ksmax,dt,nsound:  1.0000  0.0006    11.5766   14
          1748              0.234192 day 
 cflmax,ksmax,dt,nsound:  1.0000  0.0006    11.5766   14
          1749              0.234326 day 
 cflmax,ksmax,dt,nsound:  1.0000  0.0006    11.5766   14
          1750              0.234460 day 
 cflmax,ksmax,dt,nsound:  1.0000  0.0007    11.5766   14
          1751              0.234594 day 
 cflmax,ksmax,dt,nsound:  1.0000  0.0007    11.5766   14
          1752              0.234728 day 
 cflmax,ksmax,dt,nsound:  1.0000  0.0007    11.5766   14
          1753              0.234862 day 
 cflmax,ksmax,dt,nsound:  1.0000  0.0007    11.5767   14
          1754              0.234996 day 
 cflmax,ksmax,dt,nsound:  1.0000  0.0007    11.5767   14
          1755              0.235130 day 
 cflmax,ksmax,dt,nsound:  1.0000  0.0007    11.5767   14
          1756              0.235264 day 
 cflmax,ksmax,dt,nsound:  1.0000  0.0007    11.5767   14
          1757              0.235398 day 
 cflmax,ksmax,dt,nsound:  1.0000  0.0006    11.5767   14
          1758              0.235532 day 
 cflmax,ksmax,dt,nsound:  1.0000  0.0006    11.5767   14
          1759              0.235666 day 
 cflmax,ksmax,dt,nsound:  1.0000  0.0006    11.5767   14
          1760              0.235800 day 
 cflmax,ksmax,dt,nsound:  1.0000  0.0007    11.5767   14
          1761              0.235934 day 
 cflmax,ksmax,dt,nsound:  1.0000  0.0007    11.5766   14
          1762              0.236068 day 
   dorad =  T
 cflmax,ksmax,dt,nsound:  1.0000  0.0007    11.5766   14
 
 Entering RADIATION_DRIVER 
   rrtmg_lwrad 
   rrtmg_swrad 
 Leaving RADIATION_DRIVER 
 
          1763              0.236202 day 
 cflmax,ksmax,dt,nsound:  1.0000  0.0007    11.5765   14
          1764              0.236336 day 
 cflmax,ksmax,dt,nsound:  1.0000  0.0007    11.5765   14
          1765              0.236470 day 
 cflmax,ksmax,dt,nsound:  1.0000  0.0006    11.5765   14
          1766              0.236604 day 
 cflmax,ksmax,dt,nsound:  1.0000  0.0006    11.5764   14
          1767              0.236738 day 
 cflmax,ksmax,dt,nsound:  1.0000  0.0007    11.5764   14
          1768              0.236872 day 
 cflmax,ksmax,dt,nsound:  1.0000  0.0007    11.5763   14
          1769              0.237006 day 
 cflmax,ksmax,dt,nsound:  1.0000  0.0006    11.5762   14
          1770              0.237140 day 
 cflmax,ksmax,dt,nsound:  1.0000  0.0006    11.5761   14
          1771              0.237274 day 
 cflmax,ksmax,dt,nsound:  1.0000  0.0006    11.5760   14
          1772              0.237408 day 
 cflmax,ksmax,dt,nsound:  1.0000  0.0007    11.5759   14
          1773              0.237542 day 
 cflmax,ksmax,dt,nsound:  1.0000  0.0007    11.5759   14
          1774              0.237676 day 
 cflmax,ksmax,dt,nsound:  1.0000  0.0007    11.5758   14
          1775              0.237810 day 
 cflmax,ksmax,dt,nsound:  1.0000  0.0007    11.5757   14
          1776              0.237944 day 
 cflmax,ksmax,dt,nsound:  1.0000  0.0007    11.5757   14
          1777              0.238078 day 
 cflmax,ksmax,dt,nsound:  1.0000  0.0007    11.5756   14
          1778              0.238212 day 
 cflmax,ksmax,dt,nsound:  1.0000  0.0007    11.5756   14
          1779              0.238346 day 
 cflmax,ksmax,dt,nsound:  1.0000  0.0007    11.5755   14
          1780              0.238480 day 
 cflmax,ksmax,dt,nsound:  1.0000  0.0007    11.5755   14
          1781              0.238614 day 
 cflmax,ksmax,dt,nsound:  1.0000  0.0007    11.5755   14
          1782              0.238748 day 
 cflmax,ksmax,dt,nsound:  1.0000  0.0007    11.5754   14
          1783              0.238882 day 
 cflmax,ksmax,dt,nsound:  1.0000  0.0007    11.5754   14
          1784              0.239016 day 
 cflmax,ksmax,dt,nsound:  1.0000  0.0007    11.5754   14
          1785              0.239150 day 
 cflmax,ksmax,dt,nsound:  1.0000  0.0007    11.5754   14
          1786              0.239283 day 
 cflmax,ksmax,dt,nsound:  1.0000  0.0007    11.5754   14
          1787              0.239417 day 
 cflmax,ksmax,dt,nsound:  1.0000  0.0007    11.5753   14
          1788              0.239551 day 
   dorad =  T
 cflmax,ksmax,dt,nsound:  1.0000  0.0007    11.5753   14
 
 Entering RADIATION_DRIVER 
   rrtmg_lwrad 
   rrtmg_swrad 
 Leaving RADIATION_DRIVER 
 
          1789              0.239685 day 
 cflmax,ksmax,dt,nsound:  1.0000  0.0007    11.5754   14
          1790              0.239819 day 
 cflmax,ksmax,dt,nsound:  1.0000  0.0007    11.5754   14
          1791              0.239953 day 
 cflmax,ksmax,dt,nsound:  1.0000  0.0007    11.5754   14
          1792              0.240087 day 
 cflmax,ksmax,dt,nsound:  1.0000  0.0007    11.5754   14
          1793              0.240221 day 
 cflmax,ksmax,dt,nsound:  1.0000  0.0007    11.5754   14
          1794              0.240355 day 
 cflmax,ksmax,dt,nsound:  1.0000  0.0007    11.5755   14
          1795              0.240489 day 
 cflmax,ksmax,dt,nsound:  1.0000  0.0007    11.5755   14
          1796              0.240623 day 
 cflmax,ksmax,dt,nsound:  1.0000  0.0007    11.5755   14
          1797              0.240757 day 
 cflmax,ksmax,dt,nsound:  1.0000  0.0007    11.5756   14
          1798              0.240891 day 
 cflmax,ksmax,dt,nsound:  1.0000  0.0007    11.5756   14
          1799              0.241025 day 
 cflmax,ksmax,dt,nsound:  1.0000  0.0007    11.5757   14
          1800              0.241159 day 
 cflmax,ksmax,dt,nsound:  1.0000  0.0007    11.5757   14
          1801              0.241293 day 
 cflmax,ksmax,dt,nsound:  1.0000  0.0007    11.5758   14
          1802              0.241427 day 
 cflmax,ksmax,dt,nsound:  1.0000  0.0007    11.5759   14
          1803              0.241561 day 
 cflmax,ksmax,dt,nsound:  1.0000  0.0007    11.5759   14
          1804              0.241695 day 
 cflmax,ksmax,dt,nsound:  1.0000  0.0007    11.5760   14
          1805              0.241829 day 
 cflmax,ksmax,dt,nsound:  1.0000  0.0007    11.5761   14
          1806              0.241963 day 
 cflmax,ksmax,dt,nsound:  1.0000  0.0007    11.5762   14
          1807              0.242097 day 
 cflmax,ksmax,dt,nsound:  1.0000  0.0007    11.5763   14
          1808              0.242231 day 
 cflmax,ksmax,dt,nsound:  1.0000  0.0007    11.5763   14
          1809              0.242365 day 
 cflmax,ksmax,dt,nsound:  1.0000  0.0007    11.5763   14
          1810              0.242499 day 
 cflmax,ksmax,dt,nsound:  1.0000  0.0007    11.5763   14
          1811              0.242633 day 
 cflmax,ksmax,dt,nsound:  1.0000  0.0007    11.5762   14
          1812              0.242767 day 
 cflmax,ksmax,dt,nsound:  1.0000  0.0007    11.5761   14
          1813              0.242901 day 
 cflmax,ksmax,dt,nsound:  1.0000  0.0008    11.5760   14
          1814              0.243035 day 
   dorad =  T
 cflmax,ksmax,dt,nsound:  1.0000  0.0007    11.5759   14
 
 Entering RADIATION_DRIVER 
   rrtmg_lwrad 
   rrtmg_swrad 
 Leaving RADIATION_DRIVER 
 
          1815              0.243169 day 
 cflmax,ksmax,dt,nsound:  1.0000  0.0007    11.5758   14
          1816              0.243303 day 
 cflmax,ksmax,dt,nsound:  1.0000  0.0007    11.5758   14
          1817              0.243437 day 
 cflmax,ksmax,dt,nsound:  1.0000  0.0007    11.5757   14
          1818              0.243571 day 
 cflmax,ksmax,dt,nsound:  1.0000  0.0007    11.5756   14
          1819              0.243705 day 
 cflmax,ksmax,dt,nsound:  1.0000  0.0007    11.5755   14
          1820              0.243839 day 
 cflmax,ksmax,dt,nsound:  1.0000  0.0007    11.5754   14
          1821              0.243973 day 
 cflmax,ksmax,dt,nsound:  1.0000  0.0007    11.5754   14
          1822              0.244107 day 
 cflmax,ksmax,dt,nsound:  1.0000  0.0007    11.5753   14
          1823              0.244241 day 
 cflmax,ksmax,dt,nsound:  1.0000  0.0007    11.5753   14
          1824              0.244375 day 
 cflmax,ksmax,dt,nsound:  1.0000  0.0007    11.5752   14
          1825              0.244509 day 
 cflmax,ksmax,dt,nsound:  1.0000  0.0008    11.5752   14
          1826              0.244643 day 
 cflmax,ksmax,dt,nsound:  1.0000  0.0007    11.5751   14
          1827              0.244777 day 
 cflmax,ksmax,dt,nsound:  1.0000  0.0007    11.5751   14
          1828              0.244911 day 
 cflmax,ksmax,dt,nsound:  1.0000  0.0007    11.5751   14
          1829              0.245045 day 
 cflmax,ksmax,dt,nsound:  1.0000  0.0007    11.5750   14
          1830              0.245178 day 
 cflmax,ksmax,dt,nsound:  1.0000  0.0007    11.5750   14
          1831              0.245312 day 
 cflmax,ksmax,dt,nsound:  1.0000  0.0007    11.5750   14
          1832              0.245446 day 
 cflmax,ksmax,dt,nsound:  1.0000  0.0007    11.5750   14
          1833              0.245580 day 
 cflmax,ksmax,dt,nsound:  1.0000  0.0007    11.5750   14
          1834              0.245714 day 
 cflmax,ksmax,dt,nsound:  1.0000  0.0008    11.5750   14
          1835              0.245848 day 
 cflmax,ksmax,dt,nsound:  1.0000  0.0008    11.5750   14
          1836              0.245982 day 
 cflmax,ksmax,dt,nsound:  1.0000  0.0007    11.5750   14
          1837              0.246116 day 
 cflmax,ksmax,dt,nsound:  1.0000  0.0007    11.5750   14
          1838              0.246250 day 
 cflmax,ksmax,dt,nsound:  1.0000  0.0008    11.5751   14
          1839              0.246384 day 
   dorad =  T
 cflmax,ksmax,dt,nsound:  1.0000  0.0008    11.5751   14
 
 Entering RADIATION_DRIVER 
   rrtmg_lwrad 
   rrtmg_swrad 
 Leaving RADIATION_DRIVER 
 
          1840              0.246518 day 
 cflmax,ksmax,dt,nsound:  1.0000  0.0008    11.5751   14
          1841              0.246652 day 
 cflmax,ksmax,dt,nsound:  1.0000  0.0008    11.5752   14
          1842              0.246786 day 
 cflmax,ksmax,dt,nsound:  1.0000  0.0007    11.5752   14
          1843              0.246920 day 
 cflmax,ksmax,dt,nsound:  1.0000  0.0008    11.5752   14
          1844              0.247054 day 
 cflmax,ksmax,dt,nsound:  1.0000  0.0008    11.5753   14
          1845              0.247188 day 
 cflmax,ksmax,dt,nsound:  1.0000  0.0008    11.5754   14
          1846              0.247322 day 
 cflmax,ksmax,dt,nsound:  1.0000  0.0008    11.5754   14
          1847              0.247456 day 
 cflmax,ksmax,dt,nsound:  1.0000  0.0007    11.5755   14
          1848              0.247590 day 
 cflmax,ksmax,dt,nsound:  1.0000  0.0008    11.5756   14
          1849              0.247724 day 
 cflmax,ksmax,dt,nsound:  1.0000  0.0008    11.5756   14
          1850              0.247858 day 
 cflmax,ksmax,dt,nsound:  1.0000  0.0008    11.5757   14
          1851              0.247992 day 
 cflmax,ksmax,dt,nsound:  1.0000  0.0007    11.5758   14
          1852              0.248126 day 
 cflmax,ksmax,dt,nsound:  1.0000  0.0008    11.5759   14
          1853              0.248260 day 
 cflmax,ksmax,dt,nsound:  1.0000  0.0007    11.5760   14
          1854              0.248394 day 
 cflmax,ksmax,dt,nsound:  1.0000  0.0007    11.5761   14
          1855              0.248528 day 
 cflmax,ksmax,dt,nsound:  1.0000  0.0008    11.5761   14
          1856              0.248662 day 
 cflmax,ksmax,dt,nsound:  1.0000  0.0008    11.5761   14
          1857              0.248796 day 
 cflmax,ksmax,dt,nsound:  1.0000  0.0008    11.5761   14
          1858              0.248930 day 
 cflmax,ksmax,dt,nsound:  1.0000  0.0008    11.5761   14
          1859              0.249064 day 
 cflmax,ksmax,dt,nsound:  1.0000  0.0008    11.5761   14
          1860              0.249198 day 
 cflmax,ksmax,dt,nsound:  1.0000  0.0008    11.5760   14
          1861              0.249332 day 
 cflmax,ksmax,dt,nsound:  1.0000  0.0008    11.5760   14
          1862              0.249466 day 
 cflmax,ksmax,dt,nsound:  1.0000  0.0008    11.5759   14
   Note: setting dt based on upcoming stat time 
   Note: setting dt based on upcoming diag time 
          1863              0.249600 day 
 cflmax,ksmax,dt,nsound:  0.9959  0.0007    11.5289   14
   Note: setting dt based on upcoming stat time 
   Note: setting dt based on upcoming diag time 
          1864              0.249733 day 
 cflmax,ksmax,dt,nsound:  0.9959  0.0008    11.5289   14
   Note: setting dt based on upcoming stat time 
   Note: setting dt based on upcoming diag time 
          1865              0.249867 day 
   dorad =  T
   getvt =  T
   Getting dbz ... 
   dotbud =  T
   doqbud =  T
   doubud =  T
   dovbud =  T
   dowbud =  T
 cflmax,ksmax,dt,nsound:  0.9959  0.0008    11.5289   14
   Getting fall velocities for Morrison MP scheme 
 
 Entering RADIATION_DRIVER 
   rrtmg_lwrad 
   rrtmg_swrad 
 Leaving RADIATION_DRIVER 
 
  WMAX  :  0.604699E-01  423  465   30    WMIN  : -0.683009E-01  662   12   31
  UMAX  :   11.9664     1019  102    9    UMIN  :  -43.1934      847  331   41
  SUMAX :   5.57282      541   42    1    SUMIN :   5.48524       17   69    1
  VMAX  :  0.594542      770  274    2    VMIN  : -0.636001E-01   16  403    8
  SVMAX :  0.576732      764  444    1    SVMIN :  0.475950      760  447    1
  PPIMAX: -0.104557E-04  147  332    1    PPIMIN: -0.485916E-03  904  452   37
  PPMAX :  -3.69531        6    1    1    PPMIN :  -66.1289      756  243   19
  THPMAX:  0.853941      533  394   45    THPMIN:  -1.19453      256  238    3
  STHPMX:  -1.15375      603  194    1    STHPMN:  -1.17188        4  147    1
  MAXqv :  0.220850E-01  253   75    1    MINqv :  0.300951E-05  239  285   42
  MAXqc :   0.00000        1    1    1    MINqc :   0.00000        1    1    1
  MAXqr :   0.00000        1    1    1    MINqr :   0.00000        1    1    1
  MAXqi :   0.00000        1    1    1    MINqi :   0.00000        1    1    1
  MAXqs :   0.00000        1    1    1    MINqs :   0.00000        1    1    1
  MAXqg :   0.00000        1    1    1    MINqg :   0.00000        1    1    1
  MAXnci:   0.00000        1    1    1    MINnci:   0.00000        1    1    1
  MAXncs:   0.00000        1    1    1    MINncs:   0.00000        1    1    1
  MAXncr:   0.00000        1    1    1    MINncr:   0.00000        1    1    1
  MAXncg:   0.00000        1    1    1    MINncg:   0.00000        1    1    1
  PRATMX:   0.00000        1    1    1    PRATMN:   0.00000        1    1    1
  KMHMAX:   0.00000        1    1    1    KMHMIN:   0.00000        1    1    1
  KMVMAX:   11.6430      278  487    5    KMVMIN:   0.00000        1    1   66
  KHHMAX:   0.00000        1    1    1    KHHMIN:   0.00000        1    1    1
  KHVMAX:   11.6430      278  487    5    KHVMIN:   0.00000        1    1   66
  DIVMAX:  0.595985E-06  875  207    3    DIVMIN: -0.745167E-06   98  446    4
  RHMAX :  0.933884      104  228    5    RHMIN :  0.301576E-02  710  118   65
  RHIMAX:  0.887587      447   40   33    RHIMIN:  0.534198E-02  710  118   65
  THEMAX:   366.459      253   75    1    THEMIN:   319.039      510  436   19
  STHEMX:   366.459      253   75    1    STHEMN:   366.344      603  194    1
  QCTOP :      0.000000    1    1    1    QCBOT :      0.000000    1    1    1
  SFPMAX:   100715.        6    1    1    SFPMIN:   100715.       11  163    1
  PSFCMX:   100997.       42    4    1    PSFCMN:   100997.      328  170    1
  WSPMAX:   43.1934      847  331   41    WSPMIN:  0.440970      420  262   16
  SWSPMX:   5.59423      527   42    1    SWSPMN:   5.51324       17   69    1
  10MWMX:   5.21373      527   42    1    10MWMN:   5.13915       17   69    1
  HPBLMX:   450.772      538   41    1    HPBLMN:   437.542      558  319    1
  CFLMAX:      0.999961  847  331   41
  KSHMAX:   0.00000        0    0    0
  KSVMAX:  0.112702E-01  559  302    3
  VORSFC:  0.107060E-03
  VOR1KM:  0.412793E-03
  VOR2KM:  0.879211E-04
  VOR3KM:  0.837824E-04
  VOR4KM:  0.163182E-03
  VOR5KM:  0.691175E-04
  TMASS :  0.132247E+16
  TMOIS :  0.573682E+13
  qv MAS:  0.573682E+13
  qc MAS:  0.000000E+00
  qr MAS:  0.000000E+00
  qi MAS:  0.000000E+00
  qs MAS:  0.000000E+00
  qg MAS:  0.000000E+00
  TENERG:  0.343057E+21
  TMU   : -0.616441E+16
  TMV   :  0.384382E+14
  TMW   : -0.480140E+12
  TMFU  :  0.648745E+10
  TMFD  : -0.754190E+10
  tcond :  0.000000E+00
  tevac :  0.000000E+00
  tauto :  0.000000E+00
  taccr :  0.000000E+00
  tevar :  0.000000E+00
  train :  0.000000E+00
  erain :  0.000000E+00
  qsfc  :  0.422332E+11
  esfc  : -0.213181E+16
  erad  :  0.000000E+00
  asqv  :  0.000000E+00
  asqc  :  0.000000E+00
  asqr  :  0.000000E+00
  asqi  :  0.000000E+00
  asqs  :  0.000000E+00
  asqg  :  0.000000E+00
  asnci :  0.000000E+00
  asncs :  0.000000E+00
  asncr :  0.000000E+00
  asncg :  0.000000E+00
  bsqv  :  0.000000E+00
  bsqc  :  0.000000E+00
  bsqr  :  0.000000E+00
  bsqi  :  0.000000E+00
  bsqs  :  0.000000E+00
  bsqg  :  0.000000E+00
  bsnci :  0.000000E+00
  bsncs :  0.000000E+00
  bsncr :  0.000000E+00
  bsncg :  0.000000E+00
 cm1out_stats.ctl                                                               
                                          
   next stattim =    25200.0000000000     
          1866              0.250000 day 
 
  ..... begin domaindiag code ..... 
 
   nwritet =            7
 cm1out_diag_000007_s.dat                                                       
                                          
 cm1out_diag_000007_w.dat                                                       
                                          
   wloop =            1
           1 mtime
           2 nstep
           3 umove
           4 vmove
           5 domainlocx
           6 domainlocy
           7 ust
           8 stau
           9 znt
          10 tsk
          11 psfc
          12 qsfc
          13 thflux
          14 qvflux
          15 hfx
          16 qfx
          17 u10
          18 v10
          19 s10
          20 t2
          21 q2
          22 th2
          23 cd
          24 ch
          25 cq
          26 hpbl
          27 wspd
          28 zol
          29 br
          30 brcr
          31 phim
          32 phih
          33 psim
          34 psih
          35 tst
          36 qst
          37 mol
          38 rain
          39 prate
          40 cwp
          41 rwp
          42 lwp
          43 pwat
          44 spwr
          45 fwp
          46 iwp
          47 swp
          48 gwp
          49 tcwp
          50 cwpvar
          51 rwpvar
          52 lwpvar
          53 qcfrac_col
          54 qrfrac_col
          55 qlfrac_col
          56 qifrac_col
          57 qtfrac_col
          58 qcb
          59 qrb
          60 qlb
          61 qcbvar
          62 qrbvar
          63 qlbvar
          64 qct
          65 qrt
          66 qlt
          67 qctvar
          68 qrtvar
          69 qltvar
          70 lwupt
          71 lwdnt
          72 lwupb
          73 lwdnb
          74 swupt
          75 swdnt
          76 swupb
          77 swdnb
          78 lwuptc
          79 lwdntc
          80 lwupbc
          81 lwdnbc
          82 swuptc
          83 swdntc
          84 swupbc
          85 swdnbc
          86 lwcf
          87 swcf
          88 cape
          89 cin
          90 lcl
          91 lfc
          92 zmelt
          93 pmelt
          94 s u
          95 w uinterp
          96 s v
          97 w vinterp
          98 w w
          99 s th
         100 w thinterp
         101 s t
         102 s prs
         103 w prsinterp
         104 s rho
         105 w rhointerp
         106 s ppi
         107 s qv
         108 s qc
         109 s qr
         110 s qi
         111 s qs
         112 s qg
         113 s nci
         114 s ncs
         115 s ncr
         116 s ncg
         117 s shv
         118 s shc
         119 s shr
         120 s shi
         121 s shs
         122 s shg
         123 s qliq
         124 s qice
         125 s qt
         126 s dbz
         127 s fc
         128 s fr
         129 s fi
         130 s fs
         131 s fg
         132 s precc
         133 s precr
         134 s preci
         135 s precs
         136 s precg
         137 s prec
         138 s qcfrac
         139 s qrfrac
         140 s qlfrac
         141 s qifrac
         142 s qtfrac
         143 s clw
         144 s cli
         145 s plw
         146 s pli
         147 s thv
         148 s brz
         149 s thl
         150 s the
         151 s rh
         152 s rhi
         153 w dissten
         154 w epst
         155 w nm
         156 w defh
         157 w defv
         158 w kmh
         159 w kmv
         160 w khh
         161 w khv
         162 w pr
         163 w rinum
         164 w grdscl
         165 s wsp
         166 w wspinterp
         167 s wspan
         168 s wspa
         169 s sdwsp
         170 s o3
         171 s swten
         172 s lwten
         173 s swtenc
         174 s lwtenc
         175 s cldfra
         176 s effc
         177 s effr
         178 s effs
         179 s effi
         180 s effg
         181 s effis
         182 w ndws
         183 w ndws2
         184 w dtdz
         185 w dudz
         186 w dvdz
         187 w dsdz
         188 w dqvdz
         189 s ug
         190 s vg
         191 s u0
         192 s v0
         193 s upup
         194 s upupup
         195 s vpvp
         196 s vpvpvp
         197 s wpwp
         198 s upvp
         199 s upwp
         200 s vpwp
         201 s thvarr
         202 w thvarrinterp
         203 s tptptp
         204 s uptp
         205 s vptp
         206 s thvvarr
         207 s thlvarr
         208 s qvvarr
         209 s qpqpqp
         210 s qlvarr
         211 s qtvarr
         212 s wpwptp
         213 s wptptp
         214 w upup_w
         215 w vpvp_w
         216 w wpwp_w
         217 w upvp_w
         218 w upwp_w
         219 w vpwp_w
         220 w wpwpwp
         221 w wpupup
         222 w wpvpvp
         223 w ufr
         224 w ufs
         225 w ufd
         226 w vfr
         227 w vfs
         228 w vfd
         229 w thfr
         230 w thfs
         231 w thfd
         232 w thvfr
         233 w thvfs
         234 w thvfd
         235 w thlfr
         236 w thlfs
         237 w thlfd
         238 w qvfr
         239 w qvfs
         240 w qvfd
         241 w qlfr
         242 w qlfs
         243 w qlfd
         244 w qtfr
         245 w qtfs
         246 w qtfd
         247 s ptb_vturbr
         248 s ptb_vturbs
         249 s ptb_vturbd
         250 s ptb_frc
         251 s qvb_vturbr
         252 s qvb_vturbs
         253 s qvb_vturbd
         254 s qvb_frc
         255 s ub_vturbr
         256 s ub_vturbs
         257 s ub_vturbd
         258 s ub_lspg
         259 s ub_frc
         260 s vb_vturbr
         261 s vb_vturbs
         262 s vb_vturbd
         263 s vb_lspg
         264 s vb_frc
         265 s rtke
         266 w rtke_w
         267 w wprof
         268 w wmax
         269 w wmin
         270 s tmfu
         271 s tmfd
         272 s wspmax
         273 s wspmin
         274 s zetamax
         275 s zetamin
         276 wvar_max
         277 wstar
         278 fbmin
         279 zfbmin
 
  ..... end domaindiag code ..... 
 
   next diagtim =    25200.0000000000     
 cflmax,ksmax,dt,nsound:  1.0000  0.0008    11.5758   14
          1867              0.250134 day 
 cflmax,ksmax,dt,nsound:  1.0000  0.0008    11.5758   14
          1868              0.250268 day 
 cflmax,ksmax,dt,nsound:  1.0000  0.0008    11.5758   14
          1869              0.250402 day 
 cflmax,ksmax,dt,nsound:  1.0000  0.0008    11.5758   14
          1870              0.250536 day 
 cflmax,ksmax,dt,nsound:  1.0000  0.0008    11.5758   14
          1871              0.250670 day 
 cflmax,ksmax,dt,nsound:  1.0000  0.0008    11.5758   14
          1872              0.250804 day 
 cflmax,ksmax,dt,nsound:  1.0000  0.0008    11.5758   14
          1873              0.250938 day 
 cflmax,ksmax,dt,nsound:  1.0000  0.0008    11.5758   14
          1874              0.251072 day 
 cflmax,ksmax,dt,nsound:  1.0000  0.0008    11.5758   14
          1875              0.251206 day 
 cflmax,ksmax,dt,nsound:  1.0000  0.0008    11.5758   14
          1876              0.251340 day 
 cflmax,ksmax,dt,nsound:  1.0000  0.0008    11.5757   14
          1877              0.251474 day 
 cflmax,ksmax,dt,nsound:  1.0000  0.0008    11.5757   14
          1878              0.251608 day 
 cflmax,ksmax,dt,nsound:  1.0000  0.0008    11.5757   14
          1879              0.251742 day 
 cflmax,ksmax,dt,nsound:  1.0000  0.0008    11.5757   14
          1880              0.251876 day 
 cflmax,ksmax,dt,nsound:  1.0000  0.0008    11.5757   14
          1881              0.252010 day 
 cflmax,ksmax,dt,nsound:  1.0000  0.0008    11.5757   14
          1882              0.252144 day 
 cflmax,ksmax,dt,nsound:  1.0000  0.0008    11.5757   14
          1883              0.252278 day 
 cflmax,ksmax,dt,nsound:  1.0000  0.0008    11.5757   14
          1884              0.252412 day 
 cflmax,ksmax,dt,nsound:  1.0000  0.0008    11.5757   14
          1885              0.252546 day 
 cflmax,ksmax,dt,nsound:  1.0000  0.0008    11.5757   14
          1886              0.252680 day 
 cflmax,ksmax,dt,nsound:  1.0000  0.0008    11.5757   14
          1887              0.252814 day 
 cflmax,ksmax,dt,nsound:  1.0000  0.0008    11.5757   14
          1888              0.252948 day 
 cflmax,ksmax,dt,nsound:  1.0000  0.0008    11.5756   14
          1889              0.253082 day 
 cflmax,ksmax,dt,nsound:  1.0000  0.0008    11.5756   14
          1890              0.253215 day 
 cflmax,ksmax,dt,nsound:  1.0000  0.0008    11.5755   14
          1891              0.253349 day 
   dorad =  T
 cflmax,ksmax,dt,nsound:  1.0000  0.0008    11.5754   14
 
 Entering RADIATION_DRIVER 
   rrtmg_lwrad 
   rrtmg_swrad 
 Leaving RADIATION_DRIVER 
 
          1892              0.253483 day 
 cflmax,ksmax,dt,nsound:  1.0000  0.0008    11.5753   14
          1893              0.253617 day 
 cflmax,ksmax,dt,nsound:  1.0000  0.0008    11.5753   14
          1894              0.253751 day 
 cflmax,ksmax,dt,nsound:  1.0000  0.0008    11.5752   14
          1895              0.253885 day 
 cflmax,ksmax,dt,nsound:  1.0000  0.0008    11.5751   14
          1896              0.254019 day 
 cflmax,ksmax,dt,nsound:  1.0000  0.0008    11.5751   14
          1897              0.254153 day 
 cflmax,ksmax,dt,nsound:  1.0000  0.0008    11.5750   14
          1898              0.254287 day 
 cflmax,ksmax,dt,nsound:  1.0000  0.0008    11.5750   14
          1899              0.254421 day 
 cflmax,ksmax,dt,nsound:  1.0000  0.0008    11.5749   14
          1900              0.254555 day 
 cflmax,ksmax,dt,nsound:  1.0000  0.0008    11.5748   14
          1901              0.254689 day 
 cflmax,ksmax,dt,nsound:  1.0000  0.0008    11.5748   14
          1902              0.254823 day 
 cflmax,ksmax,dt,nsound:  1.0000  0.0007    11.5747   14
          1903              0.254957 day 
 cflmax,ksmax,dt,nsound:  1.0000  0.0007    11.5747   14
          1904              0.255091 day 
 cflmax,ksmax,dt,nsound:  1.0000  0.0008    11.5747   14
          1905              0.255225 day 
 cflmax,ksmax,dt,nsound:  1.0000  0.0008    11.5746   14
          1906              0.255359 day 
 cflmax,ksmax,dt,nsound:  1.0000  0.0008    11.5746   14
          1907              0.255493 day 
 cflmax,ksmax,dt,nsound:  1.0000  0.0008    11.5746   14
          1908              0.255627 day 
 cflmax,ksmax,dt,nsound:  1.0000  0.0008    11.5746   14
          1909              0.255761 day 
 cflmax,ksmax,dt,nsound:  1.0000  0.0008    11.5746   14
          1910              0.255895 day 
 cflmax,ksmax,dt,nsound:  1.0000  0.0008    11.5745   14
          1911              0.256029 day 
 cflmax,ksmax,dt,nsound:  1.0000  0.0008    11.5745   14
          1912              0.256163 day 
 cflmax,ksmax,dt,nsound:  1.0000  0.0008    11.5745   14
          1913              0.256297 day 
 cflmax,ksmax,dt,nsound:  1.0000  0.0007    11.5745   14
          1914              0.256431 day 
 cflmax,ksmax,dt,nsound:  1.0000  0.0008    11.5745   14
          1915              0.256565 day 
 cflmax,ksmax,dt,nsound:  1.0000  0.0008    11.5746   14
          1916              0.256699 day 
 cflmax,ksmax,dt,nsound:  1.0000  0.0008    11.5746   14
          1917              0.256833 day 
   dorad =  T
 cflmax,ksmax,dt,nsound:  1.0000  0.0008    11.5746   14
 
 Entering RADIATION_DRIVER 
   rrtmg_lwrad 
   rrtmg_swrad 
 Leaving RADIATION_DRIVER 
 
          1918              0.256967 day 
 cflmax,ksmax,dt,nsound:  1.0000  0.0008    11.5746   14
          1919              0.257101 day 
 cflmax,ksmax,dt,nsound:  1.0000  0.0008    11.5747   14
          1920              0.257235 day 
 cflmax,ksmax,dt,nsound:  1.0000  0.0008    11.5747   14
          1921              0.257368 day 
 cflmax,ksmax,dt,nsound:  1.0000  0.0008    11.5748   14
          1922              0.257502 day 
 cflmax,ksmax,dt,nsound:  1.0000  0.0008    11.5748   14
          1923              0.257636 day 
 cflmax,ksmax,dt,nsound:  1.0000  0.0008    11.5749   14
          1924              0.257770 day 
 cflmax,ksmax,dt,nsound:  1.0000  0.0008    11.5749   14
          1925              0.257904 day 
 cflmax,ksmax,dt,nsound:  1.0000  0.0008    11.5750   14
          1926              0.258038 day 
 cflmax,ksmax,dt,nsound:  1.0000  0.0008    11.5751   14
          1927              0.258172 day 
 cflmax,ksmax,dt,nsound:  1.0000  0.0008    11.5751   14
          1928              0.258306 day 
 cflmax,ksmax,dt,nsound:  1.0000  0.0008    11.5752   14
          1929              0.258440 day 
 cflmax,ksmax,dt,nsound:  1.0000  0.0008    11.5753   14
          1930              0.258574 day 
 cflmax,ksmax,dt,nsound:  1.0000  0.0008    11.5754   14
          1931              0.258708 day 
 cflmax,ksmax,dt,nsound:  1.0000  0.0008    11.5755   14
          1932              0.258842 day 
 cflmax,ksmax,dt,nsound:  1.0000  0.0008    11.5755   14
          1933              0.258976 day 
 cflmax,ksmax,dt,nsound:  1.0000  0.0008    11.5754   14
          1934              0.259110 day 
 cflmax,ksmax,dt,nsound:  1.0000  0.0008    11.5754   14
          1935              0.259244 day 
 cflmax,ksmax,dt,nsound:  1.0000  0.0008    11.5753   14
          1936              0.259378 day 
 cflmax,ksmax,dt,nsound:  1.0000  0.0008    11.5753   14
          1937              0.259512 day 
 cflmax,ksmax,dt,nsound:  1.0000  0.0008    11.5753   14
          1938              0.259646 day 
 cflmax,ksmax,dt,nsound:  1.0000  0.0008    11.5753   14
          1939              0.259780 day 
 cflmax,ksmax,dt,nsound:  1.0000  0.0008    11.5753   14
          1940              0.259914 day 
 cflmax,ksmax,dt,nsound:  1.0000  0.0008    11.5752   14
          1941              0.260048 day 
 cflmax,ksmax,dt,nsound:  1.0000  0.0008    11.5752   14
          1942              0.260182 day 
 cflmax,ksmax,dt,nsound:  1.0000  0.0008    11.5752   14
          1943              0.260316 day 
   dorad =  T
 cflmax,ksmax,dt,nsound:  1.0000  0.0008    11.5752   14
 
 Entering RADIATION_DRIVER 
   rrtmg_lwrad 
   rrtmg_swrad 
 Leaving RADIATION_DRIVER 
 
          1944              0.260450 day 
 cflmax,ksmax,dt,nsound:  1.0000  0.0008    11.5752   14
          1945              0.260584 day 
 cflmax,ksmax,dt,nsound:  1.0000  0.0008    11.5752   14
          1946              0.260718 day 
 cflmax,ksmax,dt,nsound:  1.0000  0.0008    11.5752   14
          1947              0.260852 day 
 cflmax,ksmax,dt,nsound:  1.0000  0.0008    11.5752   14
          1948              0.260986 day 
 cflmax,ksmax,dt,nsound:  1.0000  0.0008    11.5753   14
          1949              0.261120 day 
 cflmax,ksmax,dt,nsound:  1.0000  0.0008    11.5753   14
          1950              0.261254 day 
 cflmax,ksmax,dt,nsound:  1.0000  0.0008    11.5753   14
          1951              0.261388 day 
 cflmax,ksmax,dt,nsound:  1.0000  0.0008    11.5752   14
          1952              0.261522 day 
 cflmax,ksmax,dt,nsound:  1.0000  0.0008    11.5752   14
          1953              0.261656 day 
 cflmax,ksmax,dt,nsound:  1.0000  0.0008    11.5752   14
          1954              0.261790 day 
 cflmax,ksmax,dt,nsound:  1.0000  0.0008    11.5752   14
          1955              0.261924 day 
 cflmax,ksmax,dt,nsound:  1.0000  0.0008    11.5751   14
          1956              0.262058 day 
 cflmax,ksmax,dt,nsound:  1.0000  0.0008    11.5751   14
          1957              0.262191 day 
 cflmax,ksmax,dt,nsound:  1.0000  0.0008    11.5751   14
          1958              0.262325 day 
 cflmax,ksmax,dt,nsound:  1.0000  0.0008    11.5751   14
          1959              0.262459 day 
 cflmax,ksmax,dt,nsound:  1.0000  0.0008    11.5751   14
          1960              0.262593 day 
 cflmax,ksmax,dt,nsound:  1.0000  0.0008    11.5751   14
          1961              0.262727 day 
 cflmax,ksmax,dt,nsound:  1.0000  0.0008    11.5751   14
          1962              0.262861 day 
 cflmax,ksmax,dt,nsound:  1.0000  0.0008    11.5751   14
          1963              0.262995 day 
 cflmax,ksmax,dt,nsound:  1.0000  0.0008    11.5751   14
          1964              0.263129 day 
 cflmax,ksmax,dt,nsound:  1.0000  0.0008    11.5751   14
          1965              0.263263 day 
 cflmax,ksmax,dt,nsound:  1.0000  0.0008    11.5751   14
          1966              0.263397 day 
 cflmax,ksmax,dt,nsound:  1.0000  0.0008    11.5751   14
          1967              0.263531 day 
 cflmax,ksmax,dt,nsound:  1.0000  0.0008    11.5750   14
          1968              0.263665 day 
 cflmax,ksmax,dt,nsound:  1.0000  0.0008    11.5750   14
          1969              0.263799 day 
   dorad =  T
 cflmax,ksmax,dt,nsound:  1.0000  0.0008    11.5749   14
 
 Entering RADIATION_DRIVER 
   rrtmg_lwrad 
   rrtmg_swrad 
 Leaving RADIATION_DRIVER 
 
          1970              0.263933 day 
 cflmax,ksmax,dt,nsound:  1.0000  0.0008    11.5749   14
          1971              0.264067 day 
 cflmax,ksmax,dt,nsound:  1.0000  0.0008    11.5749   14
          1972              0.264201 day 
 cflmax,ksmax,dt,nsound:  1.0000  0.0008    11.5748   14
          1973              0.264335 day 
 cflmax,ksmax,dt,nsound:  1.0000  0.0008    11.5748   14
          1974              0.264469 day 
 cflmax,ksmax,dt,nsound:  1.0000  0.0008    11.5748   14
          1975              0.264603 day 
 cflmax,ksmax,dt,nsound:  1.0000  0.0008    11.5748   14
          1976              0.264737 day 
 cflmax,ksmax,dt,nsound:  1.0000  0.0008    11.5747   14
          1977              0.264871 day 
 cflmax,ksmax,dt,nsound:  1.0000  0.0008    11.5747   14
          1978              0.265005 day 
 cflmax,ksmax,dt,nsound:  1.0000  0.0008    11.5747   14
          1979              0.265139 day 
 cflmax,ksmax,dt,nsound:  1.0000  0.0008    11.5748   14
          1980              0.265273 day 
 cflmax,ksmax,dt,nsound:  1.0000  0.0008    11.5748   14
          1981              0.265407 day 
 cflmax,ksmax,dt,nsound:  1.0000  0.0008    11.5747   14
          1982              0.265541 day 
 cflmax,ksmax,dt,nsound:  1.0000  0.0008    11.5747   14
          1983              0.265675 day 
 cflmax,ksmax,dt,nsound:  1.0000  0.0008    11.5747   14
          1984              0.265809 day 
 cflmax,ksmax,dt,nsound:  1.0000  0.0008    11.5747   14
          1985              0.265943 day 
 cflmax,ksmax,dt,nsound:  1.0000  0.0008    11.5747   14
          1986              0.266077 day 
 cflmax,ksmax,dt,nsound:  1.0000  0.0008    11.5747   14
          1987              0.266211 day 
 cflmax,ksmax,dt,nsound:  1.0000  0.0008    11.5748   14
          1988              0.266345 day 
 cflmax,ksmax,dt,nsound:  1.0000  0.0008    11.5748   14
          1989              0.266478 day 
 cflmax,ksmax,dt,nsound:  1.0000  0.0008    11.5748   14
          1990              0.266612 day 
 cflmax,ksmax,dt,nsound:  1.0000  0.0008    11.5748   14
          1991              0.266746 day 
 cflmax,ksmax,dt,nsound:  1.0000  0.0008    11.5749   14
          1992              0.266880 day 
 cflmax,ksmax,dt,nsound:  1.0000  0.0008    11.5749   14
          1993              0.267014 day 
 cflmax,ksmax,dt,nsound:  1.0000  0.0008    11.5750   14
          1994              0.267148 day 
 cflmax,ksmax,dt,nsound:  1.0000  0.0008    11.5750   14
          1995              0.267282 day 
   dorad =  T
 cflmax,ksmax,dt,nsound:  1.0000  0.0008    11.5751   14
 
 Entering RADIATION_DRIVER 
   rrtmg_lwrad 
   rrtmg_swrad 
 Leaving RADIATION_DRIVER 
 
          1996              0.267416 day 
 cflmax,ksmax,dt,nsound:  1.0000  0.0008    11.5752   14
          1997              0.267550 day 
 cflmax,ksmax,dt,nsound:  1.0000  0.0008    11.5752   14
          1998              0.267684 day 
 cflmax,ksmax,dt,nsound:  1.0000  0.0008    11.5753   14
          1999              0.267818 day 
 cflmax,ksmax,dt,nsound:  1.0000  0.0008    11.5754   14
          2000              0.267952 day 
 cflmax,ksmax,dt,nsound:  1.0000  0.0008    11.5755   14
          2001              0.268086 day 
 cflmax,ksmax,dt,nsound:  1.0000  0.0008    11.5755   14
          2002              0.268220 day 
 cflmax,ksmax,dt,nsound:  1.0000  0.0008    11.5756   14
          2003              0.268354 day 
 cflmax,ksmax,dt,nsound:  1.0000  0.0008    11.5758   14
          2004              0.268488 day 
 cflmax,ksmax,dt,nsound:  1.0000  0.0008    11.5758   14
          2005              0.268622 day 
 cflmax,ksmax,dt,nsound:  1.0000  0.0008    11.5758   14
          2006              0.268756 day 
 cflmax,ksmax,dt,nsound:  1.0000  0.0008    11.5757   14
          2007              0.268890 day 
 cflmax,ksmax,dt,nsound:  1.0000  0.0008    11.5756   14
          2008              0.269024 day 
 cflmax,ksmax,dt,nsound:  1.0000  0.0008    11.5756   14
          2009              0.269158 day 
 cflmax,ksmax,dt,nsound:  1.0000  0.0008    11.5755   14
          2010              0.269292 day 
 cflmax,ksmax,dt,nsound:  1.0000  0.0008    11.5754   14
          2011              0.269426 day 
 cflmax,ksmax,dt,nsound:  1.0000  0.0008    11.5754   14
          2012              0.269560 day 
 cflmax,ksmax,dt,nsound:  1.0000  0.0008    11.5753   14
          2013              0.269694 day 
 cflmax,ksmax,dt,nsound:  1.0000  0.0008    11.5753   14
          2014              0.269828 day 
 cflmax,ksmax,dt,nsound:  1.0000  0.0008    11.5752   14
          2015              0.269962 day 
 cflmax,ksmax,dt,nsound:  1.0000  0.0008    11.5752   14
          2016              0.270096 day 
 cflmax,ksmax,dt,nsound:  1.0000  0.0008    11.5751   14
          2017              0.270230 day 
 cflmax,ksmax,dt,nsound:  1.0000  0.0008    11.5751   14
          2018              0.270364 day 
 cflmax,ksmax,dt,nsound:  1.0000  0.0008    11.5750   14
          2019              0.270498 day 
 cflmax,ksmax,dt,nsound:  1.0000  0.0008    11.5750   14
          2020              0.270632 day 
 cflmax,ksmax,dt,nsound:  1.0000  0.0008    11.5750   14
          2021              0.270766 day 
   dorad =  T
 cflmax,ksmax,dt,nsound:  1.0000  0.0008    11.5749   14
 
 Entering RADIATION_DRIVER 
   rrtmg_lwrad 
   rrtmg_swrad 
 Leaving RADIATION_DRIVER 
 
          2022              0.270900 day 
 cflmax,ksmax,dt,nsound:  1.0000  0.0008    11.5749   14
          2023              0.271034 day 
 cflmax,ksmax,dt,nsound:  1.0000  0.0008    11.5749   14
          2024              0.271168 day 
 cflmax,ksmax,dt,nsound:  1.0000  0.0008    11.5748   14
          2025              0.271302 day 
 cflmax,ksmax,dt,nsound:  1.0000  0.0008    11.5748   14
          2026              0.271435 day 
 cflmax,ksmax,dt,nsound:  1.0000  0.0008    11.5748   14
          2027              0.271569 day 
 cflmax,ksmax,dt,nsound:  1.0000  0.0008    11.5747   14
          2028              0.271703 day 
 cflmax,ksmax,dt,nsound:  1.0000  0.0008    11.5747   14
          2029              0.271837 day 
 cflmax,ksmax,dt,nsound:  1.0000  0.0008    11.5747   14
          2030              0.271971 day 
 cflmax,ksmax,dt,nsound:  1.0000  0.0008    11.5747   14
          2031              0.272105 day 
 cflmax,ksmax,dt,nsound:  1.0000  0.0008    11.5746   14
          2032              0.272239 day 
 cflmax,ksmax,dt,nsound:  1.0000  0.0008    11.5746   14
          2033              0.272373 day 
 cflmax,ksmax,dt,nsound:  1.0000  0.0008    11.5746   14
          2034              0.272507 day 
 cflmax,ksmax,dt,nsound:  1.0000  0.0008    11.5746   14
          2035              0.272641 day 
 cflmax,ksmax,dt,nsound:  1.0000  0.0008    11.5746   14
          2036              0.272775 day 
 cflmax,ksmax,dt,nsound:  1.0000  0.0008    11.5746   14
          2037              0.272909 day 
 cflmax,ksmax,dt,nsound:  1.0000  0.0008    11.5746   14
          2038              0.273043 day 
 cflmax,ksmax,dt,nsound:  1.0000  0.0008    11.5746   14
          2039              0.273177 day 
 cflmax,ksmax,dt,nsound:  1.0000  0.0008    11.5746   14
          2040              0.273311 day 
 cflmax,ksmax,dt,nsound:  1.0000  0.0008    11.5746   14
          2041              0.273445 day 
 cflmax,ksmax,dt,nsound:  1.0000  0.0008    11.5746   14
          2042              0.273579 day 
 cflmax,ksmax,dt,nsound:  1.0000  0.0008    11.5746   14
          2043              0.273713 day 
 cflmax,ksmax,dt,nsound:  1.0000  0.0008    11.5746   14
          2044              0.273847 day 
 cflmax,ksmax,dt,nsound:  1.0000  0.0008    11.5746   14
          2045              0.273981 day 
 cflmax,ksmax,dt,nsound:  1.0000  0.0008    11.5746   14
          2046              0.274115 day 
 cflmax,ksmax,dt,nsound:  1.0000  0.0008    11.5746   14
          2047              0.274249 day 
   dorad =  T
 cflmax,ksmax,dt,nsound:  1.0000  0.0008    11.5747   14
 
 Entering RADIATION_DRIVER 
   rrtmg_lwrad 
   rrtmg_swrad 
 Leaving RADIATION_DRIVER 
 
          2048              0.274383 day 
 cflmax,ksmax,dt,nsound:  1.0000  0.0008    11.5747   14
          2049              0.274517 day 
 cflmax,ksmax,dt,nsound:  1.0000  0.0008    11.5747   14
          2050              0.274651 day 
 cflmax,ksmax,dt,nsound:  1.0000  0.0008    11.5748   14
          2051              0.274785 day 
 cflmax,ksmax,dt,nsound:  1.0000  0.0008    11.5748   14
          2052              0.274919 day 
 cflmax,ksmax,dt,nsound:  1.0000  0.0008    11.5749   14
          2053              0.275053 day 
 cflmax,ksmax,dt,nsound:  1.0000  0.0008    11.5749   14
          2054              0.275187 day 
 cflmax,ksmax,dt,nsound:  1.0000  0.0008    11.5750   14
          2055              0.275320 day 
 cflmax,ksmax,dt,nsound:  1.0000  0.0008    11.5750   14
          2056              0.275454 day 
 cflmax,ksmax,dt,nsound:  1.0000  0.0008    11.5751   14
          2057              0.275588 day 
 cflmax,ksmax,dt,nsound:  1.0000  0.0008    11.5752   14
          2058              0.275722 day 
 cflmax,ksmax,dt,nsound:  1.0000  0.0008    11.5752   14
          2059              0.275856 day 
 cflmax,ksmax,dt,nsound:  1.0000  0.0008    11.5753   14
          2060              0.275990 day 
 cflmax,ksmax,dt,nsound:  1.0000  0.0008    11.5754   14
          2061              0.276124 day 
 cflmax,ksmax,dt,nsound:  1.0000  0.0008    11.5755   14
          2062              0.276258 day 
 cflmax,ksmax,dt,nsound:  1.0000  0.0008    11.5756   14
          2063              0.276392 day 
 cflmax,ksmax,dt,nsound:  1.0000  0.0008    11.5755   14
          2064              0.276526 day 
 cflmax,ksmax,dt,nsound:  1.0000  0.0008    11.5754   14
          2065              0.276660 day 
 cflmax,ksmax,dt,nsound:  1.0000  0.0008    11.5754   14
          2066              0.276794 day 
 cflmax,ksmax,dt,nsound:  1.0000  0.0008    11.5753   14
          2067              0.276928 day 
 cflmax,ksmax,dt,nsound:  1.0000  0.0008    11.5753   14
          2068              0.277062 day 
 cflmax,ksmax,dt,nsound:  1.0000  0.0008    11.5752   14
          2069              0.277196 day 
 cflmax,ksmax,dt,nsound:  1.0000  0.0008    11.5752   14
          2070              0.277330 day 
 cflmax,ksmax,dt,nsound:  1.0000  0.0008    11.5752   14
          2071              0.277464 day 
 cflmax,ksmax,dt,nsound:  1.0000  0.0008    11.5751   14
          2072              0.277598 day 
 cflmax,ksmax,dt,nsound:  1.0000  0.0008    11.5751   14
          2073              0.277732 day 
   dorad =  T
 cflmax,ksmax,dt,nsound:  1.0000  0.0008    11.5751   14
 
 Entering RADIATION_DRIVER 
   rrtmg_lwrad 
   rrtmg_swrad 
 Leaving RADIATION_DRIVER 
 
          2074              0.277866 day 
 cflmax,ksmax,dt,nsound:  1.0000  0.0008    11.5751   14
          2075              0.278000 day 
 cflmax,ksmax,dt,nsound:  1.0000  0.0008    11.5750   14
          2076              0.278134 day 
 cflmax,ksmax,dt,nsound:  1.0000  0.0008    11.5750   14
          2077              0.278268 day 
 cflmax,ksmax,dt,nsound:  1.0000  0.0008    11.5750   14
          2078              0.278402 day 
 cflmax,ksmax,dt,nsound:  1.0000  0.0008    11.5750   14
          2079              0.278536 day 
 cflmax,ksmax,dt,nsound:  1.0000  0.0008    11.5750   14
          2080              0.278670 day 
 cflmax,ksmax,dt,nsound:  1.0000  0.0008    11.5750   14
          2081              0.278804 day 
 cflmax,ksmax,dt,nsound:  1.0000  0.0008    11.5750   14
          2082              0.278938 day 
 cflmax,ksmax,dt,nsound:  1.0000  0.0008    11.5750   14
          2083              0.279072 day 
 cflmax,ksmax,dt,nsound:  1.0000  0.0008    11.5750   14
          2084              0.279206 day 
 cflmax,ksmax,dt,nsound:  1.0000  0.0008    11.5750   14
          2085              0.279340 day 
 cflmax,ksmax,dt,nsound:  1.0000  0.0008    11.5750   14
          2086              0.279474 day 
 cflmax,ksmax,dt,nsound:  1.0000  0.0008    11.5750   14
          2087              0.279608 day 
 cflmax,ksmax,dt,nsound:  1.0000  0.0008    11.5751   14
          2088              0.279742 day 
 cflmax,ksmax,dt,nsound:  1.0000  0.0008    11.5751   14
          2089              0.279876 day 
 cflmax,ksmax,dt,nsound:  1.0000  0.0008    11.5751   14
          2090              0.280010 day 
 cflmax,ksmax,dt,nsound:  1.0000  0.0008    11.5752   14
          2091              0.280143 day 
 cflmax,ksmax,dt,nsound:  1.0000  0.0008    11.5752   14
          2092              0.280277 day 
 cflmax,ksmax,dt,nsound:  1.0000  0.0008    11.5753   14
          2093              0.280411 day 
 cflmax,ksmax,dt,nsound:  1.0000  0.0008    11.5753   14
          2094              0.280545 day 
 cflmax,ksmax,dt,nsound:  1.0000  0.0008    11.5754   14
          2095              0.280679 day 
 cflmax,ksmax,dt,nsound:  1.0000  0.0008    11.5754   14
          2096              0.280813 day 
 cflmax,ksmax,dt,nsound:  1.0000  0.0008    11.5755   14
          2097              0.280947 day 
 cflmax,ksmax,dt,nsound:  1.0000  0.0008    11.5756   14
          2098              0.281081 day 
 cflmax,ksmax,dt,nsound:  1.0000  0.0008    11.5756   14
          2099              0.281215 day 
   dorad =  T
 cflmax,ksmax,dt,nsound:  1.0000  0.0008    11.5757   14
 
 Entering RADIATION_DRIVER 
   rrtmg_lwrad 
   rrtmg_swrad 
 Leaving RADIATION_DRIVER 
 
          2100              0.281349 day 
 cflmax,ksmax,dt,nsound:  1.0000  0.0008    11.5756   14
          2101              0.281483 day 
 cflmax,ksmax,dt,nsound:  1.0000  0.0008    11.5755   14
          2102              0.281617 day 
 cflmax,ksmax,dt,nsound:  1.0000  0.0008    11.5753   14
          2103              0.281751 day 
 cflmax,ksmax,dt,nsound:  1.0000  0.0008    11.5752   14
          2104              0.281885 day 
 cflmax,ksmax,dt,nsound:  1.0000  0.0008    11.5751   14
          2105              0.282019 day 
 cflmax,ksmax,dt,nsound:  1.0000  0.0008    11.5750   14
          2106              0.282153 day 
 cflmax,ksmax,dt,nsound:  1.0000  0.0008    11.5749   14
          2107              0.282287 day 
 cflmax,ksmax,dt,nsound:  1.0000  0.0008    11.5748   14
          2108              0.282421 day 
 cflmax,ksmax,dt,nsound:  1.0000  0.0008    11.5747   14
          2109              0.282555 day 
 cflmax,ksmax,dt,nsound:  1.0000  0.0008    11.5746   14
          2110              0.282689 day 
 cflmax,ksmax,dt,nsound:  1.0000  0.0008    11.5745   14
          2111              0.282823 day 
 cflmax,ksmax,dt,nsound:  1.0000  0.0008    11.5744   14
          2112              0.282957 day 
 cflmax,ksmax,dt,nsound:  1.0000  0.0008    11.5743   14
          2113              0.283091 day 
 cflmax,ksmax,dt,nsound:  1.0000  0.0008    11.5743   14
          2114              0.283225 day 
 cflmax,ksmax,dt,nsound:  1.0000  0.0008    11.5742   14
          2115              0.283359 day 
 cflmax,ksmax,dt,nsound:  1.0000  0.0008    11.5741   14
          2116              0.283493 day 
 cflmax,ksmax,dt,nsound:  1.0000  0.0008    11.5740   14
          2117              0.283627 day 
 cflmax,ksmax,dt,nsound:  1.0000  0.0008    11.5740   14
          2118              0.283761 day 
 cflmax,ksmax,dt,nsound:  1.0000  0.0008    11.5739   14
          2119              0.283895 day 
 cflmax,ksmax,dt,nsound:  1.0000  0.0008    11.5739   14
          2120              0.284029 day 
 cflmax,ksmax,dt,nsound:  1.0000  0.0008    11.5738   14
          2121              0.284163 day 
 cflmax,ksmax,dt,nsound:  1.0000  0.0008    11.5738   14
          2122              0.284296 day 
 cflmax,ksmax,dt,nsound:  1.0000  0.0008    11.5737   14
          2123              0.284430 day 
 cflmax,ksmax,dt,nsound:  1.0000  0.0008    11.5737   14
          2124              0.284564 day 
 cflmax,ksmax,dt,nsound:  1.0000  0.0008    11.5737   14
          2125              0.284698 day 
   dorad =  T
 cflmax,ksmax,dt,nsound:  1.0000  0.0008    11.5737   14
 
 Entering RADIATION_DRIVER 
   rrtmg_lwrad 
   rrtmg_swrad 
 Leaving RADIATION_DRIVER 
 
          2126              0.284832 day 
 cflmax,ksmax,dt,nsound:  1.0000  0.0008    11.5736   14
          2127              0.284966 day 
 cflmax,ksmax,dt,nsound:  1.0000  0.0008    11.5736   14
          2128              0.285100 day 
 cflmax,ksmax,dt,nsound:  1.0000  0.0008    11.5736   14
          2129              0.285234 day 
 cflmax,ksmax,dt,nsound:  1.0000  0.0008    11.5736   14
          2130              0.285368 day 
 cflmax,ksmax,dt,nsound:  1.0000  0.0008    11.5736   14
          2131              0.285502 day 
 cflmax,ksmax,dt,nsound:  1.0000  0.0008    11.5736   14
          2132              0.285636 day 
 cflmax,ksmax,dt,nsound:  1.0000  0.0008    11.5736   14
          2133              0.285770 day 
 cflmax,ksmax,dt,nsound:  1.0000  0.0008    11.5736   14
          2134              0.285904 day 
 cflmax,ksmax,dt,nsound:  1.0000  0.0008    11.5737   14
          2135              0.286038 day 
 cflmax,ksmax,dt,nsound:  1.0000  0.0008    11.5737   14
          2136              0.286172 day 
 cflmax,ksmax,dt,nsound:  1.0000  0.0008    11.5737   14
          2137              0.286306 day 
 cflmax,ksmax,dt,nsound:  1.0000  0.0008    11.5738   14
          2138              0.286440 day 
 cflmax,ksmax,dt,nsound:  1.0000  0.0008    11.5738   14
          2139              0.286574 day 
 cflmax,ksmax,dt,nsound:  1.0000  0.0008    11.5738   14
          2140              0.286708 day 
 cflmax,ksmax,dt,nsound:  1.0000  0.0008    11.5739   14
          2141              0.286842 day 
 cflmax,ksmax,dt,nsound:  1.0000  0.0008    11.5740   14
          2142              0.286976 day 
 cflmax,ksmax,dt,nsound:  1.0000  0.0008    11.5740   14
          2143              0.287110 day 
 cflmax,ksmax,dt,nsound:  1.0000  0.0008    11.5741   14
          2144              0.287243 day 
 cflmax,ksmax,dt,nsound:  1.0000  0.0008    11.5742   14
          2145              0.287377 day 
 cflmax,ksmax,dt,nsound:  1.0000  0.0008    11.5742   14
          2146              0.287511 day 
 cflmax,ksmax,dt,nsound:  1.0000  0.0008    11.5743   14
          2147              0.287645 day 
 cflmax,ksmax,dt,nsound:  1.0000  0.0008    11.5744   14
          2148              0.287779 day 
 cflmax,ksmax,dt,nsound:  1.0000  0.0008    11.5745   14
          2149              0.287913 day 
 cflmax,ksmax,dt,nsound:  1.0000  0.0008    11.5746   14
          2150              0.288047 day 
   dorad =  T
 cflmax,ksmax,dt,nsound:  1.0000  0.0008    11.5746   14
 
 Entering RADIATION_DRIVER 
   rrtmg_lwrad 
   rrtmg_swrad 
 Leaving RADIATION_DRIVER 
 
          2151              0.288181 day 
 cflmax,ksmax,dt,nsound:  1.0000  0.0008    11.5745   14
          2152              0.288315 day 
 cflmax,ksmax,dt,nsound:  1.0000  0.0008    11.5745   14
          2153              0.288449 day 
 cflmax,ksmax,dt,nsound:  1.0000  0.0008    11.5745   14
          2154              0.288583 day 
 cflmax,ksmax,dt,nsound:  1.0000  0.0008    11.5744   14
          2155              0.288717 day 
 cflmax,ksmax,dt,nsound:  1.0000  0.0008    11.5744   14
          2156              0.288851 day 
 cflmax,ksmax,dt,nsound:  1.0000  0.0008    11.5743   14
          2157              0.288985 day 
 cflmax,ksmax,dt,nsound:  1.0000  0.0008    11.5743   14
          2158              0.289119 day 
 cflmax,ksmax,dt,nsound:  1.0000  0.0008    11.5743   14
          2159              0.289253 day 
 cflmax,ksmax,dt,nsound:  1.0000  0.0008    11.5742   14
          2160              0.289387 day 
 cflmax,ksmax,dt,nsound:  1.0000  0.0008    11.5741   14
          2161              0.289521 day 
 cflmax,ksmax,dt,nsound:  1.0000  0.0008    11.5741   14
          2162              0.289655 day 
 cflmax,ksmax,dt,nsound:  1.0000  0.0008    11.5740   14
          2163              0.289789 day 
 cflmax,ksmax,dt,nsound:  1.0000  0.0008    11.5740   14
          2164              0.289923 day 
 cflmax,ksmax,dt,nsound:  1.0000  0.0008    11.5740   14
          2165              0.290057 day 
 cflmax,ksmax,dt,nsound:  1.0000  0.0008    11.5740   14
          2166              0.290191 day 
 cflmax,ksmax,dt,nsound:  1.0000  0.0008    11.5739   14
          2167              0.290325 day 
 cflmax,ksmax,dt,nsound:  1.0000  0.0008    11.5739   14
          2168              0.290459 day 
 cflmax,ksmax,dt,nsound:  1.0000  0.0008    11.5739   14
          2169              0.290592 day 
 cflmax,ksmax,dt,nsound:  1.0000  0.0008    11.5739   14
          2170              0.290726 day 
 cflmax,ksmax,dt,nsound:  1.0000  0.0008    11.5739   14
          2171              0.290860 day 
 cflmax,ksmax,dt,nsound:  1.0000  0.0008    11.5739   14
          2172              0.290994 day 
 cflmax,ksmax,dt,nsound:  1.0000  0.0008    11.5739   14
          2173              0.291128 day 
 cflmax,ksmax,dt,nsound:  1.0000  0.0008    11.5739   14
          2174              0.291262 day 
 cflmax,ksmax,dt,nsound:  1.0000  0.0008    11.5739   14
   Note: setting dt based on upcoming stat time 
   Note: setting dt based on upcoming diag time 
          2175              0.291396 day 
 cflmax,ksmax,dt,nsound:  0.6729  0.0005     7.7881   10
   Note: setting dt based on upcoming stat time 
   Note: setting dt based on upcoming diag time 
          2176              0.291486 day 
 cflmax,ksmax,dt,nsound:  0.6729  0.0005     7.7881   10
   Note: setting dt based on upcoming stat time 
   Note: setting dt based on upcoming diag time 
          2177              0.291577 day 
   dorad =  T
   getvt =  T
   Getting dbz ... 
   dotbud =  T
   doqbud =  T
   doubud =  T
   dovbud =  T
   dowbud =  T
 cflmax,ksmax,dt,nsound:  0.6729  0.0005     7.7881   10
   Getting fall velocities for Morrison MP scheme 
 
 Entering RADIATION_DRIVER 
   rrtmg_lwrad 
   rrtmg_swrad 
 Leaving RADIATION_DRIVER 
 
  WMAX  :  0.504751E-01  107   46   28    WMIN  : -0.480024E-01  167  310   28
  UMAX  :   11.9556      232   56    9    UMIN  :  -43.2004      547  331   41
  SUMAX :   5.54296     1002  365    1    SUMIN :   5.42821      798  454    1
  VMAX  :  0.704839      572  411    2    VMIN  : -0.744419E-01  161  131    8
  SVMAX :  0.686089      401  209    1    SVMIN :  0.566961      585   46    1
  PPIMAX: -0.121661E-04  816   41    1    PPIMIN: -0.565149E-03  110  382   37
  PPMAX :  -4.28125      220   14    1    PPMIN :  -76.6875      828  358   19
  THPMAX:  0.992215      926  379   45    THPMIN:  -1.30723      567  439   58
  STHPMX:  -1.23055      291   46    1    STHPMN:  -1.24977      375  160    1
  MAXqv :  0.220753E-01   68  161    1    MINqv :  0.301268E-05  464  371   42
  MAXqc :   0.00000        1    1    1    MINqc :   0.00000        1    1    1
  MAXqr :   0.00000        1    1    1    MINqr :   0.00000        1    1    1
  MAXqi :   0.00000        1    1    1    MINqi :   0.00000        1    1    1
  MAXqs :   0.00000        1    1    1    MINqs :   0.00000        1    1    1
  MAXqg :   0.00000        1    1    1    MINqg :   0.00000        1    1    1
  MAXnci:   0.00000        1    1    1    MINnci:   0.00000        1    1    1
  MAXncs:   0.00000        1    1    1    MINncs:   0.00000        1    1    1
  MAXncr:   0.00000        1    1    1    MINncr:   0.00000        1    1    1
  MAXncg:   0.00000        1    1    1    MINncg:   0.00000        1    1    1
  PRATMX:   0.00000        1    1    1    PRATMN:   0.00000        1    1    1
  KMHMAX:   0.00000        1    1    1    KMHMIN:   0.00000        1    1    1
  KMVMAX:   12.2922      949  300    5    KMVMIN:   0.00000        1    1   66
  KHHMAX:   0.00000        1    1    1    KHHMIN:   0.00000        1    1    1
  KHVMAX:   12.2922      949  300    5    KHVMIN:   0.00000        1    1   66
  DIVMAX:  0.591524E-06  696  183    3    DIVMIN: -0.702854E-06  209  132    4
  RHMAX :  0.942871      478    3    5    RHMIN :  0.301908E-02  430  157   65
  RHIMAX:  0.892587       32  348   33    RHIMIN:  0.534866E-02  430  157   65
  THEMAX:   366.334       68  161    1    THEMIN:   319.028      489  169   19
  STHEMX:   366.334       68  161    1    STHEMN:   366.222      990  507    1
  QCTOP :      0.000000    1    1    1    QCBOT :      0.000000    1    1    1
  SFPMAX:   100715.      220   14    1    SFPMIN:   100715.      135   23    1
  PSFCMX:   100997.      578   83    1    PSFCMN:   100997.      135   23    1
  WSPMAX:   43.2004      546  331   41    WSPMIN:  0.446716      363  292   16
  SWSPMX:   5.57680      866  316    1    SWSPMN:   5.47183      244  301    1
  10MWMX:   5.19769      866  316    1    10MWMN:   5.10102      244  301    1
  HPBLMX:   464.870      843  310    1    HPBLMN:   451.284      380  160    1
  CFLMAX:      0.996022  546  331   41
  KSHMAX:   0.00000        0    0    0
  KSVMAX:  0.824703E-02  728  512    3
  VORSFC:  0.135621E-03
  VOR1KM:  0.370500E-03
  VOR2KM:  0.100125E-03
  VOR3KM:  0.894811E-04
  VOR4KM:  0.153157E-03
  VOR5KM:  0.612858E-04
  TMASS :  0.132247E+16
  TMOIS :  0.574354E+13
  qv MAS:  0.574354E+13
  qc MAS:  0.000000E+00
  qr MAS:  0.000000E+00
  qi MAS:  0.000000E+00
  qs MAS:  0.000000E+00
  qg MAS:  0.000000E+00
  TENERG:  0.342989E+21
  TMU   : -0.617627E+16
  TMV   :  0.501066E+14
  TMW   : -0.466048E+12
  TMFU  :  0.609207E+10
  TMFD  : -0.711356E+10
  tcond :  0.000000E+00
  tevac :  0.000000E+00
  tauto :  0.000000E+00
  taccr :  0.000000E+00
  tevar :  0.000000E+00
  train :  0.000000E+00
  erain :  0.000000E+00
  qsfc  :  0.485277E+11
  esfc  : -0.994465E+15
  erad  :  0.000000E+00
  asqv  :  0.000000E+00
  asqc  :  0.000000E+00
  asqr  :  0.000000E+00
  asqi  :  0.000000E+00
  asqs  :  0.000000E+00
  asqg  :  0.000000E+00
  asnci :  0.000000E+00
  asncs :  0.000000E+00
  asncr :  0.000000E+00
  asncg :  0.000000E+00
  bsqv  :  0.000000E+00
  bsqc  :  0.000000E+00
  bsqr  :  0.000000E+00
  bsqi  :  0.000000E+00
  bsqs  :  0.000000E+00
  bsqg  :  0.000000E+00
  bsnci :  0.000000E+00
  bsncs :  0.000000E+00
  bsncr :  0.000000E+00
  bsncg :  0.000000E+00
 cm1out_stats.ctl                                                               
                                          
   next stattim =    28800.0000000000     
          2178              0.291667 day 
 
  ..... begin domaindiag code ..... 
 
   nwritet =            8
 cm1out_diag_000008_s.dat                                                       
                                          
 cm1out_diag_000008_w.dat                                                       
                                          
   wloop =            1
           1 mtime
           2 nstep
           3 umove
           4 vmove
           5 domainlocx
           6 domainlocy
           7 ust
           8 stau
           9 znt
          10 tsk
          11 psfc
          12 qsfc
          13 thflux
          14 qvflux
          15 hfx
          16 qfx
          17 u10
          18 v10
          19 s10
          20 t2
          21 q2
          22 th2
          23 cd
          24 ch
          25 cq
          26 hpbl
          27 wspd
          28 zol
          29 br
          30 brcr
          31 phim
          32 phih
          33 psim
          34 psih
          35 tst
          36 qst
          37 mol
          38 rain
          39 prate
          40 cwp
          41 rwp
          42 lwp
          43 pwat
          44 spwr
          45 fwp
          46 iwp
          47 swp
          48 gwp
          49 tcwp
          50 cwpvar
          51 rwpvar
          52 lwpvar
          53 qcfrac_col
          54 qrfrac_col
          55 qlfrac_col
          56 qifrac_col
          57 qtfrac_col
          58 qcb
          59 qrb
          60 qlb
          61 qcbvar
          62 qrbvar
          63 qlbvar
          64 qct
          65 qrt
          66 qlt
          67 qctvar
          68 qrtvar
          69 qltvar
          70 lwupt
          71 lwdnt
          72 lwupb
          73 lwdnb
          74 swupt
          75 swdnt
          76 swupb
          77 swdnb
          78 lwuptc
          79 lwdntc
          80 lwupbc
          81 lwdnbc
          82 swuptc
          83 swdntc
          84 swupbc
          85 swdnbc
          86 lwcf
          87 swcf
          88 cape
          89 cin
          90 lcl
          91 lfc
          92 zmelt
          93 pmelt
          94 s u
          95 w uinterp
          96 s v
          97 w vinterp
          98 w w
          99 s th
         100 w thinterp
         101 s t
         102 s prs
         103 w prsinterp
         104 s rho
         105 w rhointerp
         106 s ppi
         107 s qv
         108 s qc
         109 s qr
         110 s qi
         111 s qs
         112 s qg
         113 s nci
         114 s ncs
         115 s ncr
         116 s ncg
         117 s shv
         118 s shc
         119 s shr
         120 s shi
         121 s shs
         122 s shg
         123 s qliq
         124 s qice
         125 s qt
         126 s dbz
         127 s fc
         128 s fr
         129 s fi
         130 s fs
         131 s fg
         132 s precc
         133 s precr
         134 s preci
         135 s precs
         136 s precg
         137 s prec
         138 s qcfrac
         139 s qrfrac
         140 s qlfrac
         141 s qifrac
         142 s qtfrac
         143 s clw
         144 s cli
         145 s plw
         146 s pli
         147 s thv
         148 s brz
         149 s thl
         150 s the
         151 s rh
         152 s rhi
         153 w dissten
         154 w epst
         155 w nm
         156 w defh
         157 w defv
         158 w kmh
         159 w kmv
         160 w khh
         161 w khv
         162 w pr
         163 w rinum
         164 w grdscl
         165 s wsp
         166 w wspinterp
         167 s wspan
         168 s wspa
         169 s sdwsp
         170 s o3
         171 s swten
         172 s lwten
         173 s swtenc
         174 s lwtenc
         175 s cldfra
         176 s effc
         177 s effr
         178 s effs
         179 s effi
         180 s effg
         181 s effis
         182 w ndws
         183 w ndws2
         184 w dtdz
         185 w dudz
         186 w dvdz
         187 w dsdz
         188 w dqvdz
         189 s ug
         190 s vg
         191 s u0
         192 s v0
         193 s upup
         194 s upupup
         195 s vpvp
         196 s vpvpvp
         197 s wpwp
         198 s upvp
         199 s upwp
         200 s vpwp
         201 s thvarr
         202 w thvarrinterp
         203 s tptptp
         204 s uptp
         205 s vptp
         206 s thvvarr
         207 s thlvarr
         208 s qvvarr
         209 s qpqpqp
         210 s qlvarr
         211 s qtvarr
         212 s wpwptp
         213 s wptptp
         214 w upup_w
         215 w vpvp_w
         216 w wpwp_w
         217 w upvp_w
         218 w upwp_w
         219 w vpwp_w
         220 w wpwpwp
         221 w wpupup
         222 w wpvpvp
         223 w ufr
         224 w ufs
         225 w ufd
         226 w vfr
         227 w vfs
         228 w vfd
         229 w thfr
         230 w thfs
         231 w thfd
         232 w thvfr
         233 w thvfs
         234 w thvfd
         235 w thlfr
         236 w thlfs
         237 w thlfd
         238 w qvfr
         239 w qvfs
         240 w qvfd
         241 w qlfr
         242 w qlfs
         243 w qlfd
         244 w qtfr
         245 w qtfs
         246 w qtfd
         247 s ptb_vturbr
         248 s ptb_vturbs
         249 s ptb_vturbd
         250 s ptb_frc
         251 s qvb_vturbr
         252 s qvb_vturbs
         253 s qvb_vturbd
         254 s qvb_frc
         255 s ub_vturbr
         256 s ub_vturbs
         257 s ub_vturbd
         258 s ub_lspg
         259 s ub_frc
         260 s vb_vturbr
         261 s vb_vturbs
         262 s vb_vturbd
         263 s vb_lspg
         264 s vb_frc
         265 s rtke
         266 w rtke_w
         267 w wprof
         268 w wmax
         269 w wmin
         270 s tmfu
         271 s tmfd
         272 s wspmax
         273 s wspmin
         274 s zetamax
         275 s zetamin
         276 wvar_max
         277 wstar
         278 fbmin
         279 zfbmin
 
  ..... end domaindiag code ..... 
 
   next diagtim =    28800.0000000000     
 cflmax,ksmax,dt,nsound:  0.7402  0.0006     8.5669   12
          2179              0.291766 day 
 cflmax,ksmax,dt,nsound:  0.8142  0.0007     9.4236   12
          2180              0.291875 day 
 cflmax,ksmax,dt,nsound:  0.8956  0.0007    10.3659   14
          2181              0.291995 day 
 cflmax,ksmax,dt,nsound:  0.9852  0.0008    11.4025   14
          2182              0.292127 day 
 cflmax,ksmax,dt,nsound:  1.0000  0.0008    11.5741   14
          2183              0.292261 day 
 cflmax,ksmax,dt,nsound:  1.0000  0.0008    11.5741   14
          2184              0.292395 day 
 cflmax,ksmax,dt,nsound:  1.0000  0.0008    11.5741   14
          2185              0.292529 day 
 cflmax,ksmax,dt,nsound:  1.0000  0.0008    11.5742   14
          2186              0.292663 day 
 cflmax,ksmax,dt,nsound:  1.0000  0.0008    11.5742   14
          2187              0.292797 day 
 cflmax,ksmax,dt,nsound:  1.0000  0.0008    11.5742   14
          2188              0.292931 day 
 cflmax,ksmax,dt,nsound:  1.0000  0.0008    11.5742   14
          2189              0.293065 day 
 cflmax,ksmax,dt,nsound:  1.0000  0.0008    11.5742   14
          2190              0.293199 day 
 cflmax,ksmax,dt,nsound:  1.0000  0.0008    11.5742   14
          2191              0.293332 day 
 cflmax,ksmax,dt,nsound:  1.0000  0.0008    11.5743   14
          2192              0.293466 day 
 cflmax,ksmax,dt,nsound:  1.0000  0.0008    11.5743   14
          2193              0.293600 day 
 cflmax,ksmax,dt,nsound:  1.0000  0.0008    11.5743   14
          2194              0.293734 day 
 cflmax,ksmax,dt,nsound:  1.0000  0.0008    11.5743   14
          2195              0.293868 day 
 cflmax,ksmax,dt,nsound:  1.0000  0.0008    11.5744   14
          2196              0.294002 day 
 cflmax,ksmax,dt,nsound:  1.0000  0.0008    11.5744   14
          2197              0.294136 day 
 cflmax,ksmax,dt,nsound:  1.0000  0.0008    11.5744   14
          2198              0.294270 day 
 cflmax,ksmax,dt,nsound:  1.0000  0.0008    11.5745   14
          2199              0.294404 day 
 cflmax,ksmax,dt,nsound:  1.0000  0.0008    11.5745   14
          2200              0.294538 day 
 cflmax,ksmax,dt,nsound:  1.0000  0.0008    11.5746   14
          2201              0.294672 day 
 cflmax,ksmax,dt,nsound:  1.0000  0.0008    11.5746   14
          2202              0.294806 day 
 cflmax,ksmax,dt,nsound:  1.0000  0.0008    11.5747   14
          2203              0.294940 day 
 cflmax,ksmax,dt,nsound:  1.0000  0.0008    11.5747   14
          2204              0.295074 day 
   dorad =  T
 cflmax,ksmax,dt,nsound:  1.0000  0.0008    11.5748   14
 
 Entering RADIATION_DRIVER 
   rrtmg_lwrad 
   rrtmg_swrad 
 Leaving RADIATION_DRIVER 
 
          2205              0.295208 day 
 cflmax,ksmax,dt,nsound:  1.0000  0.0008    11.5748   14
          2206              0.295342 day 
 cflmax,ksmax,dt,nsound:  1.0000  0.0008    11.5749   14
          2207              0.295476 day 
 cflmax,ksmax,dt,nsound:  1.0000  0.0008    11.5749   14
          2208              0.295610 day 
 cflmax,ksmax,dt,nsound:  1.0000  0.0008    11.5750   14
          2209              0.295744 day 
 cflmax,ksmax,dt,nsound:  1.0000  0.0008    11.5750   14
          2210              0.295878 day 
 cflmax,ksmax,dt,nsound:  1.0000  0.0008    11.5751   14
          2211              0.296012 day 
 cflmax,ksmax,dt,nsound:  1.0000  0.0008    11.5750   14
          2212              0.296146 day 
 cflmax,ksmax,dt,nsound:  1.0000  0.0008    11.5749   14
          2213              0.296280 day 
 cflmax,ksmax,dt,nsound:  1.0000  0.0008    11.5748   14
          2214              0.296414 day 
 cflmax,ksmax,dt,nsound:  1.0000  0.0008    11.5747   14
          2215              0.296548 day 
 cflmax,ksmax,dt,nsound:  1.0000  0.0008    11.5747   14
          2216              0.296682 day 
 cflmax,ksmax,dt,nsound:  1.0000  0.0008    11.5746   14
          2217              0.296816 day 
 cflmax,ksmax,dt,nsound:  1.0000  0.0008    11.5745   14
          2218              0.296950 day 
 cflmax,ksmax,dt,nsound:  1.0000  0.0008    11.5744   14
          2219              0.297084 day 
 cflmax,ksmax,dt,nsound:  1.0000  0.0008    11.5743   14
          2220              0.297217 day 
 cflmax,ksmax,dt,nsound:  1.0000  0.0008    11.5742   14
          2221              0.297351 day 
 cflmax,ksmax,dt,nsound:  1.0000  0.0008    11.5741   14
          2222              0.297485 day 
 cflmax,ksmax,dt,nsound:  1.0000  0.0008    11.5741   14
          2223              0.297619 day 
 cflmax,ksmax,dt,nsound:  1.0000  0.0008    11.5740   14
          2224              0.297753 day 
 cflmax,ksmax,dt,nsound:  1.0000  0.0008    11.5739   14
          2225              0.297887 day 
 cflmax,ksmax,dt,nsound:  1.0000  0.0008    11.5739   14
          2226              0.298021 day 
 cflmax,ksmax,dt,nsound:  1.0000  0.0008    11.5738   14
          2227              0.298155 day 
 cflmax,ksmax,dt,nsound:  1.0000  0.0008    11.5737   14
          2228              0.298289 day 
 cflmax,ksmax,dt,nsound:  1.0000  0.0008    11.5737   14
          2229              0.298423 day 
 cflmax,ksmax,dt,nsound:  1.0000  0.0008    11.5736   14
          2230              0.298557 day 
   dorad =  T
 cflmax,ksmax,dt,nsound:  1.0000  0.0008    11.5736   14
 
 Entering RADIATION_DRIVER 
   rrtmg_lwrad 
   rrtmg_swrad 
 Leaving RADIATION_DRIVER 
 
          2231              0.298691 day 
 cflmax,ksmax,dt,nsound:  1.0000  0.0008    11.5735   14
          2232              0.298825 day 
 cflmax,ksmax,dt,nsound:  1.0000  0.0008    11.5735   14
          2233              0.298959 day 
 cflmax,ksmax,dt,nsound:  1.0000  0.0008    11.5735   14
          2234              0.299093 day 
 cflmax,ksmax,dt,nsound:  1.0000  0.0008    11.5734   14
          2235              0.299227 day 
 cflmax,ksmax,dt,nsound:  1.0000  0.0008    11.5734   14
          2236              0.299361 day 
 cflmax,ksmax,dt,nsound:  1.0000  0.0008    11.5734   14
          2237              0.299495 day 
 cflmax,ksmax,dt,nsound:  1.0000  0.0008    11.5734   14
          2238              0.299629 day 
 cflmax,ksmax,dt,nsound:  1.0000  0.0008    11.5734   14
          2239              0.299763 day 
 cflmax,ksmax,dt,nsound:  1.0000  0.0008    11.5734   14
          2240              0.299897 day 
 cflmax,ksmax,dt,nsound:  1.0000  0.0008    11.5733   14
          2241              0.300031 day 
 cflmax,ksmax,dt,nsound:  1.0000  0.0008    11.5733   14
          2242              0.300164 day 
 cflmax,ksmax,dt,nsound:  1.0000  0.0008    11.5733   14
          2243              0.300298 day 
 cflmax,ksmax,dt,nsound:  1.0000  0.0008    11.5734   14
          2244              0.300432 day 
 cflmax,ksmax,dt,nsound:  1.0000  0.0008    11.5734   14
          2245              0.300566 day 
 cflmax,ksmax,dt,nsound:  1.0000  0.0008    11.5734   14
          2246              0.300700 day 
 cflmax,ksmax,dt,nsound:  1.0000  0.0008    11.5734   14
          2247              0.300834 day 
 cflmax,ksmax,dt,nsound:  1.0000  0.0008    11.5734   14
          2248              0.300968 day 
 cflmax,ksmax,dt,nsound:  1.0000  0.0008    11.5734   14
          2249              0.301102 day 
 cflmax,ksmax,dt,nsound:  1.0000  0.0008    11.5735   14
          2250              0.301236 day 
 cflmax,ksmax,dt,nsound:  1.0000  0.0008    11.5735   14
          2251              0.301370 day 
 cflmax,ksmax,dt,nsound:  1.0000  0.0008    11.5735   14
          2252              0.301504 day 
 cflmax,ksmax,dt,nsound:  1.0000  0.0008    11.5736   14
          2253              0.301638 day 
 cflmax,ksmax,dt,nsound:  1.0000  0.0008    11.5736   14
          2254              0.301772 day 
 cflmax,ksmax,dt,nsound:  1.0000  0.0008    11.5737   14
          2255              0.301906 day 
 cflmax,ksmax,dt,nsound:  1.0000  0.0008    11.5737   14
          2256              0.302040 day 
   dorad =  T
 cflmax,ksmax,dt,nsound:  1.0000  0.0008    11.5738   14
 
 Entering RADIATION_DRIVER 
   rrtmg_lwrad 
   rrtmg_swrad 
 Leaving RADIATION_DRIVER 
 
          2257              0.302174 day 
 cflmax,ksmax,dt,nsound:  1.0000  0.0008    11.5739   14
          2258              0.302308 day 
 cflmax,ksmax,dt,nsound:  1.0000  0.0008    11.5739   14
          2259              0.302442 day 
 cflmax,ksmax,dt,nsound:  1.0000  0.0008    11.5740   14
          2260              0.302576 day 
 cflmax,ksmax,dt,nsound:  1.0000  0.0008    11.5740   14
          2261              0.302710 day 
 cflmax,ksmax,dt,nsound:  1.0000  0.0008    11.5739   14
          2262              0.302844 day 
 cflmax,ksmax,dt,nsound:  1.0000  0.0008    11.5738   14
          2263              0.302978 day 
 cflmax,ksmax,dt,nsound:  1.0000  0.0008    11.5737   14
          2264              0.303111 day 
 cflmax,ksmax,dt,nsound:  1.0000  0.0008    11.5736   14
          2265              0.303245 day 
 cflmax,ksmax,dt,nsound:  1.0000  0.0008    11.5736   14
          2266              0.303379 day 
 cflmax,ksmax,dt,nsound:  1.0000  0.0008    11.5735   14
          2267              0.303513 day 
 cflmax,ksmax,dt,nsound:  1.0000  0.0008    11.5734   14
          2268              0.303647 day 
 cflmax,ksmax,dt,nsound:  1.0000  0.0008    11.5734   14
          2269              0.303781 day 
 cflmax,ksmax,dt,nsound:  1.0000  0.0008    11.5733   14
          2270              0.303915 day 
 cflmax,ksmax,dt,nsound:  1.0000  0.0008    11.5733   14
          2271              0.304049 day 
 cflmax,ksmax,dt,nsound:  1.0000  0.0008    11.5732   14
          2272              0.304183 day 
 cflmax,ksmax,dt,nsound:  1.0000  0.0008    11.5732   14
          2273              0.304317 day 
 cflmax,ksmax,dt,nsound:  1.0000  0.0008    11.5731   14
          2274              0.304451 day 
 cflmax,ksmax,dt,nsound:  1.0000  0.0008    11.5731   14
          2275              0.304585 day 
 cflmax,ksmax,dt,nsound:  1.0000  0.0008    11.5730   14
          2276              0.304719 day 
 cflmax,ksmax,dt,nsound:  1.0000  0.0008    11.5730   14
          2277              0.304853 day 
 cflmax,ksmax,dt,nsound:  1.0000  0.0008    11.5729   14
          2278              0.304987 day 
 cflmax,ksmax,dt,nsound:  1.0000  0.0008    11.5729   14
          2279              0.305121 day 
 cflmax,ksmax,dt,nsound:  1.0000  0.0008    11.5728   14
          2280              0.305255 day 
 cflmax,ksmax,dt,nsound:  1.0000  0.0008    11.5728   14
          2281              0.305389 day 
 cflmax,ksmax,dt,nsound:  1.0000  0.0008    11.5728   14
          2282              0.305523 day 
   dorad =  T
 cflmax,ksmax,dt,nsound:  1.0000  0.0008    11.5727   14
 
 Entering RADIATION_DRIVER 
   rrtmg_lwrad 
   rrtmg_swrad 
 Leaving RADIATION_DRIVER 
 
          2283              0.305656 day 
 cflmax,ksmax,dt,nsound:  1.0000  0.0008    11.5727   14
          2284              0.305790 day 
 cflmax,ksmax,dt,nsound:  1.0000  0.0008    11.5727   14
          2285              0.305924 day 
 cflmax,ksmax,dt,nsound:  1.0000  0.0008    11.5727   14
          2286              0.306058 day 
 cflmax,ksmax,dt,nsound:  1.0000  0.0008    11.5727   14
          2287              0.306192 day 
 cflmax,ksmax,dt,nsound:  1.0000  0.0008    11.5726   14
          2288              0.306326 day 
 cflmax,ksmax,dt,nsound:  1.0000  0.0008    11.5726   14
          2289              0.306460 day 
 cflmax,ksmax,dt,nsound:  1.0000  0.0008    11.5726   14
          2290              0.306594 day 
 cflmax,ksmax,dt,nsound:  1.0000  0.0008    11.5726   14
          2291              0.306728 day 
 cflmax,ksmax,dt,nsound:  1.0000  0.0008    11.5726   14
          2292              0.306862 day 
 cflmax,ksmax,dt,nsound:  1.0000  0.0008    11.5726   14
          2293              0.306996 day 
 cflmax,ksmax,dt,nsound:  1.0000  0.0008    11.5726   14
          2294              0.307130 day 
 cflmax,ksmax,dt,nsound:  1.0000  0.0008    11.5727   14
          2295              0.307264 day 
 cflmax,ksmax,dt,nsound:  1.0000  0.0008    11.5727   14
          2296              0.307398 day 
 cflmax,ksmax,dt,nsound:  1.0000  0.0008    11.5727   14
          2297              0.307532 day 
 cflmax,ksmax,dt,nsound:  1.0000  0.0008    11.5727   14
          2298              0.307666 day 
 cflmax,ksmax,dt,nsound:  1.0000  0.0008    11.5727   14
          2299              0.307800 day 
 cflmax,ksmax,dt,nsound:  1.0000  0.0008    11.5728   14
          2300              0.307934 day 
 cflmax,ksmax,dt,nsound:  1.0000  0.0008    11.5728   14
          2301              0.308067 day 
 cflmax,ksmax,dt,nsound:  1.0000  0.0008    11.5729   14
          2302              0.308201 day 
 cflmax,ksmax,dt,nsound:  1.0000  0.0008    11.5729   14
          2303              0.308335 day 
 cflmax,ksmax,dt,nsound:  1.0000  0.0008    11.5729   14
          2304              0.308469 day 
 cflmax,ksmax,dt,nsound:  1.0000  0.0008    11.5730   14
          2305              0.308603 day 
 cflmax,ksmax,dt,nsound:  1.0000  0.0008    11.5730   14
          2306              0.308737 day 
 cflmax,ksmax,dt,nsound:  1.0000  0.0008    11.5731   14
          2307              0.308871 day 
 cflmax,ksmax,dt,nsound:  1.0000  0.0008    11.5732   14
          2308              0.309005 day 
   dorad =  T
 cflmax,ksmax,dt,nsound:  1.0000  0.0008    11.5732   14
 
 Entering RADIATION_DRIVER 
   rrtmg_lwrad 
   rrtmg_swrad 
 Leaving RADIATION_DRIVER 
 
          2309              0.309139 day 
 cflmax,ksmax,dt,nsound:  1.0000  0.0008    11.5733   14
          2310              0.309273 day 
 cflmax,ksmax,dt,nsound:  1.0000  0.0008    11.5733   14
          2311              0.309407 day 
 cflmax,ksmax,dt,nsound:  1.0000  0.0008    11.5734   14
          2312              0.309541 day 
 cflmax,ksmax,dt,nsound:  1.0000  0.0008    11.5734   14
          2313              0.309675 day 
 cflmax,ksmax,dt,nsound:  1.0000  0.0008    11.5735   14
          2314              0.309809 day 
 cflmax,ksmax,dt,nsound:  1.0000  0.0008    11.5736   14
          2315              0.309943 day 
 cflmax,ksmax,dt,nsound:  1.0000  0.0008    11.5737   14
          2316              0.310077 day 
 cflmax,ksmax,dt,nsound:  1.0000  0.0008    11.5738   14
          2317              0.310211 day 
 cflmax,ksmax,dt,nsound:  1.0000  0.0008    11.5739   14
          2318              0.310345 day 
 cflmax,ksmax,dt,nsound:  1.0000  0.0008    11.5740   14
          2319              0.310479 day 
 cflmax,ksmax,dt,nsound:  1.0000  0.0008    11.5740   14
          2320              0.310613 day 
 cflmax,ksmax,dt,nsound:  1.0000  0.0008    11.5741   14
          2321              0.310746 day 
 cflmax,ksmax,dt,nsound:  1.0000  0.0008    11.5742   14
          2322              0.310880 day 
 cflmax,ksmax,dt,nsound:  1.0000  0.0008    11.5743   14
          2323              0.311014 day 
 cflmax,ksmax,dt,nsound:  1.0000  0.0008    11.5744   14
          2324              0.311148 day 
 cflmax,ksmax,dt,nsound:  1.0000  0.0008    11.5746   14
          2325              0.311282 day 
 cflmax,ksmax,dt,nsound:  1.0000  0.0008    11.5746   14
          2326              0.311416 day 
 cflmax,ksmax,dt,nsound:  1.0000  0.0008    11.5745   14
          2327              0.311550 day 
 cflmax,ksmax,dt,nsound:  1.0000  0.0008    11.5745   14
          2328              0.311684 day 
 cflmax,ksmax,dt,nsound:  1.0000  0.0008    11.5744   14
          2329              0.311818 day 
 cflmax,ksmax,dt,nsound:  1.0000  0.0008    11.5744   14
          2330              0.311952 day 
 cflmax,ksmax,dt,nsound:  1.0000  0.0008    11.5743   14
          2331              0.312086 day 
 cflmax,ksmax,dt,nsound:  1.0000  0.0008    11.5743   14
          2332              0.312220 day 
 cflmax,ksmax,dt,nsound:  1.0000  0.0008    11.5742   14
          2333              0.312354 day 
   dorad =  T
 cflmax,ksmax,dt,nsound:  1.0000  0.0008    11.5742   14
 
 Entering RADIATION_DRIVER 
   rrtmg_lwrad 
   rrtmg_swrad 
 Leaving RADIATION_DRIVER 
 
          2334              0.312488 day 
 cflmax,ksmax,dt,nsound:  1.0000  0.0008    11.5741   14
          2335              0.312622 day 
 cflmax,ksmax,dt,nsound:  1.0000  0.0008    11.5741   14
          2336              0.312756 day 
 cflmax,ksmax,dt,nsound:  1.0000  0.0008    11.5741   14
          2337              0.312890 day 
 cflmax,ksmax,dt,nsound:  1.0000  0.0008    11.5740   14
          2338              0.313024 day 
 cflmax,ksmax,dt,nsound:  1.0000  0.0008    11.5740   14
          2339              0.313158 day 
 cflmax,ksmax,dt,nsound:  1.0000  0.0008    11.5739   14
          2340              0.313292 day 
 cflmax,ksmax,dt,nsound:  1.0000  0.0008    11.5739   14
          2341              0.313426 day 
 cflmax,ksmax,dt,nsound:  1.0000  0.0008    11.5739   14
          2342              0.313560 day 
 cflmax,ksmax,dt,nsound:  1.0000  0.0008    11.5739   14
          2343              0.313694 day 
 cflmax,ksmax,dt,nsound:  1.0000  0.0008    11.5738   14
          2344              0.313828 day 
 cflmax,ksmax,dt,nsound:  1.0000  0.0008    11.5738   14
          2345              0.313962 day 
 cflmax,ksmax,dt,nsound:  1.0000  0.0008    11.5738   14
          2346              0.314095 day 
 cflmax,ksmax,dt,nsound:  1.0000  0.0008    11.5738   14
          2347              0.314229 day 
 cflmax,ksmax,dt,nsound:  1.0000  0.0008    11.5738   14
          2348              0.314363 day 
 cflmax,ksmax,dt,nsound:  1.0000  0.0008    11.5737   14
          2349              0.314497 day 
 cflmax,ksmax,dt,nsound:  1.0000  0.0008    11.5737   14
          2350              0.314631 day 
 cflmax,ksmax,dt,nsound:  1.0000  0.0008    11.5737   14
          2351              0.314765 day 
 cflmax,ksmax,dt,nsound:  1.0000  0.0008    11.5737   14
          2352              0.314899 day 
 cflmax,ksmax,dt,nsound:  1.0000  0.0008    11.5737   14
          2353              0.315033 day 
 cflmax,ksmax,dt,nsound:  1.0000  0.0008    11.5737   14
          2354              0.315167 day 
 cflmax,ksmax,dt,nsound:  1.0000  0.0008    11.5737   14
          2355              0.315301 day 
 cflmax,ksmax,dt,nsound:  1.0000  0.0008    11.5737   14
          2356              0.315435 day 
 cflmax,ksmax,dt,nsound:  1.0000  0.0008    11.5738   14
          2357              0.315569 day 
 cflmax,ksmax,dt,nsound:  1.0000  0.0008    11.5738   14
          2358              0.315703 day 
 cflmax,ksmax,dt,nsound:  1.0000  0.0008    11.5738   14
          2359              0.315837 day 
   dorad =  T
 cflmax,ksmax,dt,nsound:  1.0000  0.0008    11.5738   14
 
 Entering RADIATION_DRIVER 
   rrtmg_lwrad 
   rrtmg_swrad 
 Leaving RADIATION_DRIVER 
 
          2360              0.315971 day 
 cflmax,ksmax,dt,nsound:  1.0000  0.0008    11.5738   14
          2361              0.316105 day 
 cflmax,ksmax,dt,nsound:  1.0000  0.0008    11.5738   14
          2362              0.316239 day 
 cflmax,ksmax,dt,nsound:  1.0000  0.0008    11.5737   14
          2363              0.316373 day 
 cflmax,ksmax,dt,nsound:  1.0000  0.0008    11.5736   14
          2364              0.316507 day 
 cflmax,ksmax,dt,nsound:  1.0000  0.0008    11.5736   14
          2365              0.316641 day 
 cflmax,ksmax,dt,nsound:  1.0000  0.0008    11.5735   14
          2366              0.316775 day 
 cflmax,ksmax,dt,nsound:  1.0000  0.0008    11.5735   14
          2367              0.316909 day 
 cflmax,ksmax,dt,nsound:  1.0000  0.0008    11.5735   14
          2368              0.317042 day 
 cflmax,ksmax,dt,nsound:  1.0000  0.0008    11.5734   14
          2369              0.317176 day 
 cflmax,ksmax,dt,nsound:  1.0000  0.0008    11.5733   14
          2370              0.317310 day 
 cflmax,ksmax,dt,nsound:  1.0000  0.0008    11.5733   14
          2371              0.317444 day 
 cflmax,ksmax,dt,nsound:  1.0000  0.0008    11.5733   14
          2372              0.317578 day 
 cflmax,ksmax,dt,nsound:  1.0000  0.0008    11.5732   14
          2373              0.317712 day 
 cflmax,ksmax,dt,nsound:  1.0000  0.0008    11.5732   14
          2374              0.317846 day 
 cflmax,ksmax,dt,nsound:  1.0000  0.0008    11.5732   14
          2375              0.317980 day 
 cflmax,ksmax,dt,nsound:  1.0000  0.0008    11.5732   14
          2376              0.318114 day 
 cflmax,ksmax,dt,nsound:  1.0000  0.0008    11.5731   14
          2377              0.318248 day 
 cflmax,ksmax,dt,nsound:  1.0000  0.0008    11.5731   14
          2378              0.318382 day 
 cflmax,ksmax,dt,nsound:  1.0000  0.0008    11.5731   14
          2379              0.318516 day 
 cflmax,ksmax,dt,nsound:  1.0000  0.0008    11.5731   14
          2380              0.318650 day 
 cflmax,ksmax,dt,nsound:  1.0000  0.0008    11.5731   14
          2381              0.318784 day 
 cflmax,ksmax,dt,nsound:  1.0000  0.0008    11.5731   14
          2382              0.318918 day 
 cflmax,ksmax,dt,nsound:  1.0000  0.0008    11.5731   14
          2383              0.319052 day 
 cflmax,ksmax,dt,nsound:  1.0000  0.0008    11.5731   14
          2384              0.319186 day 
 cflmax,ksmax,dt,nsound:  1.0000  0.0008    11.5731   14
          2385              0.319320 day 
   dorad =  T
 cflmax,ksmax,dt,nsound:  1.0000  0.0008    11.5731   14
 
 Entering RADIATION_DRIVER 
   rrtmg_lwrad 
   rrtmg_swrad 
 Leaving RADIATION_DRIVER 
 
          2386              0.319454 day 
 cflmax,ksmax,dt,nsound:  1.0000  0.0008    11.5731   14
          2387              0.319588 day 
 cflmax,ksmax,dt,nsound:  1.0000  0.0008    11.5731   14
          2388              0.319721 day 
 cflmax,ksmax,dt,nsound:  1.0000  0.0008    11.5731   14
          2389              0.319855 day 
 cflmax,ksmax,dt,nsound:  1.0000  0.0008    11.5731   14
          2390              0.319989 day 
 cflmax,ksmax,dt,nsound:  1.0000  0.0008    11.5732   14
          2391              0.320123 day 
 cflmax,ksmax,dt,nsound:  1.0000  0.0008    11.5732   14
          2392              0.320257 day 
 cflmax,ksmax,dt,nsound:  1.0000  0.0008    11.5732   14
          2393              0.320391 day 
 cflmax,ksmax,dt,nsound:  1.0000  0.0008    11.5733   14
          2394              0.320525 day 
 cflmax,ksmax,dt,nsound:  1.0000  0.0008    11.5733   14
          2395              0.320659 day 
 cflmax,ksmax,dt,nsound:  1.0000  0.0008    11.5733   14
          2396              0.320793 day 
 cflmax,ksmax,dt,nsound:  1.0000  0.0008    11.5734   14
          2397              0.320927 day 
 cflmax,ksmax,dt,nsound:  1.0000  0.0008    11.5734   14
          2398              0.321061 day 
 cflmax,ksmax,dt,nsound:  1.0000  0.0008    11.5735   14
          2399              0.321195 day 
 cflmax,ksmax,dt,nsound:  1.0000  0.0008    11.5735   14
          2400              0.321329 day 
 cflmax,ksmax,dt,nsound:  1.0000  0.0008    11.5736   14
          2401              0.321463 day 
 cflmax,ksmax,dt,nsound:  1.0000  0.0008    11.5736   14
          2402              0.321597 day 
 cflmax,ksmax,dt,nsound:  1.0000  0.0008    11.5737   14
          2403              0.321731 day 
 cflmax,ksmax,dt,nsound:  1.0000  0.0008    11.5738   14
          2404              0.321865 day 
 cflmax,ksmax,dt,nsound:  1.0000  0.0008    11.5738   14
          2405              0.321999 day 
 cflmax,ksmax,dt,nsound:  1.0000  0.0008    11.5739   14
          2406              0.322133 day 
 cflmax,ksmax,dt,nsound:  1.0000  0.0008    11.5740   14
          2407              0.322267 day 
 cflmax,ksmax,dt,nsound:  1.0000  0.0008    11.5741   14
          2408              0.322401 day 
 cflmax,ksmax,dt,nsound:  1.0000  0.0008    11.5741   14
          2409              0.322535 day 
 cflmax,ksmax,dt,nsound:  1.0000  0.0008    11.5741   14
          2410              0.322668 day 
 cflmax,ksmax,dt,nsound:  1.0000  0.0008    11.5741   14
          2411              0.322802 day 
   dorad =  T
 cflmax,ksmax,dt,nsound:  1.0000  0.0008    11.5740   14
 
 Entering RADIATION_DRIVER 
   rrtmg_lwrad 
   rrtmg_swrad 
 Leaving RADIATION_DRIVER 
 
          2412              0.322936 day 
 cflmax,ksmax,dt,nsound:  1.0000  0.0008    11.5739   14
          2413              0.323070 day 
 cflmax,ksmax,dt,nsound:  1.0000  0.0008    11.5738   14
          2414              0.323204 day 
 cflmax,ksmax,dt,nsound:  1.0000  0.0008    11.5738   14
          2415              0.323338 day 
 cflmax,ksmax,dt,nsound:  1.0000  0.0008    11.5737   14
          2416              0.323472 day 
 cflmax,ksmax,dt,nsound:  1.0000  0.0008    11.5736   14
          2417              0.323606 day 
 cflmax,ksmax,dt,nsound:  1.0000  0.0008    11.5736   14
          2418              0.323740 day 
 cflmax,ksmax,dt,nsound:  1.0000  0.0008    11.5735   14
          2419              0.323874 day 
 cflmax,ksmax,dt,nsound:  1.0000  0.0008    11.5735   14
          2420              0.324008 day 
 cflmax,ksmax,dt,nsound:  1.0000  0.0008    11.5734   14
          2421              0.324142 day 
 cflmax,ksmax,dt,nsound:  1.0000  0.0008    11.5734   14
          2422              0.324276 day 
 cflmax,ksmax,dt,nsound:  1.0000  0.0008    11.5734   14
          2423              0.324410 day 
 cflmax,ksmax,dt,nsound:  1.0000  0.0008    11.5733   14
          2424              0.324544 day 
 cflmax,ksmax,dt,nsound:  1.0000  0.0008    11.5733   14
          2425              0.324678 day 
 cflmax,ksmax,dt,nsound:  1.0000  0.0008    11.5733   14
          2426              0.324812 day 
 cflmax,ksmax,dt,nsound:  1.0000  0.0008    11.5733   14
          2427              0.324946 day 
 cflmax,ksmax,dt,nsound:  1.0000  0.0008    11.5732   14
          2428              0.325080 day 
 cflmax,ksmax,dt,nsound:  1.0000  0.0008    11.5732   14
          2429              0.325214 day 
 cflmax,ksmax,dt,nsound:  1.0000  0.0008    11.5732   14
          2430              0.325348 day 
 cflmax,ksmax,dt,nsound:  1.0000  0.0008    11.5732   14
          2431              0.325481 day 
 cflmax,ksmax,dt,nsound:  1.0000  0.0008    11.5732   14
          2432              0.325615 day 
 cflmax,ksmax,dt,nsound:  1.0000  0.0008    11.5732   14
          2433              0.325749 day 
 cflmax,ksmax,dt,nsound:  1.0000  0.0008    11.5732   14
          2434              0.325883 day 
 cflmax,ksmax,dt,nsound:  1.0000  0.0008    11.5732   14
          2435              0.326017 day 
 cflmax,ksmax,dt,nsound:  1.0000  0.0008    11.5732   14
          2436              0.326151 day 
 cflmax,ksmax,dt,nsound:  1.0000  0.0008    11.5732   14
          2437              0.326285 day 
   dorad =  T
 cflmax,ksmax,dt,nsound:  1.0000  0.0008    11.5733   14
 
 Entering RADIATION_DRIVER 
   rrtmg_lwrad 
   rrtmg_swrad 
 Leaving RADIATION_DRIVER 
 
          2438              0.326419 day 
 cflmax,ksmax,dt,nsound:  1.0000  0.0008    11.5733   14
          2439              0.326553 day 
 cflmax,ksmax,dt,nsound:  1.0000  0.0008    11.5733   14
          2440              0.326687 day 
 cflmax,ksmax,dt,nsound:  1.0000  0.0008    11.5733   14
          2441              0.326821 day 
 cflmax,ksmax,dt,nsound:  1.0000  0.0008    11.5733   14
          2442              0.326955 day 
 cflmax,ksmax,dt,nsound:  1.0000  0.0008    11.5733   14
          2443              0.327089 day 
 cflmax,ksmax,dt,nsound:  1.0000  0.0008    11.5733   14
          2444              0.327223 day 
 cflmax,ksmax,dt,nsound:  1.0000  0.0008    11.5734   14
          2445              0.327357 day 
 cflmax,ksmax,dt,nsound:  1.0000  0.0008    11.5734   14
          2446              0.327491 day 
 cflmax,ksmax,dt,nsound:  1.0000  0.0008    11.5734   14
          2447              0.327625 day 
 cflmax,ksmax,dt,nsound:  1.0000  0.0008    11.5735   14
          2448              0.327759 day 
 cflmax,ksmax,dt,nsound:  1.0000  0.0008    11.5735   14
          2449              0.327893 day 
 cflmax,ksmax,dt,nsound:  1.0000  0.0008    11.5735   14
          2450              0.328027 day 
 cflmax,ksmax,dt,nsound:  1.0000  0.0008    11.5736   14
          2451              0.328160 day 
 cflmax,ksmax,dt,nsound:  1.0000  0.0008    11.5736   14
          2452              0.328294 day 
 cflmax,ksmax,dt,nsound:  1.0000  0.0008    11.5737   14
          2453              0.328428 day 
 cflmax,ksmax,dt,nsound:  1.0000  0.0008    11.5737   14
          2454              0.328562 day 
 cflmax,ksmax,dt,nsound:  1.0000  0.0008    11.5738   14
          2455              0.328696 day 
 cflmax,ksmax,dt,nsound:  1.0000  0.0008    11.5737   14
          2456              0.328830 day 
 cflmax,ksmax,dt,nsound:  1.0000  0.0008    11.5737   14
          2457              0.328964 day 
 cflmax,ksmax,dt,nsound:  1.0000  0.0008    11.5736   14
          2458              0.329098 day 
 cflmax,ksmax,dt,nsound:  1.0000  0.0008    11.5735   14
          2459              0.329232 day 
 cflmax,ksmax,dt,nsound:  1.0000  0.0008    11.5735   14
          2460              0.329366 day 
 cflmax,ksmax,dt,nsound:  1.0000  0.0008    11.5734   14
          2461              0.329500 day 
 cflmax,ksmax,dt,nsound:  1.0000  0.0008    11.5734   14
          2462              0.329634 day 
 cflmax,ksmax,dt,nsound:  1.0000  0.0008    11.5733   14
          2463              0.329768 day 
   dorad =  T
 cflmax,ksmax,dt,nsound:  1.0000  0.0008    11.5733   14
 
 Entering RADIATION_DRIVER 
   rrtmg_lwrad 
   rrtmg_swrad 
 Leaving RADIATION_DRIVER 
 
          2464              0.329902 day 
 cflmax,ksmax,dt,nsound:  1.0000  0.0008    11.5733   14
          2465              0.330036 day 
 cflmax,ksmax,dt,nsound:  1.0000  0.0008    11.5732   14
          2466              0.330170 day 
 cflmax,ksmax,dt,nsound:  1.0000  0.0008    11.5732   14
          2467              0.330304 day 
 cflmax,ksmax,dt,nsound:  1.0000  0.0008    11.5732   14
          2468              0.330438 day 
 cflmax,ksmax,dt,nsound:  1.0000  0.0008    11.5731   14
          2469              0.330572 day 
 cflmax,ksmax,dt,nsound:  1.0000  0.0008    11.5731   14
          2470              0.330706 day 
 cflmax,ksmax,dt,nsound:  1.0000  0.0008    11.5731   14
          2471              0.330840 day 
 cflmax,ksmax,dt,nsound:  1.0000  0.0008    11.5731   14
          2472              0.330973 day 
 cflmax,ksmax,dt,nsound:  1.0000  0.0008    11.5731   14
          2473              0.331107 day 
 cflmax,ksmax,dt,nsound:  1.0000  0.0008    11.5730   14
          2474              0.331241 day 
 cflmax,ksmax,dt,nsound:  1.0000  0.0008    11.5730   14
          2475              0.331375 day 
 cflmax,ksmax,dt,nsound:  1.0000  0.0008    11.5730   14
          2476              0.331509 day 
 cflmax,ksmax,dt,nsound:  1.0000  0.0008    11.5730   14
          2477              0.331643 day 
 cflmax,ksmax,dt,nsound:  1.0000  0.0008    11.5730   14
          2478              0.331777 day 
 cflmax,ksmax,dt,nsound:  1.0000  0.0008    11.5730   14
          2479              0.331911 day 
 cflmax,ksmax,dt,nsound:  1.0000  0.0008    11.5730   14
          2480              0.332045 day 
 cflmax,ksmax,dt,nsound:  1.0000  0.0008    11.5730   14
          2481              0.332179 day 
 cflmax,ksmax,dt,nsound:  1.0000  0.0008    11.5730   14
          2482              0.332313 day 
 cflmax,ksmax,dt,nsound:  1.0000  0.0008    11.5731   14
          2483              0.332447 day 
 cflmax,ksmax,dt,nsound:  1.0000  0.0008    11.5731   14
          2484              0.332581 day 
 cflmax,ksmax,dt,nsound:  1.0000  0.0008    11.5731   14
          2485              0.332715 day 
 cflmax,ksmax,dt,nsound:  1.0000  0.0008    11.5731   14
          2486              0.332849 day 
 cflmax,ksmax,dt,nsound:  1.0000  0.0008    11.5732   14
   Note: setting dt based on upcoming stat time 
   Note: setting dt based on upcoming diag time 
          2487              0.332983 day 
 cflmax,ksmax,dt,nsound:  0.8727  0.0007    10.0994   14
   Note: setting dt based on upcoming stat time 
   Note: setting dt based on upcoming diag time 
          2488              0.333100 day 
 cflmax,ksmax,dt,nsound:  0.8727  0.0007    10.0994   14
   Note: setting dt based on upcoming stat time 
   Note: setting dt based on upcoming diag time 
          2489              0.333216 day 
   dorad =  T
   getvt =  T
   Getting dbz ... 
   dotbud =  T
   doqbud =  T
   doubud =  T
   dovbud =  T
   dowbud =  T
 cflmax,ksmax,dt,nsound:  0.8727  0.0007    10.0994   14
   Getting fall velocities for Morrison MP scheme 
 
 Entering RADIATION_DRIVER 
   rrtmg_lwrad 
   rrtmg_swrad 
 Leaving RADIATION_DRIVER 
 
  WMAX  :  0.501342E-01  741  332   27    WMIN  : -0.532116E-01  495  496   27
  UMAX  :   11.9467      987  498    9    UMIN  :  -43.2031      357  250   41
  SUMAX :   5.55057       25  370    1    SUMIN :   5.39563      628   48    1
  VMAX  :  0.819453      842  459    2    VMIN  : -0.840411E-01  555  339   44
  SVMAX :  0.793272      842  459    1    SVMIN :  0.643459      635  409    1
  PPIMAX: -0.138818E-04  426  477    1    PPIMIN: -0.643997E-03   87  388   37
  PPMAX :  -4.86719      426  477    1    PPMIN :  -87.1719      824   65   19
  THPMAX:   1.12587      669  447   45    THPMIN:  -1.48778      721  155   58
  STHPMX:  -1.29755      558  430    1    STHPMN:  -1.31655      693  418    1
  MAXqv :  0.220551E-01   12  331    1    MINqv :  0.301566E-05  726  501   42
  MAXqc :   0.00000        1    1    1    MINqc :   0.00000        1    1    1
  MAXqr :   0.00000        1    1    1    MINqr :   0.00000        1    1    1
  MAXqi :   0.00000        1    1    1    MINqi :   0.00000        1    1    1
  MAXqs :   0.00000        1    1    1    MINqs :   0.00000        1    1    1
  MAXqg :   0.00000        1    1    1    MINqg :   0.00000        1    1    1
  MAXnci:   0.00000        1    1    1    MINnci:   0.00000        1    1    1
  MAXncs:   0.00000        1    1    1    MINncs:   0.00000        1    1    1
  MAXncr:   0.00000        1    1    1    MINncr:   0.00000        1    1    1
  MAXncg:   0.00000        1    1    1    MINncg:   0.00000        1    1    1
  PRATMX:   0.00000        1    1    1    PRATMN:   0.00000        1    1    1
  KMHMAX:   0.00000        1    1    1    KMHMIN:   0.00000        1    1    1
  KMVMAX:   12.1513      155  130    5    KMVMIN:   0.00000        1    1   66
  KHHMAX:   0.00000        1    1    1    KHHMIN:   0.00000        1    1    1
  KHVMAX:   12.1513      155  130    5    KHVMIN:   0.00000        1    1   66
  DIVMAX:  0.532189E-06  530  349    4    DIVMIN: -0.637888E-06  803   97    3
  RHMAX :  0.953486      976   80    5    RHMIN :  0.302230E-02  160  396   65
  RHIMAX:  0.898796      309   53   33    RHIMIN:  0.535515E-02  160  396   65
  THEMAX:   366.191       12  331    1    THEMIN:   318.937      191  512   18
  STHEMX:   366.191       12  331    1    STHEMN:   366.067      331  456    1
  QCTOP :      0.000000    1    1    1    QCBOT :      0.000000    1    1    1
  SFPMAX:   100714.      426  477    1    SFPMIN:   100714.       49    1    1
  PSFCMX:   100996.      426  477    1    PSFCMN:   100996.       49    1    1
  WSPMAX:   43.2031      356  250   41    WSPMIN:  0.443088      646  408   16
  SWSPMX:   5.59504       24  370    1    SWSPMN:   5.45357      627   48    1
  10MWMX:   5.21448       24  370    1    10MWMN:   5.08419      627   48    1
  HPBLMX:   484.651      137   45    1    HPBLMN:   473.736      821  442    1
  CFLMAX:      0.997669  356  250   41
  KSHMAX:   0.00000        0    0    0
  KSVMAX:  0.104181E-01  211  376    3
  VORSFC:  0.171069E-03
  VOR1KM:  0.302929E-03
  VOR2KM:  0.984412E-04
  VOR3KM:  0.899967E-04
  VOR4KM:  0.138143E-03
  VOR5KM:  0.620724E-04
  TMASS :  0.132247E+16
  TMOIS :  0.575031E+13
  qv MAS:  0.575031E+13
  qc MAS:  0.000000E+00
  qr MAS:  0.000000E+00
  qi MAS:  0.000000E+00
  qs MAS:  0.000000E+00
  qg MAS:  0.000000E+00
  TENERG:  0.342921E+21
  TMU   : -0.618687E+16
  TMV   :  0.628581E+14
  TMW   : -0.501280E+12
  TMFU  :  0.598728E+10
  TMFD  : -0.707775E+10
  tcond :  0.000000E+00
  tevac :  0.000000E+00
  tauto :  0.000000E+00
  taccr :  0.000000E+00
  tevar :  0.000000E+00
  train :  0.000000E+00
  erain :  0.000000E+00
  qsfc  :  0.548644E+11
  esfc  :  0.419038E+15
  erad  :  0.000000E+00
  asqv  :  0.000000E+00
  asqc  :  0.000000E+00
  asqr  :  0.000000E+00
  asqi  :  0.000000E+00
  asqs  :  0.000000E+00
  asqg  :  0.000000E+00
  asnci :  0.000000E+00
  asncs :  0.000000E+00
  asncr :  0.000000E+00
  asncg :  0.000000E+00
  bsqv  :  0.000000E+00
  bsqc  :  0.000000E+00
  bsqr  :  0.000000E+00
  bsqi  :  0.000000E+00
  bsqs  :  0.000000E+00
  bsqg  :  0.000000E+00
  bsnci :  0.000000E+00
  bsncs :  0.000000E+00
  bsncr :  0.000000E+00
  bsncg :  0.000000E+00
 cm1out_stats.ctl                                                               
                                          
   next stattim =    32400.0000000000     
          2490              0.333333 day 
 
  ..... begin domaindiag code ..... 
 
   nwritet =            9
 cm1out_diag_000009_s.dat                                                       
                                          
 cm1out_diag_000009_w.dat                                                       
                                          
   wloop =            1
           1 mtime
           2 nstep
           3 umove
           4 vmove
           5 domainlocx
           6 domainlocy
           7 ust
           8 stau
           9 znt
          10 tsk
          11 psfc
          12 qsfc
          13 thflux
          14 qvflux
          15 hfx
          16 qfx
          17 u10
          18 v10
          19 s10
          20 t2
          21 q2
          22 th2
          23 cd
          24 ch
          25 cq
          26 hpbl
          27 wspd
          28 zol
          29 br
          30 brcr
          31 phim
          32 phih
          33 psim
          34 psih
          35 tst
          36 qst
          37 mol
          38 rain
          39 prate
          40 cwp
          41 rwp
          42 lwp
          43 pwat
          44 spwr
          45 fwp
          46 iwp
          47 swp
          48 gwp
          49 tcwp
          50 cwpvar
          51 rwpvar
          52 lwpvar
          53 qcfrac_col
          54 qrfrac_col
          55 qlfrac_col
          56 qifrac_col
          57 qtfrac_col
          58 qcb
          59 qrb
          60 qlb
          61 qcbvar
          62 qrbvar
          63 qlbvar
          64 qct
          65 qrt
          66 qlt
          67 qctvar
          68 qrtvar
          69 qltvar
          70 lwupt
          71 lwdnt
          72 lwupb
          73 lwdnb
          74 swupt
          75 swdnt
          76 swupb
          77 swdnb
          78 lwuptc
          79 lwdntc
          80 lwupbc
          81 lwdnbc
          82 swuptc
          83 swdntc
          84 swupbc
          85 swdnbc
          86 lwcf
          87 swcf
          88 cape
          89 cin
          90 lcl
          91 lfc
          92 zmelt
          93 pmelt
          94 s u
          95 w uinterp
          96 s v
          97 w vinterp
          98 w w
          99 s th
         100 w thinterp
         101 s t
         102 s prs
         103 w prsinterp
         104 s rho
         105 w rhointerp
         106 s ppi
         107 s qv
         108 s qc
         109 s qr
         110 s qi
         111 s qs
         112 s qg
         113 s nci
         114 s ncs
         115 s ncr
         116 s ncg
         117 s shv
         118 s shc
         119 s shr
         120 s shi
         121 s shs
         122 s shg
         123 s qliq
         124 s qice
         125 s qt
         126 s dbz
         127 s fc
         128 s fr
         129 s fi
         130 s fs
         131 s fg
         132 s precc
         133 s precr
         134 s preci
         135 s precs
         136 s precg
         137 s prec
         138 s qcfrac
         139 s qrfrac
         140 s qlfrac
         141 s qifrac
         142 s qtfrac
         143 s clw
         144 s cli
         145 s plw
         146 s pli
         147 s thv
         148 s brz
         149 s thl
         150 s the
         151 s rh
         152 s rhi
         153 w dissten
         154 w epst
         155 w nm
         156 w defh
         157 w defv
         158 w kmh
         159 w kmv
         160 w khh
         161 w khv
         162 w pr
         163 w rinum
         164 w grdscl
         165 s wsp
         166 w wspinterp
         167 s wspan
         168 s wspa
         169 s sdwsp
         170 s o3
         171 s swten
         172 s lwten
         173 s swtenc
         174 s lwtenc
         175 s cldfra
         176 s effc
         177 s effr
         178 s effs
         179 s effi
         180 s effg
         181 s effis
         182 w ndws
         183 w ndws2
         184 w dtdz
         185 w dudz
         186 w dvdz
         187 w dsdz
         188 w dqvdz
         189 s ug
         190 s vg
         191 s u0
         192 s v0
         193 s upup
         194 s upupup
         195 s vpvp
         196 s vpvpvp
         197 s wpwp
         198 s upvp
         199 s upwp
         200 s vpwp
         201 s thvarr
         202 w thvarrinterp
         203 s tptptp
         204 s uptp
         205 s vptp
         206 s thvvarr
         207 s thlvarr
         208 s qvvarr
         209 s qpqpqp
         210 s qlvarr
         211 s qtvarr
         212 s wpwptp
         213 s wptptp
         214 w upup_w
         215 w vpvp_w
         216 w wpwp_w
         217 w upvp_w
         218 w upwp_w
         219 w vpwp_w
         220 w wpwpwp
         221 w wpupup
         222 w wpvpvp
         223 w ufr
         224 w ufs
         225 w ufd
         226 w vfr
         227 w vfs
         228 w vfd
         229 w thfr
         230 w thfs
         231 w thfd
         232 w thvfr
         233 w thvfs
         234 w thvfd
         235 w thlfr
         236 w thlfs
         237 w thlfd
         238 w qvfr
         239 w qvfs
         240 w qvfd
         241 w qlfr
         242 w qlfs
         243 w qlfd
         244 w qtfr
         245 w qtfs
         246 w qtfd
         247 s ptb_vturbr
         248 s ptb_vturbs
         249 s ptb_vturbd
         250 s ptb_frc
         251 s qvb_vturbr
         252 s qvb_vturbs
         253 s qvb_vturbd
         254 s qvb_frc
         255 s ub_vturbr
         256 s ub_vturbs
         257 s ub_vturbd
         258 s ub_lspg
         259 s ub_frc
         260 s vb_vturbr
         261 s vb_vturbs
         262 s vb_vturbd
         263 s vb_lspg
         264 s vb_frc
         265 s rtke
         266 w rtke_w
         267 w wprof
         268 w wmax
         269 w wmin
         270 s tmfu
         271 s tmfd
         272 s wspmax
         273 s wspmin
         274 s zetamax
         275 s zetamin
         276 wvar_max
         277 wstar
         278 fbmin
         279 zfbmin
 
  ..... end domaindiag code ..... 
 
   next diagtim =    32400.0000000000     
 cflmax,ksmax,dt,nsound:  0.9599  0.0008    11.1093   14
          2491              0.333462 day 
 cflmax,ksmax,dt,nsound:  1.0000  0.0008    11.5733   14
          2492              0.333596 day 
 cflmax,ksmax,dt,nsound:  1.0000  0.0008    11.5733   14
          2493              0.333730 day 
 cflmax,ksmax,dt,nsound:  1.0000  0.0008    11.5733   14
          2494              0.333864 day 
 cflmax,ksmax,dt,nsound:  1.0000  0.0008    11.5734   14
          2495              0.333998 day 
 cflmax,ksmax,dt,nsound:  1.0000  0.0008    11.5734   14
          2496              0.334132 day 
 cflmax,ksmax,dt,nsound:  1.0000  0.0008    11.5734   14
          2497              0.334266 day 
 cflmax,ksmax,dt,nsound:  1.0000  0.0008    11.5735   14
          2498              0.334400 day 
 cflmax,ksmax,dt,nsound:  1.0000  0.0008    11.5735   14
          2499              0.334534 day 
 cflmax,ksmax,dt,nsound:  1.0000  0.0008    11.5735   14
          2500              0.334667 day 
 cflmax,ksmax,dt,nsound:  1.0000  0.0008    11.5735   14
          2501              0.334801 day 
 cflmax,ksmax,dt,nsound:  1.0000  0.0008    11.5734   14
          2502              0.334935 day 
 cflmax,ksmax,dt,nsound:  1.0000  0.0008    11.5734   14
          2503              0.335069 day 
 cflmax,ksmax,dt,nsound:  1.0000  0.0008    11.5734   14
          2504              0.335203 day 
 cflmax,ksmax,dt,nsound:  1.0000  0.0008    11.5734   14
          2505              0.335337 day 
 cflmax,ksmax,dt,nsound:  1.0000  0.0008    11.5734   14
          2506              0.335471 day 
 cflmax,ksmax,dt,nsound:  1.0000  0.0008    11.5734   14
          2507              0.335605 day 
 cflmax,ksmax,dt,nsound:  1.0000  0.0008    11.5734   14
          2508              0.335739 day 
 cflmax,ksmax,dt,nsound:  1.0000  0.0008    11.5734   14
          2509              0.335873 day 
 cflmax,ksmax,dt,nsound:  1.0000  0.0008    11.5734   14
          2510              0.336007 day 
 cflmax,ksmax,dt,nsound:  1.0000  0.0008    11.5734   14
          2511              0.336141 day 
 cflmax,ksmax,dt,nsound:  1.0000  0.0008    11.5734   14
          2512              0.336275 day 
 cflmax,ksmax,dt,nsound:  1.0000  0.0008    11.5734   14
          2513              0.336409 day 
 cflmax,ksmax,dt,nsound:  1.0000  0.0008    11.5734   14
          2514              0.336543 day 
 cflmax,ksmax,dt,nsound:  1.0000  0.0008    11.5735   14
          2515              0.336677 day 
   dorad =  T
 cflmax,ksmax,dt,nsound:  1.0000  0.0008    11.5735   14
 
 Entering RADIATION_DRIVER 
   rrtmg_lwrad 
   rrtmg_swrad 
 Leaving RADIATION_DRIVER 
 
          2516              0.336811 day 
 cflmax,ksmax,dt,nsound:  1.0000  0.0008    11.5735   14
          2517              0.336945 day 
 cflmax,ksmax,dt,nsound:  1.0000  0.0008    11.5735   14
          2518              0.337079 day 
 cflmax,ksmax,dt,nsound:  1.0000  0.0008    11.5736   14
          2519              0.337213 day 
 cflmax,ksmax,dt,nsound:  1.0000  0.0008    11.5736   14
          2520              0.337346 day 
 cflmax,ksmax,dt,nsound:  1.0000  0.0008    11.5736   14
          2521              0.337480 day 
 cflmax,ksmax,dt,nsound:  1.0000  0.0008    11.5736   14
          2522              0.337614 day 
 cflmax,ksmax,dt,nsound:  1.0000  0.0008    11.5736   14
          2523              0.337748 day 
 cflmax,ksmax,dt,nsound:  1.0000  0.0008    11.5736   14
          2524              0.337882 day 
 cflmax,ksmax,dt,nsound:  1.0000  0.0008    11.5736   14
          2525              0.338016 day 
 cflmax,ksmax,dt,nsound:  1.0000  0.0008    11.5735   14
          2526              0.338150 day 
 cflmax,ksmax,dt,nsound:  1.0000  0.0008    11.5735   14
          2527              0.338284 day 
 cflmax,ksmax,dt,nsound:  1.0000  0.0008    11.5734   14
          2528              0.338418 day 
 cflmax,ksmax,dt,nsound:  1.0000  0.0008    11.5734   14
          2529              0.338552 day 
 cflmax,ksmax,dt,nsound:  1.0000  0.0008    11.5734   14
          2530              0.338686 day 
 cflmax,ksmax,dt,nsound:  1.0000  0.0008    11.5733   14
          2531              0.338820 day 
 cflmax,ksmax,dt,nsound:  1.0000  0.0008    11.5733   14
          2532              0.338954 day 
 cflmax,ksmax,dt,nsound:  1.0000  0.0008    11.5733   14
          2533              0.339088 day 
 cflmax,ksmax,dt,nsound:  1.0000  0.0008    11.5732   14
          2534              0.339222 day 
 cflmax,ksmax,dt,nsound:  1.0000  0.0008    11.5732   14
          2535              0.339356 day 
 cflmax,ksmax,dt,nsound:  1.0000  0.0008    11.5732   14
          2536              0.339490 day 
 cflmax,ksmax,dt,nsound:  1.0000  0.0008    11.5732   14
          2537              0.339624 day 
 cflmax,ksmax,dt,nsound:  1.0000  0.0008    11.5732   14
          2538              0.339758 day 
 cflmax,ksmax,dt,nsound:  1.0000  0.0008    11.5732   14
          2539              0.339892 day 
 cflmax,ksmax,dt,nsound:  1.0000  0.0008    11.5732   14
          2540              0.340026 day 
 cflmax,ksmax,dt,nsound:  1.0000  0.0008    11.5732   14
          2541              0.340159 day 
   dorad =  T
 cflmax,ksmax,dt,nsound:  1.0000  0.0008    11.5732   14
 
 Entering RADIATION_DRIVER 
   rrtmg_lwrad 
   rrtmg_swrad 
 Leaving RADIATION_DRIVER 
 
          2542              0.340293 day 
 cflmax,ksmax,dt,nsound:  1.0000  0.0008    11.5732   14
          2543              0.340427 day 
 cflmax,ksmax,dt,nsound:  1.0000  0.0008    11.5732   14
          2544              0.340561 day 
 cflmax,ksmax,dt,nsound:  1.0000  0.0008    11.5732   14
          2545              0.340695 day 
 cflmax,ksmax,dt,nsound:  1.0000  0.0008    11.5732   14
          2546              0.340829 day 
 cflmax,ksmax,dt,nsound:  1.0000  0.0008    11.5732   14
          2547              0.340963 day 
 cflmax,ksmax,dt,nsound:  1.0000  0.0008    11.5732   14
          2548              0.341097 day 
 cflmax,ksmax,dt,nsound:  1.0000  0.0008    11.5732   14
          2549              0.341231 day 
 cflmax,ksmax,dt,nsound:  1.0000  0.0008    11.5731   14
          2550              0.341365 day 
 cflmax,ksmax,dt,nsound:  1.0000  0.0008    11.5731   14
          2551              0.341499 day 
 cflmax,ksmax,dt,nsound:  1.0000  0.0008    11.5731   14
          2552              0.341633 day 
 cflmax,ksmax,dt,nsound:  1.0000  0.0008    11.5731   14
          2553              0.341767 day 
 cflmax,ksmax,dt,nsound:  1.0000  0.0008    11.5730   14
          2554              0.341901 day 
 cflmax,ksmax,dt,nsound:  1.0000  0.0008    11.5730   14
          2555              0.342035 day 
 cflmax,ksmax,dt,nsound:  1.0000  0.0008    11.5730   14
          2556              0.342169 day 
 cflmax,ksmax,dt,nsound:  1.0000  0.0008    11.5730   14
          2557              0.342303 day 
 cflmax,ksmax,dt,nsound:  1.0000  0.0008    11.5730   14
          2558              0.342437 day 
 cflmax,ksmax,dt,nsound:  1.0000  0.0008    11.5730   14
          2559              0.342571 day 
 cflmax,ksmax,dt,nsound:  1.0000  0.0008    11.5730   14
          2560              0.342705 day 
 cflmax,ksmax,dt,nsound:  1.0000  0.0008    11.5730   14
          2561              0.342838 day 
 cflmax,ksmax,dt,nsound:  1.0000  0.0008    11.5730   14
          2562              0.342972 day 
 cflmax,ksmax,dt,nsound:  1.0000  0.0008    11.5730   14
          2563              0.343106 day 
 cflmax,ksmax,dt,nsound:  1.0000  0.0008    11.5730   14
          2564              0.343240 day 
 cflmax,ksmax,dt,nsound:  1.0000  0.0008    11.5730   14
          2565              0.343374 day 
 cflmax,ksmax,dt,nsound:  1.0000  0.0008    11.5730   14
          2566              0.343508 day 
 cflmax,ksmax,dt,nsound:  1.0000  0.0008    11.5731   14
          2567              0.343642 day 
   dorad =  T
 cflmax,ksmax,dt,nsound:  1.0000  0.0008    11.5731   14
 
 Entering RADIATION_DRIVER 
   rrtmg_lwrad 
   rrtmg_swrad 
 Leaving RADIATION_DRIVER 
 
          2568              0.343776 day 
 cflmax,ksmax,dt,nsound:  1.0000  0.0008    11.5731   14
          2569              0.343910 day 
 cflmax,ksmax,dt,nsound:  1.0000  0.0008    11.5731   14
          2570              0.344044 day 
 cflmax,ksmax,dt,nsound:  1.0000  0.0008    11.5732   14
          2571              0.344178 day 
 cflmax,ksmax,dt,nsound:  1.0000  0.0008    11.5732   14
          2572              0.344312 day 
 cflmax,ksmax,dt,nsound:  1.0000  0.0008    11.5733   14
          2573              0.344446 day 
 cflmax,ksmax,dt,nsound:  1.0000  0.0008    11.5733   14
          2574              0.344580 day 
 cflmax,ksmax,dt,nsound:  1.0000  0.0008    11.5733   14
          2575              0.344714 day 
 cflmax,ksmax,dt,nsound:  1.0000  0.0008    11.5734   14
          2576              0.344848 day 
 cflmax,ksmax,dt,nsound:  1.0000  0.0008    11.5734   14
          2577              0.344982 day 
 cflmax,ksmax,dt,nsound:  1.0000  0.0008    11.5734   14
          2578              0.345116 day 
 cflmax,ksmax,dt,nsound:  1.0000  0.0008    11.5734   14
          2579              0.345250 day 
 cflmax,ksmax,dt,nsound:  1.0000  0.0008    11.5734   14
          2580              0.345383 day 
 cflmax,ksmax,dt,nsound:  1.0000  0.0008    11.5734   14
          2581              0.345517 day 
 cflmax,ksmax,dt,nsound:  1.0000  0.0008    11.5734   14
          2582              0.345651 day 
 cflmax,ksmax,dt,nsound:  1.0000  0.0008    11.5735   14
          2583              0.345785 day 
 cflmax,ksmax,dt,nsound:  1.0000  0.0008    11.5734   14
          2584              0.345919 day 
 cflmax,ksmax,dt,nsound:  1.0000  0.0008    11.5734   14
          2585              0.346053 day 
 cflmax,ksmax,dt,nsound:  1.0000  0.0008    11.5733   14
          2586              0.346187 day 
 cflmax,ksmax,dt,nsound:  1.0000  0.0008    11.5733   14
          2587              0.346321 day 
 cflmax,ksmax,dt,nsound:  1.0000  0.0008    11.5732   14
          2588              0.346455 day 
 cflmax,ksmax,dt,nsound:  1.0000  0.0008    11.5732   14
          2589              0.346589 day 
 cflmax,ksmax,dt,nsound:  1.0000  0.0008    11.5731   14
          2590              0.346723 day 
 cflmax,ksmax,dt,nsound:  1.0000  0.0008    11.5731   14
          2591              0.346857 day 
 cflmax,ksmax,dt,nsound:  1.0000  0.0008    11.5731   14
          2592              0.346991 day 
 cflmax,ksmax,dt,nsound:  1.0000  0.0008    11.5730   14
          2593              0.347125 day 
   dorad =  T
 cflmax,ksmax,dt,nsound:  1.0000  0.0008    11.5730   14
 
 Entering RADIATION_DRIVER 
   rrtmg_lwrad 
   rrtmg_swrad 
 Leaving RADIATION_DRIVER 
 
          2594              0.347259 day 
 cflmax,ksmax,dt,nsound:  1.0000  0.0008    11.5730   14
          2595              0.347393 day 
 cflmax,ksmax,dt,nsound:  1.0000  0.0008    11.5729   14
          2596              0.347527 day 
 cflmax,ksmax,dt,nsound:  1.0000  0.0008    11.5729   14
          2597              0.347661 day 
 cflmax,ksmax,dt,nsound:  1.0000  0.0008    11.5729   14
          2598              0.347795 day 
 cflmax,ksmax,dt,nsound:  1.0000  0.0008    11.5728   14
          2599              0.347928 day 
 cflmax,ksmax,dt,nsound:  1.0000  0.0008    11.5728   14
          2600              0.348062 day 
 cflmax,ksmax,dt,nsound:  1.0000  0.0008    11.5728   14
          2601              0.348196 day 
 cflmax,ksmax,dt,nsound:  1.0000  0.0008    11.5728   14
          2602              0.348330 day 
 cflmax,ksmax,dt,nsound:  1.0000  0.0008    11.5727   14
          2603              0.348464 day 
 cflmax,ksmax,dt,nsound:  1.0000  0.0008    11.5727   14
          2604              0.348598 day 
 cflmax,ksmax,dt,nsound:  1.0000  0.0008    11.5727   14
          2605              0.348732 day 
 cflmax,ksmax,dt,nsound:  1.0000  0.0008    11.5727   14
          2606              0.348866 day 
 cflmax,ksmax,dt,nsound:  1.0000  0.0008    11.5727   14
          2607              0.349000 day 
 cflmax,ksmax,dt,nsound:  1.0000  0.0008    11.5727   14
          2608              0.349134 day 
 cflmax,ksmax,dt,nsound:  1.0000  0.0008    11.5727   14
          2609              0.349268 day 
 cflmax,ksmax,dt,nsound:  1.0000  0.0008    11.5727   14
          2610              0.349402 day 
 cflmax,ksmax,dt,nsound:  1.0000  0.0008    11.5727   14
          2611              0.349536 day 
 cflmax,ksmax,dt,nsound:  1.0000  0.0008    11.5727   14
          2612              0.349670 day 
 cflmax,ksmax,dt,nsound:  1.0000  0.0008    11.5727   14
          2613              0.349804 day 
 cflmax,ksmax,dt,nsound:  1.0000  0.0008    11.5727   14
          2614              0.349938 day 
 cflmax,ksmax,dt,nsound:  1.0000  0.0008    11.5727   14
          2615              0.350072 day 
 cflmax,ksmax,dt,nsound:  1.0000  0.0008    11.5727   14
          2616              0.350206 day 
 cflmax,ksmax,dt,nsound:  1.0000  0.0008    11.5728   14
          2617              0.350339 day 
 cflmax,ksmax,dt,nsound:  1.0000  0.0008    11.5728   14
          2618              0.350473 day 
 cflmax,ksmax,dt,nsound:  1.0000  0.0008    11.5728   14
          2619              0.350607 day 
   dorad =  T
 cflmax,ksmax,dt,nsound:  1.0000  0.0008    11.5729   14
 
 Entering RADIATION_DRIVER 
   rrtmg_lwrad 
   rrtmg_swrad 
 Leaving RADIATION_DRIVER 
 
          2620              0.350741 day 
 cflmax,ksmax,dt,nsound:  1.0000  0.0008    11.5729   14
          2621              0.350875 day 
 cflmax,ksmax,dt,nsound:  1.0000  0.0008    11.5730   14
          2622              0.351009 day 
 cflmax,ksmax,dt,nsound:  1.0000  0.0008    11.5730   14
          2623              0.351143 day 
 cflmax,ksmax,dt,nsound:  1.0000  0.0008    11.5730   14
          2624              0.351277 day 
 cflmax,ksmax,dt,nsound:  1.0000  0.0008    11.5730   14
          2625              0.351411 day 
 cflmax,ksmax,dt,nsound:  1.0000  0.0008    11.5730   14
          2626              0.351545 day 
 cflmax,ksmax,dt,nsound:  1.0000  0.0008    11.5730   14
          2627              0.351679 day 
 cflmax,ksmax,dt,nsound:  1.0000  0.0008    11.5730   14
          2628              0.351813 day 
 cflmax,ksmax,dt,nsound:  1.0000  0.0008    11.5730   14
          2629              0.351947 day 
 cflmax,ksmax,dt,nsound:  1.0000  0.0008    11.5730   14
          2630              0.352081 day 
 cflmax,ksmax,dt,nsound:  1.0000  0.0008    11.5730   14
          2631              0.352215 day 
 cflmax,ksmax,dt,nsound:  1.0000  0.0008    11.5730   14
          2632              0.352349 day 
 cflmax,ksmax,dt,nsound:  1.0000  0.0008    11.5731   14
          2633              0.352483 day 
 cflmax,ksmax,dt,nsound:  1.0000  0.0008    11.5730   14
          2634              0.352617 day 
 cflmax,ksmax,dt,nsound:  1.0000  0.0008    11.5729   14
          2635              0.352751 day 
 cflmax,ksmax,dt,nsound:  1.0000  0.0008    11.5728   14
          2636              0.352884 day 
 cflmax,ksmax,dt,nsound:  1.0000  0.0008    11.5727   14
          2637              0.353018 day 
 cflmax,ksmax,dt,nsound:  1.0000  0.0008    11.5726   14
          2638              0.353152 day 
 cflmax,ksmax,dt,nsound:  1.0000  0.0008    11.5725   14
          2639              0.353286 day 
 cflmax,ksmax,dt,nsound:  1.0000  0.0008    11.5725   14
          2640              0.353420 day 
 cflmax,ksmax,dt,nsound:  1.0000  0.0008    11.5724   14
          2641              0.353554 day 
 cflmax,ksmax,dt,nsound:  1.0000  0.0008    11.5723   14
          2642              0.353688 day 
 cflmax,ksmax,dt,nsound:  1.0000  0.0008    11.5722   14
          2643              0.353822 day 
 cflmax,ksmax,dt,nsound:  1.0000  0.0008    11.5721   14
          2644              0.353956 day 
 cflmax,ksmax,dt,nsound:  1.0000  0.0008    11.5721   14
          2645              0.354090 day 
   dorad =  T
 cflmax,ksmax,dt,nsound:  1.0000  0.0008    11.5720   14
 
 Entering RADIATION_DRIVER 
   rrtmg_lwrad 
   rrtmg_swrad 
 Leaving RADIATION_DRIVER 
 
          2646              0.354224 day 
 cflmax,ksmax,dt,nsound:  1.0000  0.0008    11.5719   14
          2647              0.354358 day 
 cflmax,ksmax,dt,nsound:  1.0000  0.0008    11.5719   14
          2648              0.354492 day 
 cflmax,ksmax,dt,nsound:  1.0000  0.0008    11.5718   14
          2649              0.354626 day 
 cflmax,ksmax,dt,nsound:  1.0000  0.0008    11.5718   14
          2650              0.354760 day 
 cflmax,ksmax,dt,nsound:  1.0000  0.0008    11.5717   14
          2651              0.354894 day 
 cflmax,ksmax,dt,nsound:  1.0000  0.0008    11.5717   14
          2652              0.355027 day 
 cflmax,ksmax,dt,nsound:  1.0000  0.0008    11.5716   14
          2653              0.355161 day 
 cflmax,ksmax,dt,nsound:  1.0000  0.0008    11.5716   14
          2654              0.355295 day 
 cflmax,ksmax,dt,nsound:  1.0000  0.0008    11.5715   14
          2655              0.355429 day 
 cflmax,ksmax,dt,nsound:  1.0000  0.0008    11.5715   14
          2656              0.355563 day 
 cflmax,ksmax,dt,nsound:  1.0000  0.0008    11.5715   14
          2657              0.355697 day 
 cflmax,ksmax,dt,nsound:  1.0000  0.0008    11.5714   14
          2658              0.355831 day 
 cflmax,ksmax,dt,nsound:  1.0000  0.0008    11.5714   14
          2659              0.355965 day 
 cflmax,ksmax,dt,nsound:  1.0000  0.0008    11.5714   14
          2660              0.356099 day 
 cflmax,ksmax,dt,nsound:  1.0000  0.0008    11.5713   14
          2661              0.356233 day 
 cflmax,ksmax,dt,nsound:  1.0000  0.0008    11.5713   14
          2662              0.356367 day 
 cflmax,ksmax,dt,nsound:  1.0000  0.0008    11.5713   14
          2663              0.356501 day 
 cflmax,ksmax,dt,nsound:  1.0000  0.0008    11.5713   14
          2664              0.356635 day 
 cflmax,ksmax,dt,nsound:  1.0000  0.0008    11.5713   14
          2665              0.356769 day 
 cflmax,ksmax,dt,nsound:  1.0000  0.0008    11.5713   14
          2666              0.356902 day 
 cflmax,ksmax,dt,nsound:  1.0000  0.0008    11.5713   14
          2667              0.357036 day 
 cflmax,ksmax,dt,nsound:  1.0000  0.0008    11.5713   14
          2668              0.357170 day 
 cflmax,ksmax,dt,nsound:  1.0000  0.0008    11.5713   14
          2669              0.357304 day 
 cflmax,ksmax,dt,nsound:  1.0000  0.0008    11.5713   14
          2670              0.357438 day 
 cflmax,ksmax,dt,nsound:  1.0000  0.0008    11.5713   14
          2671              0.357572 day 
   dorad =  T
 cflmax,ksmax,dt,nsound:  1.0000  0.0008    11.5713   14
 
 Entering RADIATION_DRIVER 
   rrtmg_lwrad 
   rrtmg_swrad 
 Leaving RADIATION_DRIVER 
 
          2672              0.357706 day 
 cflmax,ksmax,dt,nsound:  1.0000  0.0008    11.5713   14
          2673              0.357840 day 
 cflmax,ksmax,dt,nsound:  1.0000  0.0008    11.5713   14
          2674              0.357974 day 
 cflmax,ksmax,dt,nsound:  1.0000  0.0008    11.5714   14
          2675              0.358108 day 
 cflmax,ksmax,dt,nsound:  1.0000  0.0008    11.5714   14
          2676              0.358242 day 
 cflmax,ksmax,dt,nsound:  1.0000  0.0009    11.5714   14
          2677              0.358376 day 
 cflmax,ksmax,dt,nsound:  1.0000  0.0009    11.5714   14
          2678              0.358510 day 
 cflmax,ksmax,dt,nsound:  1.0000  0.0008    11.5715   14
          2679              0.358644 day 
 cflmax,ksmax,dt,nsound:  1.0000  0.0008    11.5715   14
          2680              0.358777 day 
 cflmax,ksmax,dt,nsound:  1.0000  0.0008    11.5715   14
          2681              0.358911 day 
 cflmax,ksmax,dt,nsound:  1.0000  0.0008    11.5716   14
          2682              0.359045 day 
 cflmax,ksmax,dt,nsound:  1.0000  0.0008    11.5716   14
          2683              0.359179 day 
 cflmax,ksmax,dt,nsound:  1.0000  0.0008    11.5717   14
          2684              0.359313 day 
 cflmax,ksmax,dt,nsound:  1.0000  0.0009    11.5717   14
          2685              0.359447 day 
 cflmax,ksmax,dt,nsound:  1.0000  0.0009    11.5718   14
          2686              0.359581 day 
 cflmax,ksmax,dt,nsound:  1.0000  0.0008    11.5719   14
          2687              0.359715 day 
 cflmax,ksmax,dt,nsound:  1.0000  0.0008    11.5719   14
          2688              0.359849 day 
 cflmax,ksmax,dt,nsound:  1.0000  0.0008    11.5720   14
          2689              0.359983 day 
 cflmax,ksmax,dt,nsound:  1.0000  0.0008    11.5720   14
          2690              0.360117 day 
 cflmax,ksmax,dt,nsound:  1.0000  0.0008    11.5721   14
          2691              0.360251 day 
 cflmax,ksmax,dt,nsound:  1.0000  0.0008    11.5722   14
          2692              0.360385 day 
 cflmax,ksmax,dt,nsound:  1.0000  0.0008    11.5723   14
          2693              0.360519 day 
 cflmax,ksmax,dt,nsound:  1.0000  0.0008    11.5722   14
          2694              0.360653 day 
 cflmax,ksmax,dt,nsound:  1.0000  0.0008    11.5722   14
          2695              0.360786 day 
 cflmax,ksmax,dt,nsound:  1.0000  0.0008    11.5721   14
          2696              0.360920 day 
 cflmax,ksmax,dt,nsound:  1.0000  0.0008    11.5720   14
          2697              0.361054 day 
   dorad =  T
 cflmax,ksmax,dt,nsound:  1.0000  0.0008    11.5720   14
 
 Entering RADIATION_DRIVER 
   rrtmg_lwrad 
   rrtmg_swrad 
 Leaving RADIATION_DRIVER 
 
          2698              0.361188 day 
 cflmax,ksmax,dt,nsound:  1.0000  0.0008    11.5719   14
          2699              0.361322 day 
 cflmax,ksmax,dt,nsound:  1.0000  0.0008    11.5718   14
          2700              0.361456 day 
 cflmax,ksmax,dt,nsound:  1.0000  0.0008    11.5718   14
          2701              0.361590 day 
 cflmax,ksmax,dt,nsound:  1.0000  0.0008    11.5717   14
          2702              0.361724 day 
 cflmax,ksmax,dt,nsound:  1.0000  0.0008    11.5717   14
          2703              0.361858 day 
 cflmax,ksmax,dt,nsound:  1.0000  0.0008    11.5716   14
          2704              0.361992 day 
 cflmax,ksmax,dt,nsound:  1.0000  0.0008    11.5716   14
          2705              0.362126 day 
 cflmax,ksmax,dt,nsound:  1.0000  0.0008    11.5715   14
          2706              0.362260 day 
 cflmax,ksmax,dt,nsound:  1.0000  0.0008    11.5715   14
          2707              0.362394 day 
 cflmax,ksmax,dt,nsound:  1.0000  0.0008    11.5715   14
          2708              0.362528 day 
 cflmax,ksmax,dt,nsound:  1.0000  0.0008    11.5714   14
          2709              0.362661 day 
 cflmax,ksmax,dt,nsound:  1.0000  0.0008    11.5714   14
          2710              0.362795 day 
 cflmax,ksmax,dt,nsound:  1.0000  0.0008    11.5714   14
          2711              0.362929 day 
 cflmax,ksmax,dt,nsound:  1.0000  0.0008    11.5713   14
          2712              0.363063 day 
 cflmax,ksmax,dt,nsound:  1.0000  0.0008    11.5713   14
          2713              0.363197 day 
 cflmax,ksmax,dt,nsound:  1.0000  0.0008    11.5713   14
          2714              0.363331 day 
 cflmax,ksmax,dt,nsound:  1.0000  0.0008    11.5713   14
          2715              0.363465 day 
 cflmax,ksmax,dt,nsound:  1.0000  0.0008    11.5712   14
          2716              0.363599 day 
 cflmax,ksmax,dt,nsound:  1.0000  0.0008    11.5712   14
          2717              0.363733 day 
 cflmax,ksmax,dt,nsound:  1.0000  0.0008    11.5712   14
          2718              0.363867 day 
 cflmax,ksmax,dt,nsound:  1.0000  0.0008    11.5712   14
          2719              0.364001 day 
 cflmax,ksmax,dt,nsound:  1.0000  0.0008    11.5712   14
          2720              0.364135 day 
 cflmax,ksmax,dt,nsound:  1.0000  0.0008    11.5712   14
          2721              0.364269 day 
 cflmax,ksmax,dt,nsound:  1.0000  0.0008    11.5712   14
          2722              0.364403 day 
 cflmax,ksmax,dt,nsound:  1.0000  0.0008    11.5712   14
          2723              0.364536 day 
   dorad =  T
 cflmax,ksmax,dt,nsound:  1.0000  0.0008    11.5712   14
 
 Entering RADIATION_DRIVER 
   rrtmg_lwrad 
   rrtmg_swrad 
 Leaving RADIATION_DRIVER 
 
          2724              0.364670 day 
 cflmax,ksmax,dt,nsound:  1.0000  0.0008    11.5712   14
          2725              0.364804 day 
 cflmax,ksmax,dt,nsound:  1.0000  0.0008    11.5713   14
          2726              0.364938 day 
 cflmax,ksmax,dt,nsound:  1.0000  0.0008    11.5713   14
          2727              0.365072 day 
 cflmax,ksmax,dt,nsound:  1.0000  0.0008    11.5713   14
          2728              0.365206 day 
 cflmax,ksmax,dt,nsound:  1.0000  0.0008    11.5713   14
          2729              0.365340 day 
 cflmax,ksmax,dt,nsound:  1.0000  0.0008    11.5714   14
          2730              0.365474 day 
 cflmax,ksmax,dt,nsound:  1.0000  0.0008    11.5714   14
          2731              0.365608 day 
 cflmax,ksmax,dt,nsound:  1.0000  0.0008    11.5714   14
          2732              0.365742 day 
 cflmax,ksmax,dt,nsound:  1.0000  0.0008    11.5715   14
          2733              0.365876 day 
 cflmax,ksmax,dt,nsound:  1.0000  0.0008    11.5715   14
          2734              0.366010 day 
 cflmax,ksmax,dt,nsound:  1.0000  0.0008    11.5714   14
          2735              0.366144 day 
 cflmax,ksmax,dt,nsound:  1.0000  0.0008    11.5714   14
          2736              0.366278 day 
 cflmax,ksmax,dt,nsound:  1.0000  0.0008    11.5713   14
          2737              0.366411 day 
 cflmax,ksmax,dt,nsound:  1.0000  0.0008    11.5713   14
          2738              0.366545 day 
 cflmax,ksmax,dt,nsound:  1.0000  0.0008    11.5712   14
          2739              0.366679 day 
 cflmax,ksmax,dt,nsound:  1.0000  0.0008    11.5711   14
          2740              0.366813 day 
 cflmax,ksmax,dt,nsound:  1.0000  0.0008    11.5711   14
          2741              0.366947 day 
 cflmax,ksmax,dt,nsound:  1.0000  0.0008    11.5710   14
          2742              0.367081 day 
 cflmax,ksmax,dt,nsound:  1.0000  0.0008    11.5710   14
          2743              0.367215 day 
 cflmax,ksmax,dt,nsound:  1.0000  0.0008    11.5709   14
          2744              0.367349 day 
 cflmax,ksmax,dt,nsound:  1.0000  0.0008    11.5709   14
          2745              0.367483 day 
 cflmax,ksmax,dt,nsound:  1.0000  0.0008    11.5708   14
          2746              0.367617 day 
 cflmax,ksmax,dt,nsound:  1.0000  0.0008    11.5708   14
          2747              0.367751 day 
 cflmax,ksmax,dt,nsound:  1.0000  0.0008    11.5707   14
          2748              0.367885 day 
 cflmax,ksmax,dt,nsound:  1.0000  0.0008    11.5707   14
          2749              0.368019 day 
   dorad =  T
 cflmax,ksmax,dt,nsound:  1.0000  0.0008    11.5706   14
 
 Entering RADIATION_DRIVER 
   rrtmg_lwrad 
   rrtmg_swrad 
 Leaving RADIATION_DRIVER 
 
          2750              0.368152 day 
 cflmax,ksmax,dt,nsound:  1.0000  0.0008    11.5706   14
          2751              0.368286 day 
 cflmax,ksmax,dt,nsound:  1.0000  0.0008    11.5705   14
          2752              0.368420 day 
 cflmax,ksmax,dt,nsound:  1.0000  0.0008    11.5705   14
          2753              0.368554 day 
 cflmax,ksmax,dt,nsound:  1.0000  0.0008    11.5704   14
          2754              0.368688 day 
 cflmax,ksmax,dt,nsound:  1.0000  0.0008    11.5704   14
          2755              0.368822 day 
 cflmax,ksmax,dt,nsound:  1.0000  0.0008    11.5703   14
          2756              0.368956 day 
 cflmax,ksmax,dt,nsound:  1.0000  0.0008    11.5703   14
          2757              0.369090 day 
 cflmax,ksmax,dt,nsound:  1.0000  0.0008    11.5702   14
          2758              0.369224 day 
 cflmax,ksmax,dt,nsound:  1.0000  0.0008    11.5702   14
          2759              0.369358 day 
 cflmax,ksmax,dt,nsound:  1.0000  0.0008    11.5702   14
          2760              0.369492 day 
 cflmax,ksmax,dt,nsound:  1.0000  0.0008    11.5701   14
          2761              0.369626 day 
 cflmax,ksmax,dt,nsound:  1.0000  0.0008    11.5701   14
          2762              0.369759 day 
 cflmax,ksmax,dt,nsound:  1.0000  0.0008    11.5701   14
          2763              0.369893 day 
 cflmax,ksmax,dt,nsound:  1.0000  0.0008    11.5700   14
          2764              0.370027 day 
 cflmax,ksmax,dt,nsound:  1.0000  0.0008    11.5700   14
          2765              0.370161 day 
 cflmax,ksmax,dt,nsound:  1.0000  0.0008    11.5700   14
          2766              0.370295 day 
 cflmax,ksmax,dt,nsound:  1.0000  0.0008    11.5700   14
          2767              0.370429 day 
 cflmax,ksmax,dt,nsound:  1.0000  0.0008    11.5700   14
          2768              0.370563 day 
 cflmax,ksmax,dt,nsound:  1.0000  0.0008    11.5700   14
          2769              0.370697 day 
 cflmax,ksmax,dt,nsound:  1.0000  0.0008    11.5699   14
          2770              0.370831 day 
 cflmax,ksmax,dt,nsound:  1.0000  0.0008    11.5699   14
          2771              0.370965 day 
 cflmax,ksmax,dt,nsound:  1.0000  0.0008    11.5699   14
          2772              0.371099 day 
 cflmax,ksmax,dt,nsound:  1.0000  0.0008    11.5700   14
          2773              0.371232 day 
 cflmax,ksmax,dt,nsound:  1.0000  0.0008    11.5700   14
          2774              0.371366 day 
 cflmax,ksmax,dt,nsound:  1.0000  0.0008    11.5700   14
          2775              0.371500 day 
   dorad =  T
 cflmax,ksmax,dt,nsound:  1.0000  0.0008    11.5700   14
 
 Entering RADIATION_DRIVER 
   rrtmg_lwrad 
   rrtmg_swrad 
 Leaving RADIATION_DRIVER 
 
          2776              0.371634 day 
 cflmax,ksmax,dt,nsound:  1.0000  0.0008    11.5700   14
          2777              0.371768 day 
 cflmax,ksmax,dt,nsound:  1.0000  0.0008    11.5700   14
          2778              0.371902 day 
 cflmax,ksmax,dt,nsound:  1.0000  0.0008    11.5700   14
          2779              0.372036 day 
 cflmax,ksmax,dt,nsound:  1.0000  0.0008    11.5701   14
          2780              0.372170 day 
 cflmax,ksmax,dt,nsound:  1.0000  0.0008    11.5701   14
          2781              0.372304 day 
 cflmax,ksmax,dt,nsound:  1.0000  0.0008    11.5701   14
          2782              0.372438 day 
 cflmax,ksmax,dt,nsound:  1.0000  0.0008    11.5702   14
          2783              0.372572 day 
 cflmax,ksmax,dt,nsound:  1.0000  0.0008    11.5702   14
          2784              0.372706 day 
 cflmax,ksmax,dt,nsound:  1.0000  0.0008    11.5703   14
          2785              0.372839 day 
 cflmax,ksmax,dt,nsound:  1.0000  0.0008    11.5703   14
          2786              0.372973 day 
 cflmax,ksmax,dt,nsound:  1.0000  0.0008    11.5704   14
          2787              0.373107 day 
 cflmax,ksmax,dt,nsound:  1.0000  0.0008    11.5704   14
          2788              0.373241 day 
 cflmax,ksmax,dt,nsound:  1.0000  0.0008    11.5705   14
          2789              0.373375 day 
 cflmax,ksmax,dt,nsound:  1.0000  0.0008    11.5705   14
          2790              0.373509 day 
 cflmax,ksmax,dt,nsound:  1.0000  0.0008    11.5706   14
          2791              0.373643 day 
 cflmax,ksmax,dt,nsound:  1.0000  0.0009    11.5707   14
          2792              0.373777 day 
 cflmax,ksmax,dt,nsound:  1.0000  0.0008    11.5707   14
          2793              0.373911 day 
 cflmax,ksmax,dt,nsound:  1.0000  0.0008    11.5708   14
          2794              0.374045 day 
 cflmax,ksmax,dt,nsound:  1.0000  0.0008    11.5709   14
          2795              0.374179 day 
 cflmax,ksmax,dt,nsound:  1.0000  0.0008    11.5710   14
          2796              0.374313 day 
 cflmax,ksmax,dt,nsound:  1.0000  0.0008    11.5711   14
          2797              0.374446 day 
 cflmax,ksmax,dt,nsound:  1.0000  0.0008    11.5712   14
          2798              0.374580 day 
 cflmax,ksmax,dt,nsound:  1.0000  0.0008    11.5712   14
   Note: setting dt based on upcoming stat time 
   Note: setting dt based on upcoming diag time 
          2799              0.374714 day 
 cflmax,ksmax,dt,nsound:  0.7110  0.0006     8.2277   10
   Note: setting dt based on upcoming stat time 
   Note: setting dt based on upcoming diag time 
          2800              0.374810 day 
 cflmax,ksmax,dt,nsound:  0.7110  0.0006     8.2277   10
   Note: setting dt based on upcoming stat time 
   Note: setting dt based on upcoming diag time 
          2801              0.374905 day 
   dorad =  T
   getvt =  T
   Getting dbz ... 
   dotbud =  T
   doqbud =  T
   doubud =  T
   dovbud =  T
   dowbud =  T
 cflmax,ksmax,dt,nsound:  0.7110  0.0006     8.2277   10
   Getting fall velocities for Morrison MP scheme 
 
 Entering RADIATION_DRIVER 
   rrtmg_lwrad 
   rrtmg_swrad 
 Leaving RADIATION_DRIVER 
 
  WMAX  :  0.571477E-01  782  485   30    WMIN  : -0.558488E-01  302  424   28
  UMAX  :   11.9282       51  498    9    UMIN  :  -43.2095      621   29   41
  SUMAX :   5.56818      877  349    1    SUMIN :   5.36319      675   54    1
  VMAX  :  0.929497      681   53    2    VMIN  : -0.979762E-01  257   34   44
  SVMAX :  0.898365      893  465    1    SVMIN :  0.737707      412    3    1
  PPIMAX: -0.155704E-04  631  316    1    PPIMIN: -0.722554E-03   59  122   37
  PPMAX :  -5.50000       99    1    1    PPMIN :  -97.5664      390   54   19
  THPMAX:   1.25882      677  261   45    THPMIN:  -1.65649      361   53   58
  STHPMX:  -1.35947      962   54    1    STHPMN:  -1.38128      677   54    1
  MAXqv :  0.220476E-01  677   54    1    MINqv :  0.301792E-05  657   85   42
  MAXqc :   0.00000        1    1    1    MINqc :   0.00000        1    1    1
  MAXqr :   0.00000        1    1    1    MINqr :   0.00000        1    1    1
  MAXqi :   0.00000        1    1    1    MINqi :   0.00000        1    1    1
  MAXqs :   0.00000        1    1    1    MINqs :   0.00000        1    1    1
  MAXqg :   0.00000        1    1    1    MINqg :   0.00000        1    1    1
  MAXnci:   0.00000        1    1    1    MINnci:   0.00000        1    1    1
  MAXncs:   0.00000        1    1    1    MINncs:   0.00000        1    1    1
  MAXncr:   0.00000        1    1    1    MINncr:   0.00000        1    1    1
  MAXncg:   0.00000        1    1    1    MINncg:   0.00000        1    1    1
  PRATMX:   0.00000        1    1    1    PRATMN:   0.00000        1    1    1
  KMHMAX:   0.00000        1    1    1    KMHMIN:   0.00000        1    1    1
  KMVMAX:   12.6778      679   54    5    KMVMIN:   0.00000        1    1   66
  KHHMAX:   0.00000        1    1    1    KHHMIN:   0.00000        1    1    1
  KHVMAX:   12.6778      679   54    5    KHVMIN:   0.00000        1    1   66
  DIVMAX:  0.596654E-06  758  425    4    DIVMIN: -0.692218E-06  217  102    3
  RHMAX :  0.964187      494  221    5    RHMIN :  0.302554E-02  532   14   65
  RHIMAX:  0.905446       67  265   33    RHIMIN:  0.536168E-02  532   14   65
  THEMAX:   366.089      677   54    1    THEMIN:   318.844      814  435   18
  STHEMX:   366.089      677   54    1    STHEMN:   365.913      338  309    1
  QCTOP :      0.000000    1    1    1    QCBOT :      0.000000    1    1    1
  SFPMAX:   100714.       99    1    1    SFPMIN:   100713.       48    1    1
  PSFCMX:   100996.      124  120    1    PSFCMN:   100996.        2  110    1
  WSPMAX:   43.2094      620   29   41    WSPMIN:  0.446199      380  240   16
  SWSPMX:   5.62285      679  415    1    SWSPMN:   5.42837      674   54    1
  10MWMX:   5.24008      679  415    1    10MWMN:   5.06097      674   54    1
  HPBLMX:   509.352      911   99    1    HPBLMN:   498.281      682   53    1
  CFLMAX:      0.996523  620   29   41
  KSHMAX:   0.00000        0    0    0
  KSVMAX:  0.836659E-02  650  371    4
  VORSFC:  0.206568E-03
  VOR1KM:  0.264242E-03
  VOR2KM:  0.875054E-04
  VOR3KM:  0.839338E-04
  VOR4KM:  0.124420E-03
  VOR5KM:  0.629831E-04
  TMASS :  0.132247E+16
  TMOIS :  0.575717E+13
  qv MAS:  0.575717E+13
  qc MAS:  0.000000E+00
  qr MAS:  0.000000E+00
  qi MAS:  0.000000E+00
  qs MAS:  0.000000E+00
  qg MAS:  0.000000E+00
  TENERG:  0.342854E+21
  TMU   : -0.619625E+16
  TMV   :  0.765847E+14
  TMW   : -0.468487E+12
  TMFU  :  0.654397E+10
  TMFD  : -0.756782E+10
  tcond :  0.000000E+00
  tevac :  0.000000E+00
  tauto :  0.000000E+00
  taccr :  0.000000E+00
  tevar :  0.000000E+00
  train :  0.000000E+00
  erain :  0.000000E+00
  qsfc  :  0.612764E+11
  esfc  :  0.209724E+16
  erad  :  0.000000E+00
  asqv  :  0.000000E+00
  asqc  :  0.000000E+00
  asqr  :  0.000000E+00
  asqi  :  0.000000E+00
  asqs  :  0.000000E+00
  asqg  :  0.000000E+00
  asnci :  0.000000E+00
  asncs :  0.000000E+00
  asncr :  0.000000E+00
  asncg :  0.000000E+00
  bsqv  :  0.000000E+00
  bsqc  :  0.000000E+00
  bsqr  :  0.000000E+00
  bsqi  :  0.000000E+00
  bsqs  :  0.000000E+00
  bsqg  :  0.000000E+00
  bsnci :  0.000000E+00
  bsncs :  0.000000E+00
  bsncr :  0.000000E+00
  bsncg :  0.000000E+00
 cm1out_stats.ctl                                                               
                                          
   next stattim =    36000.0000000000     
          2802              0.375000 day 
 
  ..... begin domaindiag code ..... 
 
   nwritet =           10
 cm1out_diag_000010_s.dat                                                       
                                          
 cm1out_diag_000010_w.dat                                                       
                                          
   wloop =            1
           1 mtime
           2 nstep
           3 umove
           4 vmove
           5 domainlocx
           6 domainlocy
           7 ust
           8 stau
           9 znt
          10 tsk
          11 psfc
          12 qsfc
          13 thflux
          14 qvflux
          15 hfx
          16 qfx
          17 u10
          18 v10
          19 s10
          20 t2
          21 q2
          22 th2
          23 cd
          24 ch
          25 cq
          26 hpbl
          27 wspd
          28 zol
          29 br
          30 brcr
          31 phim
          32 phih
          33 psim
          34 psih
          35 tst
          36 qst
          37 mol
          38 rain
          39 prate
          40 cwp
          41 rwp
          42 lwp
          43 pwat
          44 spwr
          45 fwp
          46 iwp
          47 swp
          48 gwp
          49 tcwp
          50 cwpvar
          51 rwpvar
          52 lwpvar
          53 qcfrac_col
          54 qrfrac_col
          55 qlfrac_col
          56 qifrac_col
          57 qtfrac_col
          58 qcb
          59 qrb
          60 qlb
          61 qcbvar
          62 qrbvar
          63 qlbvar
          64 qct
          65 qrt
          66 qlt
          67 qctvar
          68 qrtvar
          69 qltvar
          70 lwupt
          71 lwdnt
          72 lwupb
          73 lwdnb
          74 swupt
          75 swdnt
          76 swupb
          77 swdnb
          78 lwuptc
          79 lwdntc
          80 lwupbc
          81 lwdnbc
          82 swuptc
          83 swdntc
          84 swupbc
          85 swdnbc
          86 lwcf
          87 swcf
          88 cape
          89 cin
          90 lcl
          91 lfc
          92 zmelt
          93 pmelt
          94 s u
          95 w uinterp
          96 s v
          97 w vinterp
          98 w w
          99 s th
         100 w thinterp
         101 s t
         102 s prs
         103 w prsinterp
         104 s rho
         105 w rhointerp
         106 s ppi
         107 s qv
         108 s qc
         109 s qr
         110 s qi
         111 s qs
         112 s qg
         113 s nci
         114 s ncs
         115 s ncr
         116 s ncg
         117 s shv
         118 s shc
         119 s shr
         120 s shi
         121 s shs
         122 s shg
         123 s qliq
         124 s qice
         125 s qt
         126 s dbz
         127 s fc
         128 s fr
         129 s fi
         130 s fs
         131 s fg
         132 s precc
         133 s precr
         134 s preci
         135 s precs
         136 s precg
         137 s prec
         138 s qcfrac
         139 s qrfrac
         140 s qlfrac
         141 s qifrac
         142 s qtfrac
         143 s clw
         144 s cli
         145 s plw
         146 s pli
         147 s thv
         148 s brz
         149 s thl
         150 s the
         151 s rh
         152 s rhi
         153 w dissten
         154 w epst
         155 w nm
         156 w defh
         157 w defv
         158 w kmh
         159 w kmv
         160 w khh
         161 w khv
         162 w pr
         163 w rinum
         164 w grdscl
         165 s wsp
         166 w wspinterp
         167 s wspan
         168 s wspa
         169 s sdwsp
         170 s o3
         171 s swten
         172 s lwten
         173 s swtenc
         174 s lwtenc
         175 s cldfra
         176 s effc
         177 s effr
         178 s effs
         179 s effi
         180 s effg
         181 s effis
         182 w ndws
         183 w ndws2
         184 w dtdz
         185 w dudz
         186 w dvdz
         187 w dsdz
         188 w dqvdz
         189 s ug
         190 s vg
         191 s u0
         192 s v0
         193 s upup
         194 s upupup
         195 s vpvp
         196 s vpvpvp
         197 s wpwp
         198 s upvp
         199 s upwp
         200 s vpwp
         201 s thvarr
         202 w thvarrinterp
         203 s tptptp
         204 s uptp
         205 s vptp
         206 s thvvarr
         207 s thlvarr
         208 s qvvarr
         209 s qpqpqp
         210 s qlvarr
         211 s qtvarr
         212 s wpwptp
         213 s wptptp
         214 w upup_w
         215 w vpvp_w
         216 w wpwp_w
         217 w upvp_w
         218 w upwp_w
         219 w vpwp_w
         220 w wpwpwp
         221 w wpupup
         222 w wpvpvp
         223 w ufr
         224 w ufs
         225 w ufd
         226 w vfr
         227 w vfs
         228 w vfd
         229 w thfr
         230 w thfs
         231 w thfd
         232 w thvfr
         233 w thvfs
         234 w thvfd
         235 w thlfr
         236 w thlfs
         237 w thlfd
         238 w qvfr
         239 w qvfs
         240 w qvfd
         241 w qlfr
         242 w qlfs
         243 w qlfd
         244 w qtfr
         245 w qtfs
         246 w qtfd
         247 s ptb_vturbr
         248 s ptb_vturbs
         249 s ptb_vturbd
         250 s ptb_frc
         251 s qvb_vturbr
         252 s qvb_vturbs
         253 s qvb_vturbd
         254 s qvb_frc
         255 s ub_vturbr
         256 s ub_vturbs
         257 s ub_vturbd
         258 s ub_lspg
         259 s ub_frc
         260 s vb_vturbr
         261 s vb_vturbs
         262 s vb_vturbd
         263 s vb_lspg
         264 s vb_frc
         265 s rtke
         266 w rtke_w
         267 w wprof
         268 w wmax
         269 w wmin
         270 s tmfu
         271 s tmfd
         272 s wspmax
         273 s wspmin
         274 s zetamax
         275 s zetamin
         276 wvar_max
         277 wstar
         278 fbmin
         279 zfbmin
 
  ..... end domaindiag code ..... 
 
   next diagtim =    36000.0000000000     
 cflmax,ksmax,dt,nsound:  0.7821  0.0006     9.0505   12
          2803              0.375105 day 
 cflmax,ksmax,dt,nsound:  0.8603  0.0007     9.9555   12
          2804              0.375220 day 
 cflmax,ksmax,dt,nsound:  0.9464  0.0008    10.9511   14
          2805              0.375347 day 
 cflmax,ksmax,dt,nsound:  1.0000  0.0008    11.5718   14
          2806              0.375481 day 
 cflmax,ksmax,dt,nsound:  1.0000  0.0008    11.5719   14
          2807              0.375615 day 
 cflmax,ksmax,dt,nsound:  1.0000  0.0008    11.5720   14
          2808              0.375749 day 
 cflmax,ksmax,dt,nsound:  1.0000  0.0008    11.5721   14
          2809              0.375882 day 
 cflmax,ksmax,dt,nsound:  1.0000  0.0008    11.5721   14
          2810              0.376016 day 
 cflmax,ksmax,dt,nsound:  1.0000  0.0008    11.5722   14
          2811              0.376150 day 
 cflmax,ksmax,dt,nsound:  1.0000  0.0008    11.5722   14
          2812              0.376284 day 
 cflmax,ksmax,dt,nsound:  1.0000  0.0008    11.5722   14
          2813              0.376418 day 
 cflmax,ksmax,dt,nsound:  1.0000  0.0008    11.5722   14
          2814              0.376552 day 
 cflmax,ksmax,dt,nsound:  1.0000  0.0008    11.5722   14
          2815              0.376686 day 
 cflmax,ksmax,dt,nsound:  1.0000  0.0008    11.5722   14
          2816              0.376820 day 
 cflmax,ksmax,dt,nsound:  1.0000  0.0008    11.5722   14
          2817              0.376954 day 
 cflmax,ksmax,dt,nsound:  1.0000  0.0008    11.5722   14
          2818              0.377088 day 
 cflmax,ksmax,dt,nsound:  1.0000  0.0008    11.5722   14
          2819              0.377222 day 
 cflmax,ksmax,dt,nsound:  1.0000  0.0008    11.5721   14
          2820              0.377356 day 
 cflmax,ksmax,dt,nsound:  1.0000  0.0008    11.5721   14
          2821              0.377490 day 
 cflmax,ksmax,dt,nsound:  1.0000  0.0008    11.5721   14
          2822              0.377624 day 
 cflmax,ksmax,dt,nsound:  1.0000  0.0008    11.5721   14
          2823              0.377758 day 
 cflmax,ksmax,dt,nsound:  1.0000  0.0008    11.5721   14
          2824              0.377892 day 
 cflmax,ksmax,dt,nsound:  1.0000  0.0008    11.5720   14
          2825              0.378025 day 
 cflmax,ksmax,dt,nsound:  1.0000  0.0008    11.5720   14
          2826              0.378159 day 
 cflmax,ksmax,dt,nsound:  1.0000  0.0008    11.5720   14
          2827              0.378293 day 
 cflmax,ksmax,dt,nsound:  1.0000  0.0008    11.5720   14
          2828              0.378427 day 
   dorad =  T
 cflmax,ksmax,dt,nsound:  1.0000  0.0008    11.5720   14
 
 Entering RADIATION_DRIVER 
   rrtmg_lwrad 
   rrtmg_swrad 
 Leaving RADIATION_DRIVER 
 
          2829              0.378561 day 
 cflmax,ksmax,dt,nsound:  1.0000  0.0008    11.5720   14
          2830              0.378695 day 
 cflmax,ksmax,dt,nsound:  1.0000  0.0008    11.5720   14
          2831              0.378829 day 
 cflmax,ksmax,dt,nsound:  1.0000  0.0008    11.5719   14
          2832              0.378963 day 
 cflmax,ksmax,dt,nsound:  1.0000  0.0008    11.5719   14
          2833              0.379097 day 
 cflmax,ksmax,dt,nsound:  1.0000  0.0008    11.5719   14
          2834              0.379231 day 
 cflmax,ksmax,dt,nsound:  1.0000  0.0008    11.5719   14
          2835              0.379365 day 
 cflmax,ksmax,dt,nsound:  1.0000  0.0008    11.5718   14
          2836              0.379499 day 
 cflmax,ksmax,dt,nsound:  1.0000  0.0008    11.5718   14
          2837              0.379633 day 
 cflmax,ksmax,dt,nsound:  1.0000  0.0008    11.5718   14
          2838              0.379767 day 
 cflmax,ksmax,dt,nsound:  1.0000  0.0008    11.5718   14
          2839              0.379901 day 
 cflmax,ksmax,dt,nsound:  1.0000  0.0008    11.5717   14
          2840              0.380034 day 
 cflmax,ksmax,dt,nsound:  1.0000  0.0008    11.5717   14
          2841              0.380168 day 
 cflmax,ksmax,dt,nsound:  1.0000  0.0008    11.5717   14
          2842              0.380302 day 
 cflmax,ksmax,dt,nsound:  1.0000  0.0008    11.5717   14
          2843              0.380436 day 
 cflmax,ksmax,dt,nsound:  1.0000  0.0008    11.5717   14
          2844              0.380570 day 
 cflmax,ksmax,dt,nsound:  1.0000  0.0008    11.5717   14
          2845              0.380704 day 
 cflmax,ksmax,dt,nsound:  1.0000  0.0008    11.5716   14
          2846              0.380838 day 
 cflmax,ksmax,dt,nsound:  1.0000  0.0008    11.5716   14
          2847              0.380972 day 
 cflmax,ksmax,dt,nsound:  1.0000  0.0008    11.5716   14
          2848              0.381106 day 
 cflmax,ksmax,dt,nsound:  1.0000  0.0008    11.5716   14
          2849              0.381240 day 
 cflmax,ksmax,dt,nsound:  1.0000  0.0008    11.5716   14
          2850              0.381374 day 
 cflmax,ksmax,dt,nsound:  1.0000  0.0008    11.5716   14
          2851              0.381508 day 
 cflmax,ksmax,dt,nsound:  1.0000  0.0008    11.5717   14
          2852              0.381642 day 
 cflmax,ksmax,dt,nsound:  1.0000  0.0008    11.5717   14
          2853              0.381776 day 
 cflmax,ksmax,dt,nsound:  1.0000  0.0008    11.5717   14
          2854              0.381909 day 
   dorad =  T
 cflmax,ksmax,dt,nsound:  1.0000  0.0008    11.5716   14
 
 Entering RADIATION_DRIVER 
   rrtmg_lwrad 
   rrtmg_swrad 
 Leaving RADIATION_DRIVER 
 
          2855              0.382043 day 
 cflmax,ksmax,dt,nsound:  1.0000  0.0008    11.5716   14
          2856              0.382177 day 
 cflmax,ksmax,dt,nsound:  1.0000  0.0008    11.5715   14
          2857              0.382311 day 
 cflmax,ksmax,dt,nsound:  1.0000  0.0008    11.5715   14
          2858              0.382445 day 
 cflmax,ksmax,dt,nsound:  1.0000  0.0008    11.5714   14
          2859              0.382579 day 
 cflmax,ksmax,dt,nsound:  1.0000  0.0008    11.5714   14
          2860              0.382713 day 
 cflmax,ksmax,dt,nsound:  1.0000  0.0008    11.5713   14
          2861              0.382847 day 
 cflmax,ksmax,dt,nsound:  1.0000  0.0008    11.5713   14
          2862              0.382981 day 
 cflmax,ksmax,dt,nsound:  1.0000  0.0009    11.5712   14
          2863              0.383115 day 
 cflmax,ksmax,dt,nsound:  1.0000  0.0008    11.5712   14
          2864              0.383249 day 
 cflmax,ksmax,dt,nsound:  1.0000  0.0008    11.5712   14
          2865              0.383383 day 
 cflmax,ksmax,dt,nsound:  1.0000  0.0008    11.5711   14
          2866              0.383517 day 
 cflmax,ksmax,dt,nsound:  1.0000  0.0008    11.5711   14
          2867              0.383651 day 
 cflmax,ksmax,dt,nsound:  1.0000  0.0008    11.5711   14
          2868              0.383785 day 
 cflmax,ksmax,dt,nsound:  1.0000  0.0008    11.5710   14
          2869              0.383918 day 
 cflmax,ksmax,dt,nsound:  1.0000  0.0008    11.5710   14
          2870              0.384052 day 
 cflmax,ksmax,dt,nsound:  1.0000  0.0008    11.5710   14
          2871              0.384186 day 
 cflmax,ksmax,dt,nsound:  1.0000  0.0008    11.5709   14
          2872              0.384320 day 
 cflmax,ksmax,dt,nsound:  1.0000  0.0008    11.5709   14
          2873              0.384454 day 
 cflmax,ksmax,dt,nsound:  1.0000  0.0008    11.5709   14
          2874              0.384588 day 
 cflmax,ksmax,dt,nsound:  1.0000  0.0008    11.5709   14
          2875              0.384722 day 
 cflmax,ksmax,dt,nsound:  1.0000  0.0008    11.5709   14
          2876              0.384856 day 
 cflmax,ksmax,dt,nsound:  1.0000  0.0008    11.5708   14
          2877              0.384990 day 
 cflmax,ksmax,dt,nsound:  1.0000  0.0008    11.5708   14
          2878              0.385124 day 
 cflmax,ksmax,dt,nsound:  1.0000  0.0008    11.5708   14
          2879              0.385258 day 
 cflmax,ksmax,dt,nsound:  1.0000  0.0008    11.5708   14
          2880              0.385392 day 
   dorad =  T
 cflmax,ksmax,dt,nsound:  1.0000  0.0008    11.5708   14
 
 Entering RADIATION_DRIVER 
   rrtmg_lwrad 
   rrtmg_swrad 
 Leaving RADIATION_DRIVER 
 
          2881              0.385525 day 
 cflmax,ksmax,dt,nsound:  1.0000  0.0008    11.5709   14
          2882              0.385659 day 
 cflmax,ksmax,dt,nsound:  1.0000  0.0008    11.5709   14
          2883              0.385793 day 
 cflmax,ksmax,dt,nsound:  1.0000  0.0008    11.5709   14
          2884              0.385927 day 
 cflmax,ksmax,dt,nsound:  1.0000  0.0008    11.5709   14
          2885              0.386061 day 
 cflmax,ksmax,dt,nsound:  1.0000  0.0008    11.5709   14
          2886              0.386195 day 
 cflmax,ksmax,dt,nsound:  1.0000  0.0008    11.5709   14
          2887              0.386329 day 
 cflmax,ksmax,dt,nsound:  1.0000  0.0008    11.5710   14
          2888              0.386463 day 
 cflmax,ksmax,dt,nsound:  1.0000  0.0008    11.5710   14
          2889              0.386597 day 
 cflmax,ksmax,dt,nsound:  1.0000  0.0008    11.5710   14
          2890              0.386731 day 
 cflmax,ksmax,dt,nsound:  1.0000  0.0009    11.5711   14
          2891              0.386865 day 
 cflmax,ksmax,dt,nsound:  1.0000  0.0008    11.5711   14
          2892              0.386999 day 
 cflmax,ksmax,dt,nsound:  1.0000  0.0008    11.5711   14
          2893              0.387133 day 
 cflmax,ksmax,dt,nsound:  1.0000  0.0008    11.5712   14
          2894              0.387266 day 
 cflmax,ksmax,dt,nsound:  1.0000  0.0008    11.5712   14
          2895              0.387400 day 
 cflmax,ksmax,dt,nsound:  1.0000  0.0008    11.5713   14
          2896              0.387534 day 
 cflmax,ksmax,dt,nsound:  1.0000  0.0008    11.5714   14
          2897              0.387668 day 
 cflmax,ksmax,dt,nsound:  1.0000  0.0008    11.5714   14
          2898              0.387802 day 
 cflmax,ksmax,dt,nsound:  1.0000  0.0008    11.5715   14
          2899              0.387936 day 
 cflmax,ksmax,dt,nsound:  1.0000  0.0008    11.5715   14
          2900              0.388070 day 
 cflmax,ksmax,dt,nsound:  1.0000  0.0008    11.5716   14
          2901              0.388204 day 
 cflmax,ksmax,dt,nsound:  1.0000  0.0008    11.5716   14
          2902              0.388338 day 
 cflmax,ksmax,dt,nsound:  1.0000  0.0008    11.5716   14
          2903              0.388472 day 
 cflmax,ksmax,dt,nsound:  1.0000  0.0008    11.5716   14
          2904              0.388606 day 
 cflmax,ksmax,dt,nsound:  1.0000  0.0008    11.5716   14
          2905              0.388740 day 
 cflmax,ksmax,dt,nsound:  1.0000  0.0008    11.5715   14
          2906              0.388874 day 
   dorad =  T
 cflmax,ksmax,dt,nsound:  1.0000  0.0008    11.5715   14
 
 Entering RADIATION_DRIVER 
   rrtmg_lwrad 
   rrtmg_swrad 
 Leaving RADIATION_DRIVER 
 
          2907              0.389008 day 
 cflmax,ksmax,dt,nsound:  1.0000  0.0008    11.5715   14
          2908              0.389141 day 
 cflmax,ksmax,dt,nsound:  1.0000  0.0008    11.5714   14
          2909              0.389275 day 
 cflmax,ksmax,dt,nsound:  1.0000  0.0008    11.5714   14
          2910              0.389409 day 
 cflmax,ksmax,dt,nsound:  1.0000  0.0008    11.5714   14
          2911              0.389543 day 
 cflmax,ksmax,dt,nsound:  1.0000  0.0008    11.5713   14
          2912              0.389677 day 
 cflmax,ksmax,dt,nsound:  1.0000  0.0008    11.5713   14
          2913              0.389811 day 
 cflmax,ksmax,dt,nsound:  1.0000  0.0008    11.5713   14
          2914              0.389945 day 
 cflmax,ksmax,dt,nsound:  1.0000  0.0008    11.5712   14
          2915              0.390079 day 
 cflmax,ksmax,dt,nsound:  1.0000  0.0008    11.5712   14
          2916              0.390213 day 
 cflmax,ksmax,dt,nsound:  1.0000  0.0008    11.5712   14
          2917              0.390347 day 
 cflmax,ksmax,dt,nsound:  1.0000  0.0008    11.5712   14
          2918              0.390481 day 
 cflmax,ksmax,dt,nsound:  1.0000  0.0008    11.5712   14
          2919              0.390615 day 
 cflmax,ksmax,dt,nsound:  1.0000  0.0008    11.5712   14
          2920              0.390749 day 
 cflmax,ksmax,dt,nsound:  1.0000  0.0008    11.5712   14
          2921              0.390883 day 
 cflmax,ksmax,dt,nsound:  1.0000  0.0008    11.5712   14
          2922              0.391016 day 
 cflmax,ksmax,dt,nsound:  1.0000  0.0008    11.5712   14
          2923              0.391150 day 
 cflmax,ksmax,dt,nsound:  1.0000  0.0008    11.5712   14
          2924              0.391284 day 
 cflmax,ksmax,dt,nsound:  1.0000  0.0008    11.5712   14
          2925              0.391418 day 
 cflmax,ksmax,dt,nsound:  1.0000  0.0008    11.5712   14
          2926              0.391552 day 
 cflmax,ksmax,dt,nsound:  1.0000  0.0008    11.5713   14
          2927              0.391686 day 
 cflmax,ksmax,dt,nsound:  1.0000  0.0008    11.5713   14
          2928              0.391820 day 
 cflmax,ksmax,dt,nsound:  1.0000  0.0008    11.5713   14
          2929              0.391954 day 
 cflmax,ksmax,dt,nsound:  1.0000  0.0008    11.5713   14
          2930              0.392088 day 
 cflmax,ksmax,dt,nsound:  1.0000  0.0008    11.5714   14
          2931              0.392222 day 
   dorad =  T
 cflmax,ksmax,dt,nsound:  1.0000  0.0008    11.5714   14
 
 Entering RADIATION_DRIVER 
   rrtmg_lwrad 
   rrtmg_swrad 
 Leaving RADIATION_DRIVER 
 
          2932              0.392356 day 
 cflmax,ksmax,dt,nsound:  1.0000  0.0008    11.5715   14
          2933              0.392490 day 
 cflmax,ksmax,dt,nsound:  1.0000  0.0008    11.5715   14
          2934              0.392624 day 
 cflmax,ksmax,dt,nsound:  1.0000  0.0008    11.5716   14
          2935              0.392758 day 
 cflmax,ksmax,dt,nsound:  1.0000  0.0008    11.5715   14
          2936              0.392891 day 
 cflmax,ksmax,dt,nsound:  1.0000  0.0008    11.5714   14
          2937              0.393025 day 
 cflmax,ksmax,dt,nsound:  1.0000  0.0009    11.5713   14
          2938              0.393159 day 
 cflmax,ksmax,dt,nsound:  1.0000  0.0008    11.5712   14
          2939              0.393293 day 
 cflmax,ksmax,dt,nsound:  1.0000  0.0008    11.5711   14
          2940              0.393427 day 
 cflmax,ksmax,dt,nsound:  1.0000  0.0008    11.5710   14
          2941              0.393561 day 
 cflmax,ksmax,dt,nsound:  1.0000  0.0008    11.5709   14
          2942              0.393695 day 
 cflmax,ksmax,dt,nsound:  1.0000  0.0008    11.5708   14
          2943              0.393829 day 
 cflmax,ksmax,dt,nsound:  1.0000  0.0008    11.5707   14
          2944              0.393963 day 
 cflmax,ksmax,dt,nsound:  1.0000  0.0008    11.5706   14
          2945              0.394097 day 
 cflmax,ksmax,dt,nsound:  1.0000  0.0008    11.5705   14
          2946              0.394231 day 
 cflmax,ksmax,dt,nsound:  1.0000  0.0008    11.5705   14
          2947              0.394365 day 
 cflmax,ksmax,dt,nsound:  1.0000  0.0009    11.5704   14
          2948              0.394499 day 
 cflmax,ksmax,dt,nsound:  1.0000  0.0008    11.5703   14
          2949              0.394632 day 
 cflmax,ksmax,dt,nsound:  1.0000  0.0008    11.5703   14
          2950              0.394766 day 
 cflmax,ksmax,dt,nsound:  1.0000  0.0008    11.5702   14
          2951              0.394900 day 
 cflmax,ksmax,dt,nsound:  1.0000  0.0008    11.5702   14
          2952              0.395034 day 
 cflmax,ksmax,dt,nsound:  1.0000  0.0008    11.5701   14
          2953              0.395168 day 
 cflmax,ksmax,dt,nsound:  1.0000  0.0008    11.5701   14
          2954              0.395302 day 
 cflmax,ksmax,dt,nsound:  1.0000  0.0008    11.5700   14
          2955              0.395436 day 
 cflmax,ksmax,dt,nsound:  1.0000  0.0008    11.5700   14
          2956              0.395570 day 
 cflmax,ksmax,dt,nsound:  1.0000  0.0008    11.5700   14
          2957              0.395704 day 
   dorad =  T
 cflmax,ksmax,dt,nsound:  1.0000  0.0008    11.5699   14
 
 Entering RADIATION_DRIVER 
   rrtmg_lwrad 
   rrtmg_swrad 
 Leaving RADIATION_DRIVER 
 
          2958              0.395838 day 
 cflmax,ksmax,dt,nsound:  1.0000  0.0008    11.5699   14
          2959              0.395972 day 
 cflmax,ksmax,dt,nsound:  1.0000  0.0008    11.5699   14
          2960              0.396105 day 
 cflmax,ksmax,dt,nsound:  1.0000  0.0008    11.5698   14
          2961              0.396239 day 
 cflmax,ksmax,dt,nsound:  1.0000  0.0008    11.5698   14
          2962              0.396373 day 
 cflmax,ksmax,dt,nsound:  1.0000  0.0008    11.5698   14
          2963              0.396507 day 
 cflmax,ksmax,dt,nsound:  1.0000  0.0008    11.5698   14
          2964              0.396641 day 
 cflmax,ksmax,dt,nsound:  1.0000  0.0008    11.5698   14
          2965              0.396775 day 
 cflmax,ksmax,dt,nsound:  1.0000  0.0008    11.5698   14
          2966              0.396909 day 
 cflmax,ksmax,dt,nsound:  1.0000  0.0008    11.5698   14
          2967              0.397043 day 
 cflmax,ksmax,dt,nsound:  1.0000  0.0008    11.5698   14
          2968              0.397177 day 
 cflmax,ksmax,dt,nsound:  1.0000  0.0008    11.5698   14
          2969              0.397311 day 
 cflmax,ksmax,dt,nsound:  1.0000  0.0008    11.5698   14
          2970              0.397445 day 
 cflmax,ksmax,dt,nsound:  1.0000  0.0008    11.5699   14
          2971              0.397578 day 
 cflmax,ksmax,dt,nsound:  1.0000  0.0008    11.5699   14
          2972              0.397712 day 
 cflmax,ksmax,dt,nsound:  1.0000  0.0008    11.5699   14
          2973              0.397846 day 
 cflmax,ksmax,dt,nsound:  1.0000  0.0008    11.5700   14
          2974              0.397980 day 
 cflmax,ksmax,dt,nsound:  1.0000  0.0008    11.5700   14
          2975              0.398114 day 
 cflmax,ksmax,dt,nsound:  1.0000  0.0008    11.5701   14
          2976              0.398248 day 
 cflmax,ksmax,dt,nsound:  1.0000  0.0008    11.5701   14
          2977              0.398382 day 
 cflmax,ksmax,dt,nsound:  1.0000  0.0008    11.5702   14
          2978              0.398516 day 
 cflmax,ksmax,dt,nsound:  1.0000  0.0008    11.5703   14
          2979              0.398650 day 
 cflmax,ksmax,dt,nsound:  1.0000  0.0008    11.5703   14
          2980              0.398784 day 
 cflmax,ksmax,dt,nsound:  1.0000  0.0008    11.5704   14
          2981              0.398918 day 
 cflmax,ksmax,dt,nsound:  1.0000  0.0008    11.5705   14
          2982              0.399052 day 
 cflmax,ksmax,dt,nsound:  1.0000  0.0008    11.5706   14
          2983              0.399185 day 
   dorad =  T
 cflmax,ksmax,dt,nsound:  1.0000  0.0008    11.5707   14
 
 Entering RADIATION_DRIVER 
   rrtmg_lwrad 
   rrtmg_swrad 
 Leaving RADIATION_DRIVER 
 
          2984              0.399319 day 
 cflmax,ksmax,dt,nsound:  1.0000  0.0008    11.5708   14
          2985              0.399453 day 
 cflmax,ksmax,dt,nsound:  1.0000  0.0008    11.5709   14
          2986              0.399587 day 
 cflmax,ksmax,dt,nsound:  1.0000  0.0008    11.5710   14
          2987              0.399721 day 
 cflmax,ksmax,dt,nsound:  1.0000  0.0008    11.5711   14
          2988              0.399855 day 
 cflmax,ksmax,dt,nsound:  1.0000  0.0008    11.5712   14
          2989              0.399989 day 
 cflmax,ksmax,dt,nsound:  1.0000  0.0008    11.5714   14
          2990              0.400123 day 
 cflmax,ksmax,dt,nsound:  1.0000  0.0008    11.5715   14
          2991              0.400257 day 
 cflmax,ksmax,dt,nsound:  1.0000  0.0008    11.5716   14
          2992              0.400391 day 
 cflmax,ksmax,dt,nsound:  1.0000  0.0008    11.5717   14
          2993              0.400525 day 
 cflmax,ksmax,dt,nsound:  1.0000  0.0008    11.5719   14
          2994              0.400659 day 
 cflmax,ksmax,dt,nsound:  1.0000  0.0008    11.5720   14
          2995              0.400793 day 
 cflmax,ksmax,dt,nsound:  1.0000  0.0008    11.5721   14
          2996              0.400927 day 
 cflmax,ksmax,dt,nsound:  1.0000  0.0008    11.5722   14
          2997              0.401060 day 
 cflmax,ksmax,dt,nsound:  1.0000  0.0009    11.5723   14
          2998              0.401194 day 
 cflmax,ksmax,dt,nsound:  1.0000  0.0008    11.5722   14
          2999              0.401328 day 
 cflmax,ksmax,dt,nsound:  1.0000  0.0008    11.5722   14
          3000              0.401462 day 
 cflmax,ksmax,dt,nsound:  1.0000  0.0008    11.5722   14
          3001              0.401596 day 
 cflmax,ksmax,dt,nsound:  1.0000  0.0008    11.5722   14
          3002              0.401730 day 
 cflmax,ksmax,dt,nsound:  1.0000  0.0008    11.5721   14
          3003              0.401864 day 
 cflmax,ksmax,dt,nsound:  1.0000  0.0009    11.5721   14
          3004              0.401998 day 
 cflmax,ksmax,dt,nsound:  1.0000  0.0009    11.5721   14
          3005              0.402132 day 
 cflmax,ksmax,dt,nsound:  1.0000  0.0008    11.5720   14
          3006              0.402266 day 
 cflmax,ksmax,dt,nsound:  1.0000  0.0008    11.5720   14
          3007              0.402400 day 
 cflmax,ksmax,dt,nsound:  1.0000  0.0008    11.5719   14
          3008              0.402534 day 
 cflmax,ksmax,dt,nsound:  1.0000  0.0008    11.5719   14
          3009              0.402668 day 
   dorad =  T
 cflmax,ksmax,dt,nsound:  1.0000  0.0008    11.5718   14
 
 Entering RADIATION_DRIVER 
   rrtmg_lwrad 
   rrtmg_swrad 
 Leaving RADIATION_DRIVER 
 
          3010              0.402802 day 
 cflmax,ksmax,dt,nsound:  1.0000  0.0008    11.5718   14
          3011              0.402936 day 
 cflmax,ksmax,dt,nsound:  1.0000  0.0008    11.5717   14
          3012              0.403069 day 
 cflmax,ksmax,dt,nsound:  1.0000  0.0008    11.5717   14
          3013              0.403203 day 
 cflmax,ksmax,dt,nsound:  1.0000  0.0008    11.5716   14
          3014              0.403337 day 
 cflmax,ksmax,dt,nsound:  1.0000  0.0008    11.5715   14
          3015              0.403471 day 
 cflmax,ksmax,dt,nsound:  1.0000  0.0009    11.5715   14
          3016              0.403605 day 
 cflmax,ksmax,dt,nsound:  1.0000  0.0008    11.5714   14
          3017              0.403739 day 
 cflmax,ksmax,dt,nsound:  1.0000  0.0008    11.5714   14
          3018              0.403873 day 
 cflmax,ksmax,dt,nsound:  1.0000  0.0008    11.5713   14
          3019              0.404007 day 
 cflmax,ksmax,dt,nsound:  1.0000  0.0008    11.5712   14
          3020              0.404141 day 
 cflmax,ksmax,dt,nsound:  1.0000  0.0008    11.5712   14
          3021              0.404275 day 
 cflmax,ksmax,dt,nsound:  1.0000  0.0008    11.5711   14
          3022              0.404409 day 
 cflmax,ksmax,dt,nsound:  1.0000  0.0008    11.5711   14
          3023              0.404543 day 
 cflmax,ksmax,dt,nsound:  1.0000  0.0009    11.5710   14
          3024              0.404677 day 
 cflmax,ksmax,dt,nsound:  1.0000  0.0009    11.5710   14
          3025              0.404811 day 
 cflmax,ksmax,dt,nsound:  1.0000  0.0008    11.5710   14
          3026              0.404944 day 
 cflmax,ksmax,dt,nsound:  1.0000  0.0009    11.5709   14
          3027              0.405078 day 
 cflmax,ksmax,dt,nsound:  1.0000  0.0009    11.5709   14
          3028              0.405212 day 
 cflmax,ksmax,dt,nsound:  1.0000  0.0008    11.5708   14
          3029              0.405346 day 
 cflmax,ksmax,dt,nsound:  1.0000  0.0008    11.5708   14
          3030              0.405480 day 
 cflmax,ksmax,dt,nsound:  1.0000  0.0008    11.5708   14
          3031              0.405614 day 
 cflmax,ksmax,dt,nsound:  1.0000  0.0008    11.5707   14
          3032              0.405748 day 
 cflmax,ksmax,dt,nsound:  1.0000  0.0008    11.5707   14
          3033              0.405882 day 
 cflmax,ksmax,dt,nsound:  1.0000  0.0008    11.5707   14
          3034              0.406016 day 
 cflmax,ksmax,dt,nsound:  1.0000  0.0009    11.5707   14
          3035              0.406150 day 
   dorad =  T
 cflmax,ksmax,dt,nsound:  1.0000  0.0009    11.5706   14
 
 Entering RADIATION_DRIVER 
   rrtmg_lwrad 
   rrtmg_swrad 
 Leaving RADIATION_DRIVER 
 
          3036              0.406284 day 
 cflmax,ksmax,dt,nsound:  1.0000  0.0008    11.5706   14
          3037              0.406418 day 
 cflmax,ksmax,dt,nsound:  1.0000  0.0008    11.5706   14
          3038              0.406552 day 
 cflmax,ksmax,dt,nsound:  1.0000  0.0008    11.5706   14
          3039              0.406685 day 
 cflmax,ksmax,dt,nsound:  1.0000  0.0008    11.5706   14
          3040              0.406819 day 
 cflmax,ksmax,dt,nsound:  1.0000  0.0008    11.5705   14
          3041              0.406953 day 
 cflmax,ksmax,dt,nsound:  1.0000  0.0008    11.5705   14
          3042              0.407087 day 
 cflmax,ksmax,dt,nsound:  1.0000  0.0008    11.5705   14
          3043              0.407221 day 
 cflmax,ksmax,dt,nsound:  1.0000  0.0008    11.5705   14
          3044              0.407355 day 
 cflmax,ksmax,dt,nsound:  1.0000  0.0008    11.5705   14
          3045              0.407489 day 
 cflmax,ksmax,dt,nsound:  1.0000  0.0008    11.5704   14
          3046              0.407623 day 
 cflmax,ksmax,dt,nsound:  1.0000  0.0008    11.5704   14
          3047              0.407757 day 
 cflmax,ksmax,dt,nsound:  1.0000  0.0008    11.5704   14
          3048              0.407891 day 
 cflmax,ksmax,dt,nsound:  1.0000  0.0008    11.5704   14
          3049              0.408025 day 
 cflmax,ksmax,dt,nsound:  1.0000  0.0008    11.5704   14
          3050              0.408159 day 
 cflmax,ksmax,dt,nsound:  1.0000  0.0008    11.5704   14
          3051              0.408292 day 
 cflmax,ksmax,dt,nsound:  1.0000  0.0008    11.5705   14
          3052              0.408426 day 
 cflmax,ksmax,dt,nsound:  1.0000  0.0008    11.5705   14
          3053              0.408560 day 
 cflmax,ksmax,dt,nsound:  1.0000  0.0008    11.5705   14
          3054              0.408694 day 
 cflmax,ksmax,dt,nsound:  1.0000  0.0008    11.5705   14
          3055              0.408828 day 
 cflmax,ksmax,dt,nsound:  1.0000  0.0008    11.5705   14
          3056              0.408962 day 
 cflmax,ksmax,dt,nsound:  1.0000  0.0008    11.5706   14
          3057              0.409096 day 
 cflmax,ksmax,dt,nsound:  1.0000  0.0008    11.5706   14
          3058              0.409230 day 
 cflmax,ksmax,dt,nsound:  1.0000  0.0008    11.5707   14
          3059              0.409364 day 
 cflmax,ksmax,dt,nsound:  1.0000  0.0008    11.5707   14
          3060              0.409498 day 
 cflmax,ksmax,dt,nsound:  1.0000  0.0008    11.5707   14
          3061              0.409632 day 
   dorad =  T
 cflmax,ksmax,dt,nsound:  1.0000  0.0008    11.5708   14
 
 Entering RADIATION_DRIVER 
   rrtmg_lwrad 
   rrtmg_swrad 
 Leaving RADIATION_DRIVER 
 
          3062              0.409766 day 
 cflmax,ksmax,dt,nsound:  1.0000  0.0008    11.5708   14
          3063              0.409899 day 
 cflmax,ksmax,dt,nsound:  1.0000  0.0008    11.5709   14
          3064              0.410033 day 
 cflmax,ksmax,dt,nsound:  1.0000  0.0008    11.5709   14
          3065              0.410167 day 
 cflmax,ksmax,dt,nsound:  1.0000  0.0008    11.5710   14
          3066              0.410301 day 
 cflmax,ksmax,dt,nsound:  1.0000  0.0008    11.5710   14
          3067              0.410435 day 
 cflmax,ksmax,dt,nsound:  1.0000  0.0008    11.5711   14
          3068              0.410569 day 
 cflmax,ksmax,dt,nsound:  1.0000  0.0008    11.5711   14
          3069              0.410703 day 
 cflmax,ksmax,dt,nsound:  1.0000  0.0008    11.5711   14
          3070              0.410837 day 
 cflmax,ksmax,dt,nsound:  1.0000  0.0008    11.5711   14
          3071              0.410971 day 
 cflmax,ksmax,dt,nsound:  1.0000  0.0008    11.5711   14
          3072              0.411105 day 
 cflmax,ksmax,dt,nsound:  1.0000  0.0008    11.5711   14
          3073              0.411239 day 
 cflmax,ksmax,dt,nsound:  1.0000  0.0008    11.5711   14
          3074              0.411373 day 
 cflmax,ksmax,dt,nsound:  1.0000  0.0008    11.5711   14
          3075              0.411507 day 
 cflmax,ksmax,dt,nsound:  1.0000  0.0008    11.5711   14
          3076              0.411640 day 
 cflmax,ksmax,dt,nsound:  1.0000  0.0008    11.5711   14
          3077              0.411774 day 
 cflmax,ksmax,dt,nsound:  1.0000  0.0008    11.5711   14
          3078              0.411908 day 
 cflmax,ksmax,dt,nsound:  1.0000  0.0008    11.5710   14
          3079              0.412042 day 
 cflmax,ksmax,dt,nsound:  1.0000  0.0008    11.5710   14
          3080              0.412176 day 
 cflmax,ksmax,dt,nsound:  1.0000  0.0009    11.5710   14
          3081              0.412310 day 
 cflmax,ksmax,dt,nsound:  1.0000  0.0008    11.5710   14
          3082              0.412444 day 
 cflmax,ksmax,dt,nsound:  1.0000  0.0008    11.5709   14
          3083              0.412578 day 
 cflmax,ksmax,dt,nsound:  1.0000  0.0008    11.5709   14
          3084              0.412712 day 
 cflmax,ksmax,dt,nsound:  1.0000  0.0008    11.5709   14
          3085              0.412846 day 
 cflmax,ksmax,dt,nsound:  1.0000  0.0008    11.5708   14
          3086              0.412980 day 
 cflmax,ksmax,dt,nsound:  1.0000  0.0008    11.5708   14
          3087              0.413114 day 
   dorad =  T
 cflmax,ksmax,dt,nsound:  1.0000  0.0008    11.5708   14
 
 Entering RADIATION_DRIVER 
   rrtmg_lwrad 
   rrtmg_swrad 
 Leaving RADIATION_DRIVER 
 
          3088              0.413248 day 
 cflmax,ksmax,dt,nsound:  1.0000  0.0008    11.5707   14
          3089              0.413381 day 
 cflmax,ksmax,dt,nsound:  1.0000  0.0008    11.5707   14
          3090              0.413515 day 
 cflmax,ksmax,dt,nsound:  1.0000  0.0009    11.5707   14
          3091              0.413649 day 
 cflmax,ksmax,dt,nsound:  1.0000  0.0009    11.5707   14
          3092              0.413783 day 
 cflmax,ksmax,dt,nsound:  1.0000  0.0008    11.5706   14
          3093              0.413917 day 
 cflmax,ksmax,dt,nsound:  1.0000  0.0009    11.5706   14
          3094              0.414051 day 
 cflmax,ksmax,dt,nsound:  1.0000  0.0008    11.5706   14
          3095              0.414185 day 
 cflmax,ksmax,dt,nsound:  1.0000  0.0008    11.5706   14
          3096              0.414319 day 
 cflmax,ksmax,dt,nsound:  1.0000  0.0008    11.5706   14
          3097              0.414453 day 
 cflmax,ksmax,dt,nsound:  1.0000  0.0008    11.5706   14
          3098              0.414587 day 
 cflmax,ksmax,dt,nsound:  1.0000  0.0008    11.5706   14
          3099              0.414721 day 
 cflmax,ksmax,dt,nsound:  1.0000  0.0008    11.5706   14
          3100              0.414855 day 
 cflmax,ksmax,dt,nsound:  1.0000  0.0008    11.5706   14
          3101              0.414989 day 
 cflmax,ksmax,dt,nsound:  1.0000  0.0008    11.5706   14
          3102              0.415122 day 
 cflmax,ksmax,dt,nsound:  1.0000  0.0008    11.5706   14
          3103              0.415256 day 
 cflmax,ksmax,dt,nsound:  1.0000  0.0008    11.5707   14
          3104              0.415390 day 
 cflmax,ksmax,dt,nsound:  1.0000  0.0008    11.5707   14
          3105              0.415524 day 
 cflmax,ksmax,dt,nsound:  1.0000  0.0008    11.5707   14
          3106              0.415658 day 
 cflmax,ksmax,dt,nsound:  1.0000  0.0008    11.5707   14
          3107              0.415792 day 
 cflmax,ksmax,dt,nsound:  1.0000  0.0008    11.5708   14
          3108              0.415926 day 
 cflmax,ksmax,dt,nsound:  1.0000  0.0008    11.5708   14
          3109              0.416060 day 
 cflmax,ksmax,dt,nsound:  1.0000  0.0008    11.5709   14
          3110              0.416194 day 
 cflmax,ksmax,dt,nsound:  1.0000  0.0008    11.5709   14
   Note: setting dt based on upcoming stat time 
   Note: setting dt based on upcoming diag time 
          3111              0.416328 day 
 cflmax,ksmax,dt,nsound:  0.8436  0.0007     9.7617   12
   Note: setting dt based on upcoming stat time 
   Note: setting dt based on upcoming diag time 
          3112              0.416441 day 
 cflmax,ksmax,dt,nsound:  0.8436  0.0007     9.7617   12
   Note: setting dt based on upcoming stat time 
   Note: setting dt based on upcoming diag time 
          3113              0.416554 day 
   dorad =  T
   getvt =  T
   Getting dbz ... 
   dotbud =  T
   doqbud =  T
   doubud =  T
   dovbud =  T
   dowbud =  T
 cflmax,ksmax,dt,nsound:  0.8436  0.0007     9.7617   12
   Getting fall velocities for Morrison MP scheme 
 
 Entering RADIATION_DRIVER 
   rrtmg_lwrad 
   rrtmg_swrad 
 Leaving RADIATION_DRIVER 
 
  WMAX  :  0.551220E-01   41  246   30    WMIN  : -0.497325E-01  878  207   29
  UMAX  :   11.9053      618  294    9    UMIN  :  -43.2110      631  331   41
  SUMAX :   5.60171      387  249    1    SUMIN :   5.34684      726   60    1
  VMAX  :   1.04256       38  228    2    VMIN  : -0.114176      489  122   44
  SVMAX :   1.00633       35  228    1    SVMIN :  0.812668      116  352    1
  PPIMAX: -0.171697E-04  464  192    1    PPIMIN: -0.800721E-03  148  381   37
  PPMAX :  -6.04688       92   22    1    PPMIN :  -107.879      474   11   19
  THPMAX:   1.39186      509  121   45    THPMIN:  -1.82623       31  462   58
  STHPMX:  -1.41789     1005  169    1    STHPMN:  -1.44316      725   60    1
  MAXqv :  0.220339E-01  725   60    1    MINqv :  0.301957E-05  388   85   42
  MAXqc :   0.00000        1    1    1    MINqc :   0.00000        1    1    1
  MAXqr :   0.00000        1    1    1    MINqr :   0.00000        1    1    1
  MAXqi :   0.00000        1    1    1    MINqi :   0.00000        1    1    1
  MAXqs :   0.00000        1    1    1    MINqs :   0.00000        1    1    1
  MAXqg :   0.00000        1    1    1    MINqg :   0.00000        1    1    1
  MAXnci:   0.00000        1    1    1    MINnci:   0.00000        1    1    1
  MAXncs:   0.00000        1    1    1    MINncs:   0.00000        1    1    1
  MAXncr:   0.00000        1    1    1    MINncr:   0.00000        1    1    1
  MAXncg:   0.00000        1    1    1    MINncg:   0.00000        1    1    1
  PRATMX:   0.00000        1    1    1    PRATMN:   0.00000        1    1    1
  KMHMAX:   0.00000        1    1    1    KMHMIN:   0.00000        1    1    1
  KMVMAX:   12.7821      138  379    5    KMVMIN:   0.00000        1    1   66
  KHHMAX:   0.00000        1    1    1    KHHMIN:   0.00000        1    1    1
  KHVMAX:   12.7821      138  379    5    KHVMIN:   0.00000        1    1   66
  DIVMAX:  0.589585E-06  205   13    4    DIVMIN: -0.623630E-06  783  444    3
  RHMAX :  0.975760      835  505    5    RHMIN :  0.302877E-02   42  396   65
  RHIMAX:  0.912523      916  336   33    RHIMIN:  0.536817E-02   42  396   65
  THEMAX:   365.972      725   60    1    THEMIN:   318.746      123    2   18
  STHEMX:   365.972      725   60    1    STHEMN:   365.744      555  324    1
  QCTOP :      0.000000    1    1    1    QCBOT :      0.000000    1    1    1
  SFPMAX:   100713.       92   22    1    SFPMIN:   100713.      191    3    1
  PSFCMX:   100995.       92   22    1    PSFCMN:   100995.      191    3    1
  WSPMAX:   43.2110      630  331   41    WSPMIN:  0.444952       79   54   16
  SWSPMX:   5.66973      983  503    1    SWSPMN:   5.43297      376  318    1
  10MWMX:   5.28325      983  503    1    10MWMN:   5.06521      376  318    1
  HPBLMX:   539.131      686   27    1    HPBLMN:   527.372      934  470    1
  CFLMAX:      0.997646  630  331   41
  KSHMAX:   0.00000        0    0    0
  KSVMAX:  0.962019E-02  668  251    4
  VORSFC:  0.266741E-03
  VOR1KM:  0.238425E-03
  VOR2KM:  0.976891E-04
  VOR3KM:  0.894883E-04
  VOR4KM:  0.118148E-03
  VOR5KM:  0.646259E-04
  TMASS :  0.132247E+16
  TMOIS :  0.576413E+13
  qv MAS:  0.576413E+13
  qc MAS:  0.000000E+00
  qr MAS:  0.000000E+00
  qi MAS:  0.000000E+00
  qs MAS:  0.000000E+00
  qg MAS:  0.000000E+00
  TENERG:  0.342788E+21
  TMU   : -0.620441E+16
  TMV   :  0.911740E+14
  TMW   : -0.467344E+12
  TMFU  :  0.722068E+10
  TMFD  : -0.823748E+10
  tcond :  0.000000E+00
  tevac :  0.000000E+00
  tauto :  0.000000E+00
  taccr :  0.000000E+00
  tevar :  0.000000E+00
  train :  0.000000E+00
  erain :  0.000000E+00
  qsfc  :  0.677768E+11
  esfc  :  0.403133E+16
  erad  :  0.000000E+00
  asqv  :  0.000000E+00
  asqc  :  0.000000E+00
  asqr  :  0.000000E+00
  asqi  :  0.000000E+00
  asqs  :  0.000000E+00
  asqg  :  0.000000E+00
  asnci :  0.000000E+00
  asncs :  0.000000E+00
  asncr :  0.000000E+00
  asncg :  0.000000E+00
  bsqv  :  0.000000E+00
  bsqc  :  0.000000E+00
  bsqr  :  0.000000E+00
  bsqi  :  0.000000E+00
  bsqs  :  0.000000E+00
  bsqg  :  0.000000E+00
  bsnci :  0.000000E+00
  bsncs :  0.000000E+00
  bsncr :  0.000000E+00
  bsncg :  0.000000E+00
 cm1out_stats.ctl                                                               
                                          
   next stattim =    39600.0000000000     
          3114              0.416667 day 
 
  ..... begin domaindiag code ..... 
 
   nwritet =           11
 cm1out_diag_000011_s.dat                                                       
                                          
 cm1out_diag_000011_w.dat                                                       
                                          
   wloop =            1
           1 mtime
           2 nstep
           3 umove
           4 vmove
           5 domainlocx
           6 domainlocy
           7 ust
           8 stau
           9 znt
          10 tsk
          11 psfc
          12 qsfc
          13 thflux
          14 qvflux
          15 hfx
          16 qfx
          17 u10
          18 v10
          19 s10
          20 t2
          21 q2
          22 th2
          23 cd
          24 ch
          25 cq
          26 hpbl
          27 wspd
          28 zol
          29 br
          30 brcr
          31 phim
          32 phih
          33 psim
          34 psih
          35 tst
          36 qst
          37 mol
          38 rain
          39 prate
          40 cwp
          41 rwp
          42 lwp
          43 pwat
          44 spwr
          45 fwp
          46 iwp
          47 swp
          48 gwp
          49 tcwp
          50 cwpvar
          51 rwpvar
          52 lwpvar
          53 qcfrac_col
          54 qrfrac_col
          55 qlfrac_col
          56 qifrac_col
          57 qtfrac_col
          58 qcb
          59 qrb
          60 qlb
          61 qcbvar
          62 qrbvar
          63 qlbvar
          64 qct
          65 qrt
          66 qlt
          67 qctvar
          68 qrtvar
          69 qltvar
          70 lwupt
          71 lwdnt
          72 lwupb
          73 lwdnb
          74 swupt
          75 swdnt
          76 swupb
          77 swdnb
          78 lwuptc
          79 lwdntc
          80 lwupbc
          81 lwdnbc
          82 swuptc
          83 swdntc
          84 swupbc
          85 swdnbc
          86 lwcf
          87 swcf
          88 cape
          89 cin
          90 lcl
          91 lfc
          92 zmelt
          93 pmelt
          94 s u
          95 w uinterp
          96 s v
          97 w vinterp
          98 w w
          99 s th
         100 w thinterp
         101 s t
         102 s prs
         103 w prsinterp
         104 s rho
         105 w rhointerp
         106 s ppi
         107 s qv
         108 s qc
         109 s qr
         110 s qi
         111 s qs
         112 s qg
         113 s nci
         114 s ncs
         115 s ncr
         116 s ncg
         117 s shv
         118 s shc
         119 s shr
         120 s shi
         121 s shs
         122 s shg
         123 s qliq
         124 s qice
         125 s qt
         126 s dbz
         127 s fc
         128 s fr
         129 s fi
         130 s fs
         131 s fg
         132 s precc
         133 s precr
         134 s preci
         135 s precs
         136 s precg
         137 s prec
         138 s qcfrac
         139 s qrfrac
         140 s qlfrac
         141 s qifrac
         142 s qtfrac
         143 s clw
         144 s cli
         145 s plw
         146 s pli
         147 s thv
         148 s brz
         149 s thl
         150 s the
         151 s rh
         152 s rhi
         153 w dissten
         154 w epst
         155 w nm
         156 w defh
         157 w defv
         158 w kmh
         159 w kmv
         160 w khh
         161 w khv
         162 w pr
         163 w rinum
         164 w grdscl
         165 s wsp
         166 w wspinterp
         167 s wspan
         168 s wspa
         169 s sdwsp
         170 s o3
         171 s swten
         172 s lwten
         173 s swtenc
         174 s lwtenc
         175 s cldfra
         176 s effc
         177 s effr
         178 s effs
         179 s effi
         180 s effg
         181 s effis
         182 w ndws
         183 w ndws2
         184 w dtdz
         185 w dudz
         186 w dvdz
         187 w dsdz
         188 w dqvdz
         189 s ug
         190 s vg
         191 s u0
         192 s v0
         193 s upup
         194 s upupup
         195 s vpvp
         196 s vpvpvp
         197 s wpwp
         198 s upvp
         199 s upwp
         200 s vpwp
         201 s thvarr
         202 w thvarrinterp
         203 s tptptp
         204 s uptp
         205 s vptp
         206 s thvvarr
         207 s thlvarr
         208 s qvvarr
         209 s qpqpqp
         210 s qlvarr
         211 s qtvarr
         212 s wpwptp
         213 s wptptp
         214 w upup_w
         215 w vpvp_w
         216 w wpwp_w
         217 w upvp_w
         218 w upwp_w
         219 w vpwp_w
         220 w wpwpwp
         221 w wpupup
         222 w wpvpvp
         223 w ufr
         224 w ufs
         225 w ufd
         226 w vfr
         227 w vfs
         228 w vfd
         229 w thfr
         230 w thfs
         231 w thfd
         232 w thvfr
         233 w thvfs
         234 w thvfd
         235 w thlfr
         236 w thlfs
         237 w thlfd
         238 w qvfr
         239 w qvfs
         240 w qvfd
         241 w qlfr
         242 w qlfs
         243 w qlfd
         244 w qtfr
         245 w qtfs
         246 w qtfd
         247 s ptb_vturbr
         248 s ptb_vturbs
         249 s ptb_vturbd
         250 s ptb_frc
         251 s qvb_vturbr
         252 s qvb_vturbs
         253 s qvb_vturbd
         254 s qvb_frc
         255 s ub_vturbr
         256 s ub_vturbs
         257 s ub_vturbd
         258 s ub_lspg
         259 s ub_frc
         260 s vb_vturbr
         261 s vb_vturbs
         262 s vb_vturbd
         263 s vb_lspg
         264 s vb_frc
         265 s rtke
         266 w rtke_w
         267 w wprof
         268 w wmax
         269 w wmin
         270 s tmfu
         271 s tmfd
         272 s wspmax
         273 s wspmin
         274 s zetamax
         275 s zetamin
         276 wvar_max
         277 wstar
         278 fbmin
         279 zfbmin
 
  ..... end domaindiag code ..... 
 
   next diagtim =    39600.0000000000     
 cflmax,ksmax,dt,nsound:  0.9280  0.0008    10.7379   14
          3115              0.416791 day 
 cflmax,ksmax,dt,nsound:  1.0000  0.0008    11.5711   14
          3116              0.416925 day 
 cflmax,ksmax,dt,nsound:  1.0000  0.0008    11.5711   14
          3117              0.417059 day 
 cflmax,ksmax,dt,nsound:  1.0000  0.0008    11.5710   14
          3118              0.417193 day 
 cflmax,ksmax,dt,nsound:  1.0000  0.0008    11.5709   14
          3119              0.417327 day 
 cflmax,ksmax,dt,nsound:  1.0000  0.0008    11.5709   14
          3120              0.417461 day 
 cflmax,ksmax,dt,nsound:  1.0000  0.0008    11.5708   14
          3121              0.417594 day 
 cflmax,ksmax,dt,nsound:  1.0000  0.0008    11.5707   14
          3122              0.417728 day 
 cflmax,ksmax,dt,nsound:  1.0000  0.0008    11.5707   14
          3123              0.417862 day 
 cflmax,ksmax,dt,nsound:  1.0000  0.0008    11.5706   14
          3124              0.417996 day 
 cflmax,ksmax,dt,nsound:  1.0000  0.0008    11.5706   14
          3125              0.418130 day 
 cflmax,ksmax,dt,nsound:  1.0000  0.0008    11.5705   14
          3126              0.418264 day 
 cflmax,ksmax,dt,nsound:  1.0000  0.0008    11.5705   14
          3127              0.418398 day 
 cflmax,ksmax,dt,nsound:  1.0000  0.0008    11.5704   14
          3128              0.418532 day 
 cflmax,ksmax,dt,nsound:  1.0000  0.0008    11.5704   14
          3129              0.418666 day 
 cflmax,ksmax,dt,nsound:  1.0000  0.0008    11.5703   14
          3130              0.418800 day 
 cflmax,ksmax,dt,nsound:  1.0000  0.0008    11.5703   14
          3131              0.418934 day 
 cflmax,ksmax,dt,nsound:  1.0000  0.0008    11.5702   14
          3132              0.419068 day 
 cflmax,ksmax,dt,nsound:  1.0000  0.0008    11.5702   14
          3133              0.419201 day 
 cflmax,ksmax,dt,nsound:  1.0000  0.0008    11.5701   14
          3134              0.419335 day 
 cflmax,ksmax,dt,nsound:  1.0000  0.0008    11.5701   14
          3135              0.419469 day 
 cflmax,ksmax,dt,nsound:  1.0000  0.0008    11.5700   14
          3136              0.419603 day 
 cflmax,ksmax,dt,nsound:  1.0000  0.0008    11.5700   14
          3137              0.419737 day 
 cflmax,ksmax,dt,nsound:  1.0000  0.0008    11.5699   14
          3138              0.419871 day 
 cflmax,ksmax,dt,nsound:  1.0000  0.0008    11.5699   14
          3139              0.420005 day 
   dorad =  T
 cflmax,ksmax,dt,nsound:  1.0000  0.0008    11.5699   14
 
 Entering RADIATION_DRIVER 
   rrtmg_lwrad 
   rrtmg_swrad 
 Leaving RADIATION_DRIVER 
 
          3140              0.420139 day 
 cflmax,ksmax,dt,nsound:  1.0000  0.0009    11.5699   14
          3141              0.420273 day 
 cflmax,ksmax,dt,nsound:  1.0000  0.0008    11.5698   14
          3142              0.420407 day 
 cflmax,ksmax,dt,nsound:  1.0000  0.0008    11.5698   14
          3143              0.420541 day 
 cflmax,ksmax,dt,nsound:  1.0000  0.0008    11.5698   14
          3144              0.420675 day 
 cflmax,ksmax,dt,nsound:  1.0000  0.0009    11.5698   14
          3145              0.420808 day 
 cflmax,ksmax,dt,nsound:  1.0000  0.0008    11.5698   14
          3146              0.420942 day 
 cflmax,ksmax,dt,nsound:  1.0000  0.0008    11.5698   14
          3147              0.421076 day 
 cflmax,ksmax,dt,nsound:  1.0000  0.0008    11.5698   14
          3148              0.421210 day 
 cflmax,ksmax,dt,nsound:  1.0000  0.0008    11.5698   14
          3149              0.421344 day 
 cflmax,ksmax,dt,nsound:  1.0000  0.0008    11.5698   14
          3150              0.421478 day 
 cflmax,ksmax,dt,nsound:  1.0000  0.0008    11.5698   14
          3151              0.421612 day 
 cflmax,ksmax,dt,nsound:  1.0000  0.0008    11.5698   14
          3152              0.421746 day 
 cflmax,ksmax,dt,nsound:  1.0000  0.0008    11.5699   14
          3153              0.421880 day 
 cflmax,ksmax,dt,nsound:  1.0000  0.0008    11.5699   14
          3154              0.422014 day 
 cflmax,ksmax,dt,nsound:  1.0000  0.0008    11.5699   14
          3155              0.422148 day 
 cflmax,ksmax,dt,nsound:  1.0000  0.0008    11.5699   14
          3156              0.422281 day 
 cflmax,ksmax,dt,nsound:  1.0000  0.0008    11.5700   14
          3157              0.422415 day 
 cflmax,ksmax,dt,nsound:  1.0000  0.0008    11.5700   14
          3158              0.422549 day 
 cflmax,ksmax,dt,nsound:  1.0000  0.0008    11.5701   14
          3159              0.422683 day 
 cflmax,ksmax,dt,nsound:  1.0000  0.0008    11.5701   14
          3160              0.422817 day 
 cflmax,ksmax,dt,nsound:  1.0000  0.0008    11.5702   14
          3161              0.422951 day 
 cflmax,ksmax,dt,nsound:  1.0000  0.0008    11.5703   14
          3162              0.423085 day 
 cflmax,ksmax,dt,nsound:  1.0000  0.0008    11.5703   14
          3163              0.423219 day 
 cflmax,ksmax,dt,nsound:  1.0000  0.0009    11.5704   14
          3164              0.423353 day 
 cflmax,ksmax,dt,nsound:  1.0000  0.0008    11.5705   14
          3165              0.423487 day 
   dorad =  T
 cflmax,ksmax,dt,nsound:  1.0000  0.0008    11.5706   14
 
 Entering RADIATION_DRIVER 
   rrtmg_lwrad 
   rrtmg_swrad 
 Leaving RADIATION_DRIVER 
 
          3166              0.423621 day 
 cflmax,ksmax,dt,nsound:  1.0000  0.0008    11.5707   14
          3167              0.423755 day 
 cflmax,ksmax,dt,nsound:  1.0000  0.0008    11.5707   14
          3168              0.423888 day 
 cflmax,ksmax,dt,nsound:  1.0000  0.0008    11.5708   14
          3169              0.424022 day 
 cflmax,ksmax,dt,nsound:  1.0000  0.0008    11.5709   14
          3170              0.424156 day 
 cflmax,ksmax,dt,nsound:  1.0000  0.0009    11.5708   14
          3171              0.424290 day 
 cflmax,ksmax,dt,nsound:  1.0000  0.0009    11.5708   14
          3172              0.424424 day 
 cflmax,ksmax,dt,nsound:  1.0000  0.0009    11.5707   14
          3173              0.424558 day 
 cflmax,ksmax,dt,nsound:  1.0000  0.0008    11.5707   14
          3174              0.424692 day 
 cflmax,ksmax,dt,nsound:  1.0000  0.0008    11.5706   14
          3175              0.424826 day 
 cflmax,ksmax,dt,nsound:  1.0000  0.0008    11.5706   14
          3176              0.424960 day 
 cflmax,ksmax,dt,nsound:  1.0000  0.0008    11.5705   14
          3177              0.425094 day 
 cflmax,ksmax,dt,nsound:  1.0000  0.0008    11.5705   14
          3178              0.425228 day 
 cflmax,ksmax,dt,nsound:  1.0000  0.0008    11.5704   14
          3179              0.425362 day 
 cflmax,ksmax,dt,nsound:  1.0000  0.0008    11.5704   14
          3180              0.425495 day 
 cflmax,ksmax,dt,nsound:  1.0000  0.0008    11.5704   14
          3181              0.425629 day 
 cflmax,ksmax,dt,nsound:  1.0000  0.0008    11.5703   14
          3182              0.425763 day 
 cflmax,ksmax,dt,nsound:  1.0000  0.0008    11.5703   14
          3183              0.425897 day 
 cflmax,ksmax,dt,nsound:  1.0000  0.0008    11.5703   14
          3184              0.426031 day 
 cflmax,ksmax,dt,nsound:  1.0000  0.0008    11.5703   14
          3185              0.426165 day 
 cflmax,ksmax,dt,nsound:  1.0000  0.0008    11.5703   14
          3186              0.426299 day 
 cflmax,ksmax,dt,nsound:  1.0000  0.0008    11.5703   14
          3187              0.426433 day 
 cflmax,ksmax,dt,nsound:  1.0000  0.0008    11.5703   14
          3188              0.426567 day 
 cflmax,ksmax,dt,nsound:  1.0000  0.0008    11.5703   14
          3189              0.426701 day 
 cflmax,ksmax,dt,nsound:  1.0000  0.0008    11.5703   14
          3190              0.426835 day 
 cflmax,ksmax,dt,nsound:  1.0000  0.0008    11.5703   14
          3191              0.426969 day 
   dorad =  T
 cflmax,ksmax,dt,nsound:  1.0000  0.0008    11.5704   14
 
 Entering RADIATION_DRIVER 
   rrtmg_lwrad 
   rrtmg_swrad 
 Leaving RADIATION_DRIVER 
 
          3192              0.427102 day 
 cflmax,ksmax,dt,nsound:  1.0000  0.0008    11.5704   14
          3193              0.427236 day 
 cflmax,ksmax,dt,nsound:  1.0000  0.0009    11.5704   14
          3194              0.427370 day 
 cflmax,ksmax,dt,nsound:  1.0000  0.0009    11.5705   14
          3195              0.427504 day 
 cflmax,ksmax,dt,nsound:  1.0000  0.0008    11.5705   14
          3196              0.427638 day 
 cflmax,ksmax,dt,nsound:  1.0000  0.0008    11.5706   14
          3197              0.427772 day 
 cflmax,ksmax,dt,nsound:  1.0000  0.0008    11.5706   14
          3198              0.427906 day 
 cflmax,ksmax,dt,nsound:  1.0000  0.0008    11.5707   14
          3199              0.428040 day 
 cflmax,ksmax,dt,nsound:  1.0000  0.0008    11.5708   14
          3200              0.428174 day 
 cflmax,ksmax,dt,nsound:  1.0000  0.0008    11.5709   14
          3201              0.428308 day 
 cflmax,ksmax,dt,nsound:  1.0000  0.0008    11.5710   14
          3202              0.428442 day 
 cflmax,ksmax,dt,nsound:  1.0000  0.0008    11.5711   14
          3203              0.428576 day 
 cflmax,ksmax,dt,nsound:  1.0000  0.0008    11.5712   14
          3204              0.428709 day 
 cflmax,ksmax,dt,nsound:  1.0000  0.0008    11.5711   14
          3205              0.428843 day 
 cflmax,ksmax,dt,nsound:  1.0000  0.0008    11.5711   14
          3206              0.428977 day 
 cflmax,ksmax,dt,nsound:  1.0000  0.0009    11.5710   14
          3207              0.429111 day 
 cflmax,ksmax,dt,nsound:  1.0000  0.0008    11.5710   14
          3208              0.429245 day 
 cflmax,ksmax,dt,nsound:  1.0000  0.0008    11.5710   14
          3209              0.429379 day 
 cflmax,ksmax,dt,nsound:  1.0000  0.0008    11.5709   14
          3210              0.429513 day 
 cflmax,ksmax,dt,nsound:  1.0000  0.0009    11.5709   14
          3211              0.429647 day 
 cflmax,ksmax,dt,nsound:  1.0000  0.0009    11.5708   14
          3212              0.429781 day 
 cflmax,ksmax,dt,nsound:  1.0000  0.0008    11.5708   14
          3213              0.429915 day 
 cflmax,ksmax,dt,nsound:  1.0000  0.0008    11.5708   14
          3214              0.430049 day 
 cflmax,ksmax,dt,nsound:  1.0000  0.0008    11.5707   14
          3215              0.430183 day 
 cflmax,ksmax,dt,nsound:  1.0000  0.0008    11.5707   14
          3216              0.430317 day 
 cflmax,ksmax,dt,nsound:  1.0000  0.0008    11.5707   14
          3217              0.430450 day 
   dorad =  T
 cflmax,ksmax,dt,nsound:  1.0000  0.0008    11.5707   14
 
 Entering RADIATION_DRIVER 
   rrtmg_lwrad 
   rrtmg_swrad 
 Leaving RADIATION_DRIVER 
 
          3218              0.430584 day 
 cflmax,ksmax,dt,nsound:  1.0000  0.0008    11.5707   14
          3219              0.430718 day 
 cflmax,ksmax,dt,nsound:  1.0000  0.0008    11.5707   14
          3220              0.430852 day 
 cflmax,ksmax,dt,nsound:  1.0000  0.0008    11.5706   14
          3221              0.430986 day 
 cflmax,ksmax,dt,nsound:  1.0000  0.0009    11.5706   14
          3222              0.431120 day 
 cflmax,ksmax,dt,nsound:  1.0000  0.0009    11.5706   14
          3223              0.431254 day 
 cflmax,ksmax,dt,nsound:  1.0000  0.0008    11.5706   14
          3224              0.431388 day 
 cflmax,ksmax,dt,nsound:  1.0000  0.0008    11.5706   14
          3225              0.431522 day 
 cflmax,ksmax,dt,nsound:  1.0000  0.0008    11.5706   14
          3226              0.431656 day 
 cflmax,ksmax,dt,nsound:  1.0000  0.0008    11.5706   14
          3227              0.431790 day 
 cflmax,ksmax,dt,nsound:  1.0000  0.0008    11.5706   14
          3228              0.431924 day 
 cflmax,ksmax,dt,nsound:  1.0000  0.0008    11.5706   14
          3229              0.432058 day 
 cflmax,ksmax,dt,nsound:  1.0000  0.0008    11.5706   14
          3230              0.432191 day 
 cflmax,ksmax,dt,nsound:  1.0000  0.0008    11.5706   14
          3231              0.432325 day 
 cflmax,ksmax,dt,nsound:  1.0000  0.0008    11.5706   14
          3232              0.432459 day 
 cflmax,ksmax,dt,nsound:  1.0000  0.0008    11.5706   14
          3233              0.432593 day 
 cflmax,ksmax,dt,nsound:  1.0000  0.0008    11.5706   14
          3234              0.432727 day 
 cflmax,ksmax,dt,nsound:  1.0000  0.0008    11.5706   14
          3235              0.432861 day 
 cflmax,ksmax,dt,nsound:  1.0000  0.0008    11.5706   14
          3236              0.432995 day 
 cflmax,ksmax,dt,nsound:  1.0000  0.0008    11.5706   14
          3237              0.433129 day 
 cflmax,ksmax,dt,nsound:  1.0000  0.0008    11.5706   14
          3238              0.433263 day 
 cflmax,ksmax,dt,nsound:  1.0000  0.0008    11.5707   14
          3239              0.433397 day 
 cflmax,ksmax,dt,nsound:  1.0000  0.0008    11.5707   14
          3240              0.433531 day 
 cflmax,ksmax,dt,nsound:  1.0000  0.0008    11.5707   14
          3241              0.433665 day 
 cflmax,ksmax,dt,nsound:  1.0000  0.0008    11.5707   14
          3242              0.433798 day 
 cflmax,ksmax,dt,nsound:  1.0000  0.0008    11.5707   14
          3243              0.433932 day 
   dorad =  T
 cflmax,ksmax,dt,nsound:  1.0000  0.0008    11.5708   14
 
 Entering RADIATION_DRIVER 
   rrtmg_lwrad 
   rrtmg_swrad 
 Leaving RADIATION_DRIVER 
 
          3244              0.434066 day 
 cflmax,ksmax,dt,nsound:  1.0000  0.0008    11.5708   14
          3245              0.434200 day 
 cflmax,ksmax,dt,nsound:  1.0000  0.0008    11.5708   14
          3246              0.434334 day 
 cflmax,ksmax,dt,nsound:  1.0000  0.0008    11.5708   14
          3247              0.434468 day 
 cflmax,ksmax,dt,nsound:  1.0000  0.0008    11.5709   14
          3248              0.434602 day 
 cflmax,ksmax,dt,nsound:  1.0000  0.0008    11.5709   14
          3249              0.434736 day 
 cflmax,ksmax,dt,nsound:  1.0000  0.0008    11.5709   14
          3250              0.434870 day 
 cflmax,ksmax,dt,nsound:  1.0000  0.0008    11.5709   14
          3251              0.435004 day 
 cflmax,ksmax,dt,nsound:  1.0000  0.0008    11.5710   14
          3252              0.435138 day 
 cflmax,ksmax,dt,nsound:  1.0000  0.0008    11.5710   14
          3253              0.435272 day 
 cflmax,ksmax,dt,nsound:  1.0000  0.0008    11.5711   14
          3254              0.435406 day 
 cflmax,ksmax,dt,nsound:  1.0000  0.0008    11.5711   14
          3255              0.435539 day 
 cflmax,ksmax,dt,nsound:  1.0000  0.0008    11.5712   14
          3256              0.435673 day 
 cflmax,ksmax,dt,nsound:  1.0000  0.0008    11.5712   14
          3257              0.435807 day 
 cflmax,ksmax,dt,nsound:  1.0000  0.0009    11.5713   14
          3258              0.435941 day 
 cflmax,ksmax,dt,nsound:  1.0000  0.0009    11.5713   14
          3259              0.436075 day 
 cflmax,ksmax,dt,nsound:  1.0000  0.0009    11.5714   14
          3260              0.436209 day 
 cflmax,ksmax,dt,nsound:  1.0000  0.0008    11.5714   14
          3261              0.436343 day 
 cflmax,ksmax,dt,nsound:  1.0000  0.0008    11.5715   14
          3262              0.436477 day 
 cflmax,ksmax,dt,nsound:  1.0000  0.0008    11.5715   14
          3263              0.436611 day 
 cflmax,ksmax,dt,nsound:  1.0000  0.0008    11.5716   14
          3264              0.436745 day 
 cflmax,ksmax,dt,nsound:  1.0000  0.0008    11.5717   14
          3265              0.436879 day 
 cflmax,ksmax,dt,nsound:  1.0000  0.0008    11.5717   14
          3266              0.437013 day 
 cflmax,ksmax,dt,nsound:  1.0000  0.0008    11.5716   14
          3267              0.437147 day 
 cflmax,ksmax,dt,nsound:  1.0000  0.0008    11.5716   14
          3268              0.437281 day 
 cflmax,ksmax,dt,nsound:  1.0000  0.0008    11.5715   14
          3269              0.437414 day 
   dorad =  T
 cflmax,ksmax,dt,nsound:  1.0000  0.0008    11.5715   14
 
 Entering RADIATION_DRIVER 
   rrtmg_lwrad 
   rrtmg_swrad 
 Leaving RADIATION_DRIVER 
 
          3270              0.437548 day 
 cflmax,ksmax,dt,nsound:  1.0000  0.0008    11.5714   14
          3271              0.437682 day 
 cflmax,ksmax,dt,nsound:  1.0000  0.0008    11.5714   14
          3272              0.437816 day 
 cflmax,ksmax,dt,nsound:  1.0000  0.0008    11.5713   14
          3273              0.437950 day 
 cflmax,ksmax,dt,nsound:  1.0000  0.0008    11.5713   14
          3274              0.438084 day 
 cflmax,ksmax,dt,nsound:  1.0000  0.0008    11.5712   14
          3275              0.438218 day 
 cflmax,ksmax,dt,nsound:  1.0000  0.0008    11.5712   14
          3276              0.438352 day 
 cflmax,ksmax,dt,nsound:  1.0000  0.0008    11.5712   14
          3277              0.438486 day 
 cflmax,ksmax,dt,nsound:  1.0000  0.0008    11.5712   14
          3278              0.438620 day 
 cflmax,ksmax,dt,nsound:  1.0000  0.0008    11.5712   14
          3279              0.438754 day 
 cflmax,ksmax,dt,nsound:  1.0000  0.0008    11.5711   14
          3280              0.438888 day 
 cflmax,ksmax,dt,nsound:  1.0000  0.0008    11.5711   14
          3281              0.439022 day 
 cflmax,ksmax,dt,nsound:  1.0000  0.0008    11.5711   14
          3282              0.439155 day 
 cflmax,ksmax,dt,nsound:  1.0000  0.0008    11.5711   14
          3283              0.439289 day 
 cflmax,ksmax,dt,nsound:  1.0000  0.0008    11.5711   14
          3284              0.439423 day 
 cflmax,ksmax,dt,nsound:  1.0000  0.0008    11.5711   14
          3285              0.439557 day 
 cflmax,ksmax,dt,nsound:  1.0000  0.0008    11.5711   14
          3286              0.439691 day 
 cflmax,ksmax,dt,nsound:  1.0000  0.0008    11.5711   14
          3287              0.439825 day 
 cflmax,ksmax,dt,nsound:  1.0000  0.0008    11.5711   14
          3288              0.439959 day 
 cflmax,ksmax,dt,nsound:  1.0000  0.0008    11.5711   14
          3289              0.440093 day 
 cflmax,ksmax,dt,nsound:  1.0000  0.0008    11.5711   14
          3290              0.440227 day 
 cflmax,ksmax,dt,nsound:  1.0000  0.0008    11.5711   14
          3291              0.440361 day 
 cflmax,ksmax,dt,nsound:  1.0000  0.0008    11.5712   14
          3292              0.440495 day 
 cflmax,ksmax,dt,nsound:  1.0000  0.0008    11.5712   14
          3293              0.440629 day 
 cflmax,ksmax,dt,nsound:  1.0000  0.0008    11.5712   14
          3294              0.440763 day 
 cflmax,ksmax,dt,nsound:  1.0000  0.0008    11.5713   14
          3295              0.440897 day 
   dorad =  T
 cflmax,ksmax,dt,nsound:  1.0000  0.0008    11.5712   14
 
 Entering RADIATION_DRIVER 
   rrtmg_lwrad 
   rrtmg_swrad 
 Leaving RADIATION_DRIVER 
 
          3296              0.441030 day 
 cflmax,ksmax,dt,nsound:  1.0000  0.0008    11.5711   14
          3297              0.441164 day 
 cflmax,ksmax,dt,nsound:  1.0000  0.0008    11.5711   14
          3298              0.441298 day 
 cflmax,ksmax,dt,nsound:  1.0000  0.0008    11.5711   14
          3299              0.441432 day 
 cflmax,ksmax,dt,nsound:  1.0000  0.0008    11.5710   14
          3300              0.441566 day 
 cflmax,ksmax,dt,nsound:  1.0000  0.0008    11.5710   14
          3301              0.441700 day 
 cflmax,ksmax,dt,nsound:  1.0000  0.0008    11.5710   14
          3302              0.441834 day 
 cflmax,ksmax,dt,nsound:  1.0000  0.0008    11.5709   14
          3303              0.441968 day 
 cflmax,ksmax,dt,nsound:  1.0000  0.0008    11.5709   14
          3304              0.442102 day 
 cflmax,ksmax,dt,nsound:  1.0000  0.0008    11.5709   14
          3305              0.442236 day 
 cflmax,ksmax,dt,nsound:  1.0000  0.0008    11.5709   14
          3306              0.442370 day 
 cflmax,ksmax,dt,nsound:  1.0000  0.0008    11.5709   14
          3307              0.442504 day 
 cflmax,ksmax,dt,nsound:  1.0000  0.0008    11.5709   14
          3308              0.442638 day 
 cflmax,ksmax,dt,nsound:  1.0000  0.0008    11.5709   14
          3309              0.442771 day 
 cflmax,ksmax,dt,nsound:  1.0000  0.0008    11.5709   14
          3310              0.442905 day 
 cflmax,ksmax,dt,nsound:  1.0000  0.0008    11.5709   14
          3311              0.443039 day 
 cflmax,ksmax,dt,nsound:  1.0000  0.0008    11.5710   14
          3312              0.443173 day 
 cflmax,ksmax,dt,nsound:  1.0000  0.0008    11.5710   14
          3313              0.443307 day 
 cflmax,ksmax,dt,nsound:  1.0000  0.0008    11.5710   14
          3314              0.443441 day 
 cflmax,ksmax,dt,nsound:  1.0000  0.0008    11.5711   14
          3315              0.443575 day 
 cflmax,ksmax,dt,nsound:  1.0000  0.0008    11.5711   14
          3316              0.443709 day 
 cflmax,ksmax,dt,nsound:  1.0000  0.0008    11.5712   14
          3317              0.443843 day 
 cflmax,ksmax,dt,nsound:  1.0000  0.0008    11.5713   14
          3318              0.443977 day 
 cflmax,ksmax,dt,nsound:  1.0000  0.0008    11.5713   14
          3319              0.444111 day 
 cflmax,ksmax,dt,nsound:  1.0000  0.0008    11.5714   14
          3320              0.444245 day 
 cflmax,ksmax,dt,nsound:  1.0000  0.0008    11.5715   14
          3321              0.444379 day 
   dorad =  T
 cflmax,ksmax,dt,nsound:  1.0000  0.0008    11.5716   14
 
 Entering RADIATION_DRIVER 
   rrtmg_lwrad 
   rrtmg_swrad 
 Leaving RADIATION_DRIVER 
 
          3322              0.444512 day 
 cflmax,ksmax,dt,nsound:  1.0000  0.0008    11.5717   14
          3323              0.444646 day 
 cflmax,ksmax,dt,nsound:  1.0000  0.0008    11.5718   14
          3324              0.444780 day 
 cflmax,ksmax,dt,nsound:  1.0000  0.0008    11.5719   14
          3325              0.444914 day 
 cflmax,ksmax,dt,nsound:  1.0000  0.0008    11.5718   14
          3326              0.445048 day 
 cflmax,ksmax,dt,nsound:  1.0000  0.0008    11.5718   14
          3327              0.445182 day 
 cflmax,ksmax,dt,nsound:  1.0000  0.0008    11.5717   14
          3328              0.445316 day 
 cflmax,ksmax,dt,nsound:  1.0000  0.0008    11.5716   14
          3329              0.445450 day 
 cflmax,ksmax,dt,nsound:  1.0000  0.0008    11.5716   14
          3330              0.445584 day 
 cflmax,ksmax,dt,nsound:  1.0000  0.0008    11.5715   14
          3331              0.445718 day 
 cflmax,ksmax,dt,nsound:  1.0000  0.0008    11.5714   14
          3332              0.445852 day 
 cflmax,ksmax,dt,nsound:  1.0000  0.0008    11.5714   14
          3333              0.445986 day 
 cflmax,ksmax,dt,nsound:  1.0000  0.0008    11.5713   14
          3334              0.446120 day 
 cflmax,ksmax,dt,nsound:  1.0000  0.0008    11.5713   14
          3335              0.446254 day 
 cflmax,ksmax,dt,nsound:  1.0000  0.0009    11.5712   14
          3336              0.446388 day 
 cflmax,ksmax,dt,nsound:  1.0000  0.0009    11.5711   14
          3337              0.446521 day 
 cflmax,ksmax,dt,nsound:  1.0000  0.0008    11.5711   14
          3338              0.446655 day 
 cflmax,ksmax,dt,nsound:  1.0000  0.0008    11.5710   14
          3339              0.446789 day 
 cflmax,ksmax,dt,nsound:  1.0000  0.0008    11.5710   14
          3340              0.446923 day 
 cflmax,ksmax,dt,nsound:  1.0000  0.0008    11.5709   14
          3341              0.447057 day 
 cflmax,ksmax,dt,nsound:  1.0000  0.0008    11.5709   14
          3342              0.447191 day 
 cflmax,ksmax,dt,nsound:  1.0000  0.0008    11.5708   14
          3343              0.447325 day 
 cflmax,ksmax,dt,nsound:  1.0000  0.0008    11.5708   14
          3344              0.447459 day 
 cflmax,ksmax,dt,nsound:  1.0000  0.0008    11.5708   14
          3345              0.447593 day 
 cflmax,ksmax,dt,nsound:  1.0000  0.0008    11.5707   14
          3346              0.447727 day 
 cflmax,ksmax,dt,nsound:  1.0000  0.0008    11.5707   14
          3347              0.447861 day 
   dorad =  T
 cflmax,ksmax,dt,nsound:  1.0000  0.0008    11.5707   14
 
 Entering RADIATION_DRIVER 
   rrtmg_lwrad 
   rrtmg_swrad 
 Leaving RADIATION_DRIVER 
 
          3348              0.447995 day 
 cflmax,ksmax,dt,nsound:  1.0000  0.0008    11.5706   14
          3349              0.448129 day 
 cflmax,ksmax,dt,nsound:  1.0000  0.0008    11.5706   14
          3350              0.448262 day 
 cflmax,ksmax,dt,nsound:  1.0000  0.0008    11.5706   14
          3351              0.448396 day 
 cflmax,ksmax,dt,nsound:  1.0000  0.0008    11.5706   14
          3352              0.448530 day 
 cflmax,ksmax,dt,nsound:  1.0000  0.0008    11.5705   14
          3353              0.448664 day 
 cflmax,ksmax,dt,nsound:  1.0000  0.0008    11.5705   14
          3354              0.448798 day 
 cflmax,ksmax,dt,nsound:  1.0000  0.0008    11.5705   14
          3355              0.448932 day 
 cflmax,ksmax,dt,nsound:  1.0000  0.0008    11.5705   14
          3356              0.449066 day 
 cflmax,ksmax,dt,nsound:  1.0000  0.0008    11.5705   14
          3357              0.449200 day 
 cflmax,ksmax,dt,nsound:  1.0000  0.0008    11.5705   14
          3358              0.449334 day 
 cflmax,ksmax,dt,nsound:  1.0000  0.0008    11.5706   14
          3359              0.449468 day 
 cflmax,ksmax,dt,nsound:  1.0000  0.0008    11.5706   14
          3360              0.449602 day 
 cflmax,ksmax,dt,nsound:  1.0000  0.0008    11.5706   14
          3361              0.449736 day 
 cflmax,ksmax,dt,nsound:  1.0000  0.0008    11.5707   14
          3362              0.449869 day 
 cflmax,ksmax,dt,nsound:  1.0000  0.0008    11.5707   14
          3363              0.450003 day 
 cflmax,ksmax,dt,nsound:  1.0000  0.0008    11.5708   14
          3364              0.450137 day 
 cflmax,ksmax,dt,nsound:  1.0000  0.0008    11.5708   14
          3365              0.450271 day 
 cflmax,ksmax,dt,nsound:  1.0000  0.0008    11.5709   14
          3366              0.450405 day 
 cflmax,ksmax,dt,nsound:  1.0000  0.0008    11.5709   14
          3367              0.450539 day 
 cflmax,ksmax,dt,nsound:  1.0000  0.0008    11.5710   14
          3368              0.450673 day 
 cflmax,ksmax,dt,nsound:  1.0000  0.0008    11.5711   14
          3369              0.450807 day 
 cflmax,ksmax,dt,nsound:  1.0000  0.0008    11.5712   14
          3370              0.450941 day 
 cflmax,ksmax,dt,nsound:  1.0000  0.0008    11.5713   14
          3371              0.451075 day 
 cflmax,ksmax,dt,nsound:  1.0000  0.0008    11.5714   14
          3372              0.451209 day 
 cflmax,ksmax,dt,nsound:  1.0000  0.0008    11.5715   14
          3373              0.451343 day 
   dorad =  T
 cflmax,ksmax,dt,nsound:  1.0000  0.0008    11.5716   14
 
 Entering RADIATION_DRIVER 
   rrtmg_lwrad 
   rrtmg_swrad 
 Leaving RADIATION_DRIVER 
 
          3374              0.451477 day 
 cflmax,ksmax,dt,nsound:  1.0000  0.0008    11.5716   14
          3375              0.451610 day 
 cflmax,ksmax,dt,nsound:  1.0000  0.0008    11.5716   14
          3376              0.451744 day 
 cflmax,ksmax,dt,nsound:  1.0000  0.0008    11.5716   14
          3377              0.451878 day 
 cflmax,ksmax,dt,nsound:  1.0000  0.0008    11.5716   14
          3378              0.452012 day 
 cflmax,ksmax,dt,nsound:  1.0000  0.0008    11.5717   14
          3379              0.452146 day 
 cflmax,ksmax,dt,nsound:  1.0000  0.0008    11.5716   14
          3380              0.452280 day 
 cflmax,ksmax,dt,nsound:  1.0000  0.0008    11.5715   14
          3381              0.452414 day 
 cflmax,ksmax,dt,nsound:  1.0000  0.0008    11.5715   14
          3382              0.452548 day 
 cflmax,ksmax,dt,nsound:  1.0000  0.0008    11.5714   14
          3383              0.452682 day 
 cflmax,ksmax,dt,nsound:  1.0000  0.0008    11.5714   14
          3384              0.452816 day 
 cflmax,ksmax,dt,nsound:  1.0000  0.0008    11.5713   14
          3385              0.452950 day 
 cflmax,ksmax,dt,nsound:  1.0000  0.0008    11.5713   14
          3386              0.453084 day 
 cflmax,ksmax,dt,nsound:  1.0000  0.0008    11.5712   14
          3387              0.453218 day 
 cflmax,ksmax,dt,nsound:  1.0000  0.0008    11.5712   14
          3388              0.453352 day 
 cflmax,ksmax,dt,nsound:  1.0000  0.0008    11.5712   14
          3389              0.453485 day 
 cflmax,ksmax,dt,nsound:  1.0000  0.0008    11.5711   14
          3390              0.453619 day 
 cflmax,ksmax,dt,nsound:  1.0000  0.0008    11.5711   14
          3391              0.453753 day 
 cflmax,ksmax,dt,nsound:  1.0000  0.0008    11.5710   14
          3392              0.453887 day 
 cflmax,ksmax,dt,nsound:  1.0000  0.0008    11.5710   14
          3393              0.454021 day 
 cflmax,ksmax,dt,nsound:  1.0000  0.0008    11.5710   14
          3394              0.454155 day 
 cflmax,ksmax,dt,nsound:  1.0000  0.0008    11.5710   14
          3395              0.454289 day 
 cflmax,ksmax,dt,nsound:  1.0000  0.0008    11.5710   14
          3396              0.454423 day 
 cflmax,ksmax,dt,nsound:  1.0000  0.0008    11.5709   14
          3397              0.454557 day 
 cflmax,ksmax,dt,nsound:  1.0000  0.0008    11.5709   14
          3398              0.454691 day 
 cflmax,ksmax,dt,nsound:  1.0000  0.0008    11.5709   14
          3399              0.454825 day 
   dorad =  T
 cflmax,ksmax,dt,nsound:  1.0000  0.0008    11.5709   14
 
 Entering RADIATION_DRIVER 
   rrtmg_lwrad 
   rrtmg_swrad 
 Leaving RADIATION_DRIVER 
 
          3400              0.454959 day 
 cflmax,ksmax,dt,nsound:  1.0000  0.0008    11.5709   14
          3401              0.455093 day 
 cflmax,ksmax,dt,nsound:  1.0000  0.0008    11.5709   14
          3402              0.455226 day 
 cflmax,ksmax,dt,nsound:  1.0000  0.0008    11.5709   14
          3403              0.455360 day 
 cflmax,ksmax,dt,nsound:  1.0000  0.0009    11.5709   14
          3404              0.455494 day 
 cflmax,ksmax,dt,nsound:  1.0000  0.0009    11.5709   14
          3405              0.455628 day 
 cflmax,ksmax,dt,nsound:  1.0000  0.0008    11.5709   14
          3406              0.455762 day 
 cflmax,ksmax,dt,nsound:  1.0000  0.0008    11.5709   14
          3407              0.455896 day 
 cflmax,ksmax,dt,nsound:  1.0000  0.0008    11.5710   14
          3408              0.456030 day 
 cflmax,ksmax,dt,nsound:  1.0000  0.0008    11.5710   14
          3409              0.456164 day 
 cflmax,ksmax,dt,nsound:  1.0000  0.0008    11.5710   14
          3410              0.456298 day 
 cflmax,ksmax,dt,nsound:  1.0000  0.0008    11.5710   14
          3411              0.456432 day 
 cflmax,ksmax,dt,nsound:  1.0000  0.0008    11.5710   14
          3412              0.456566 day 
 cflmax,ksmax,dt,nsound:  1.0000  0.0008    11.5710   14
          3413              0.456700 day 
 cflmax,ksmax,dt,nsound:  1.0000  0.0008    11.5710   14
          3414              0.456834 day 
 cflmax,ksmax,dt,nsound:  1.0000  0.0008    11.5709   14
          3415              0.456968 day 
 cflmax,ksmax,dt,nsound:  1.0000  0.0008    11.5708   14
          3416              0.457101 day 
 cflmax,ksmax,dt,nsound:  1.0000  0.0008    11.5706   14
          3417              0.457235 day 
 cflmax,ksmax,dt,nsound:  1.0000  0.0008    11.5706   14
          3418              0.457369 day 
 cflmax,ksmax,dt,nsound:  1.0000  0.0008    11.5705   14
          3419              0.457503 day 
 cflmax,ksmax,dt,nsound:  1.0000  0.0008    11.5704   14
          3420              0.457637 day 
 cflmax,ksmax,dt,nsound:  1.0000  0.0008    11.5703   14
          3421              0.457771 day 
 cflmax,ksmax,dt,nsound:  1.0000  0.0008    11.5702   14
          3422              0.457905 day 
 cflmax,ksmax,dt,nsound:  1.0000  0.0008    11.5701   14
   Note: setting dt based on upcoming stat time 
   Note: setting dt based on upcoming diag time 
          3423              0.458039 day 
 cflmax,ksmax,dt,nsound:  0.7331  0.0006     8.4821   12
   Note: setting dt based on upcoming stat time 
   Note: setting dt based on upcoming diag time 
          3424              0.458137 day 
 cflmax,ksmax,dt,nsound:  0.7331  0.0006     8.4821   12
   Note: setting dt based on upcoming stat time 
   Note: setting dt based on upcoming diag time 
          3425              0.458235 day 
   dorad =  T
   getvt =  T
   Getting dbz ... 
   dotbud =  T
   doqbud =  T
   doubud =  T
   dovbud =  T
   dowbud =  T
 cflmax,ksmax,dt,nsound:  0.7331  0.0006     8.4821   12
   Getting fall velocities for Morrison MP scheme 
 
 Entering RADIATION_DRIVER 
   rrtmg_lwrad 
   rrtmg_swrad 
 Leaving RADIATION_DRIVER 
 
  WMAX  :  0.536387E-01  390  224   29    WMIN  : -0.514088E-01  968   91   30
  UMAX  :   11.8809        8  237    9    UMIN  :  -43.2156      174  367   41
  SUMAX :   5.67174      902  443    1    SUMIN :   5.31660     1024  382    1
  VMAX  :   1.16932      555  184    2    VMIN  : -0.136625      334  487   44
  SVMAX :   1.12993      553  184    1    SVMIN :  0.870489       20  135    1
  PPIMAX: -0.187232E-04  443  100    1    PPIMIN: -0.878703E-03  545   87   37
  PPMAX :  -6.59375       94   34    1    PPMIN :  -118.117       75   67   19
  THPMAX:   1.53322      225  234   45    THPMIN:  -2.00007      431   69   58
  STHPMX:  -1.47112      833  508    1    STHPMN:  -1.50206      178  386    1
  MAXqv :  0.220300E-01  182  386    1    MINqv :  0.302009E-05  450  162   44
  MAXqc :   0.00000        1    1    1    MINqc :   0.00000        1    1    1
  MAXqr :   0.00000        1    1    1    MINqr :   0.00000        1    1    1
  MAXqi :   0.00000        1    1    1    MINqi :   0.00000        1    1    1
  MAXqs :   0.00000        1    1    1    MINqs :   0.00000        1    1    1
  MAXqg :   0.00000        1    1    1    MINqg :   0.00000        1    1    1
  MAXnci:   0.00000        1    1    1    MINnci:   0.00000        1    1    1
  MAXncs:   0.00000        1    1    1    MINncs:   0.00000        1    1    1
  MAXncr:   0.00000        1    1    1    MINncr:   0.00000        1    1    1
  MAXncg:   0.00000        1    1    1    MINncg:   0.00000        1    1    1
  PRATMX:   0.00000        1    1    1    PRATMN:   0.00000        1    1    1
  KMHMAX:   0.00000        1    1    1    KMHMIN:   0.00000        1    1    1
  KMVMAX:   13.1687      457  235    6    KMVMIN:   0.00000        1    1   66
  KHHMAX:   0.00000        1    1    1    KHHMIN:   0.00000        1    1    1
  KHVMAX:   13.1687      457  235    6    KHVMIN:   0.00000        1    1   66
  DIVMAX:  0.485896E-06  847  510    5    DIVMIN: -0.532789E-06  583  448    3
  RHMAX :  0.990792      676  411    6    RHMIN :  0.303187E-02  945   87   65
  RHIMAX:  0.920294      161  338   33    RHIMIN:  0.537444E-02  945   87   65
  THEMAX:   365.889      615  490    1    THEMIN:   318.650      327  408   18
  STHEMX:   365.889      615  490    1    STHEMN:   365.563      449  316    1
  QCTOP :      0.000000    1    1    1    QCBOT :      0.000000    1    1    1
  SFPMAX:   100712.       94   34    1    SFPMIN:   100712.       81    1    1
  PSFCMX:   100995.      223  175    1    PSFCMN:   100995.       81    1    1
  WSPMAX:   43.2156      174  367   41    WSPMIN:  0.448056      806  131   16
  SWSPMX:   5.75313       73  233    1    SWSPMN:   5.41988     1024  382    1
  10MWMX:   5.35999       73  233    1    10MWMN:   5.05315     1024  382    1
  HPBLMX:   576.046      832  506    1    HPBLMN:   548.946      181  385    1
  CFLMAX:      0.996813  174  367   41
  KSHMAX:   0.00000        0    0    0
  KSVMAX:  0.798820E-02  394  501    4
  VORSFC:  0.369664E-03
  VOR1KM:  0.213256E-03
  VOR2KM:  0.101215E-03
  VOR3KM:  0.962381E-04
  VOR4KM:  0.118127E-03
  VOR5KM:  0.681992E-04
  TMASS :  0.132247E+16
  TMOIS :  0.577120E+13
  qv MAS:  0.577120E+13
  qc MAS:  0.000000E+00
  qr MAS:  0.000000E+00
  qi MAS:  0.000000E+00
  qs MAS:  0.000000E+00
  qg MAS:  0.000000E+00
  TENERG:  0.342722E+21
  TMU   : -0.621132E+16
  TMV   :  0.106507E+15
  TMW   : -0.491990E+12
  TMFU  :  0.836618E+10
  TMFD  : -0.943537E+10
  tcond :  0.000000E+00
  tevac :  0.000000E+00
  tauto :  0.000000E+00
  taccr :  0.000000E+00
  tevar :  0.000000E+00
  train :  0.000000E+00
  erain :  0.000000E+00
  qsfc  :  0.743769E+11
  esfc  :  0.621590E+16
  erad  :  0.000000E+00
  asqv  :  0.000000E+00
  asqc  :  0.000000E+00
  asqr  :  0.000000E+00
  asqi  :  0.000000E+00
  asqs  :  0.000000E+00
  asqg  :  0.000000E+00
  asnci :  0.000000E+00
  asncs :  0.000000E+00
  asncr :  0.000000E+00
  asncg :  0.000000E+00
  bsqv  :  0.000000E+00
  bsqc  :  0.000000E+00
  bsqr  :  0.000000E+00
  bsqi  :  0.000000E+00
  bsqs  :  0.000000E+00
  bsqg  :  0.000000E+00
  bsnci :  0.000000E+00
  bsncs :  0.000000E+00
  bsncr :  0.000000E+00
  bsncg :  0.000000E+00
 cm1out_stats.ctl                                                               
                                          
   next stattim =    43200.0000000000     
          3426              0.458333 day 
 
  ..... begin domaindiag code ..... 
 
   nwritet =           12
 cm1out_diag_000012_s.dat                                                       
                                          
 cm1out_diag_000012_w.dat                                                       
                                          
   wloop =            1
           1 mtime
           2 nstep
           3 umove
           4 vmove
           5 domainlocx
           6 domainlocy
           7 ust
           8 stau
           9 znt
          10 tsk
          11 psfc
          12 qsfc
          13 thflux
          14 qvflux
          15 hfx
          16 qfx
          17 u10
          18 v10
          19 s10
          20 t2
          21 q2
          22 th2
          23 cd
          24 ch
          25 cq
          26 hpbl
          27 wspd
          28 zol
          29 br
          30 brcr
          31 phim
          32 phih
          33 psim
          34 psih
          35 tst
          36 qst
          37 mol
          38 rain
          39 prate
          40 cwp
          41 rwp
          42 lwp
          43 pwat
          44 spwr
          45 fwp
          46 iwp
          47 swp
          48 gwp
          49 tcwp
          50 cwpvar
          51 rwpvar
          52 lwpvar
          53 qcfrac_col
          54 qrfrac_col
          55 qlfrac_col
          56 qifrac_col
          57 qtfrac_col
          58 qcb
          59 qrb
          60 qlb
          61 qcbvar
          62 qrbvar
          63 qlbvar
          64 qct
          65 qrt
          66 qlt
          67 qctvar
          68 qrtvar
          69 qltvar
          70 lwupt
          71 lwdnt
          72 lwupb
          73 lwdnb
          74 swupt
          75 swdnt
          76 swupb
          77 swdnb
          78 lwuptc
          79 lwdntc
          80 lwupbc
          81 lwdnbc
          82 swuptc
          83 swdntc
          84 swupbc
          85 swdnbc
          86 lwcf
          87 swcf
          88 cape
          89 cin
          90 lcl
          91 lfc
          92 zmelt
          93 pmelt
          94 s u
          95 w uinterp
          96 s v
          97 w vinterp
          98 w w
          99 s th
         100 w thinterp
         101 s t
         102 s prs
         103 w prsinterp
         104 s rho
         105 w rhointerp
         106 s ppi
         107 s qv
         108 s qc
         109 s qr
         110 s qi
         111 s qs
         112 s qg
         113 s nci
         114 s ncs
         115 s ncr
         116 s ncg
         117 s shv
         118 s shc
         119 s shr
         120 s shi
         121 s shs
         122 s shg
         123 s qliq
         124 s qice
         125 s qt
         126 s dbz
         127 s fc
         128 s fr
         129 s fi
         130 s fs
         131 s fg
         132 s precc
         133 s precr
         134 s preci
         135 s precs
         136 s precg
         137 s prec
         138 s qcfrac
         139 s qrfrac
         140 s qlfrac
         141 s qifrac
         142 s qtfrac
         143 s clw
         144 s cli
         145 s plw
         146 s pli
         147 s thv
         148 s brz
         149 s thl
         150 s the
         151 s rh
         152 s rhi
         153 w dissten
         154 w epst
         155 w nm
         156 w defh
         157 w defv
         158 w kmh
         159 w kmv
         160 w khh
         161 w khv
         162 w pr
         163 w rinum
         164 w grdscl
         165 s wsp
         166 w wspinterp
         167 s wspan
         168 s wspa
         169 s sdwsp
         170 s o3
         171 s swten
         172 s lwten
         173 s swtenc
         174 s lwtenc
         175 s cldfra
         176 s effc
         177 s effr
         178 s effs
         179 s effi
         180 s effg
         181 s effis
         182 w ndws
         183 w ndws2
         184 w dtdz
         185 w dudz
         186 w dvdz
         187 w dsdz
         188 w dqvdz
         189 s ug
         190 s vg
         191 s u0
         192 s v0
         193 s upup
         194 s upupup
         195 s vpvp
         196 s vpvpvp
         197 s wpwp
         198 s upvp
         199 s upwp
         200 s vpwp
         201 s thvarr
         202 w thvarrinterp
         203 s tptptp
         204 s uptp
         205 s vptp
         206 s thvvarr
         207 s thlvarr
         208 s qvvarr
         209 s qpqpqp
         210 s qlvarr
         211 s qtvarr
         212 s wpwptp
         213 s wptptp
         214 w upup_w
         215 w vpvp_w
         216 w wpwp_w
         217 w upvp_w
         218 w upwp_w
         219 w vpwp_w
         220 w wpwpwp
         221 w wpupup
         222 w wpvpvp
         223 w ufr
         224 w ufs
         225 w ufd
         226 w vfr
         227 w vfs
         228 w vfd
         229 w thfr
         230 w thfs
         231 w thfd
         232 w thvfr
         233 w thvfs
         234 w thvfd
         235 w thlfr
         236 w thlfs
         237 w thlfd
         238 w qvfr
         239 w qvfs
         240 w qvfd
         241 w qlfr
         242 w qlfs
         243 w qlfd
         244 w qtfr
         245 w qtfs
         246 w qtfd
         247 s ptb_vturbr
         248 s ptb_vturbs
         249 s ptb_vturbd
         250 s ptb_frc
         251 s qvb_vturbr
         252 s qvb_vturbs
         253 s qvb_vturbd
         254 s qvb_frc
         255 s ub_vturbr
         256 s ub_vturbs
         257 s ub_vturbd
         258 s ub_lspg
         259 s ub_frc
         260 s vb_vturbr
         261 s vb_vturbs
         262 s vb_vturbd
         263 s vb_lspg
         264 s vb_frc
         265 s rtke
         266 w rtke_w
         267 w wprof
         268 w wmax
         269 w wmin
         270 s tmfu
         271 s tmfd
         272 s wspmax
         273 s wspmin
         274 s zetamax
         275 s zetamin
         276 wvar_max
         277 wstar
         278 fbmin
         279 zfbmin
 
  ..... end domaindiag code ..... 
 
   next diagtim =    43200.0000000000     
 cflmax,ksmax,dt,nsound:  0.8064  0.0007     9.3303   12
          3427              0.458441 day 
 cflmax,ksmax,dt,nsound:  0.8871  0.0008    10.2633   14
          3428              0.458560 day 
 cflmax,ksmax,dt,nsound:  0.9758  0.0008    11.2897   14
          3429              0.458691 day 
 cflmax,ksmax,dt,nsound:  1.0000  0.0008    11.5697   14
          3430              0.458825 day 
 cflmax,ksmax,dt,nsound:  1.0000  0.0008    11.5697   14
          3431              0.458959 day 
 cflmax,ksmax,dt,nsound:  1.0000  0.0008    11.5697   14
          3432              0.459093 day 
 cflmax,ksmax,dt,nsound:  1.0000  0.0008    11.5697   14
          3433              0.459226 day 
 cflmax,ksmax,dt,nsound:  1.0000  0.0008    11.5696   14
          3434              0.459360 day 
 cflmax,ksmax,dt,nsound:  1.0000  0.0008    11.5696   14
          3435              0.459494 day 
 cflmax,ksmax,dt,nsound:  1.0000  0.0008    11.5696   14
          3436              0.459628 day 
 cflmax,ksmax,dt,nsound:  1.0000  0.0009    11.5696   14
          3437              0.459762 day 
 cflmax,ksmax,dt,nsound:  1.0000  0.0009    11.5696   14
          3438              0.459896 day 
 cflmax,ksmax,dt,nsound:  1.0000  0.0009    11.5696   14
          3439              0.460030 day 
 cflmax,ksmax,dt,nsound:  1.0000  0.0009    11.5696   14
          3440              0.460164 day 
 cflmax,ksmax,dt,nsound:  1.0000  0.0008    11.5696   14
          3441              0.460298 day 
 cflmax,ksmax,dt,nsound:  1.0000  0.0009    11.5696   14
          3442              0.460432 day 
 cflmax,ksmax,dt,nsound:  1.0000  0.0008    11.5696   14
          3443              0.460566 day 
 cflmax,ksmax,dt,nsound:  1.0000  0.0009    11.5696   14
          3444              0.460699 day 
 cflmax,ksmax,dt,nsound:  1.0000  0.0009    11.5697   14
          3445              0.460833 day 
 cflmax,ksmax,dt,nsound:  1.0000  0.0009    11.5697   14
          3446              0.460967 day 
 cflmax,ksmax,dt,nsound:  1.0000  0.0009    11.5698   14
          3447              0.461101 day 
 cflmax,ksmax,dt,nsound:  1.0000  0.0009    11.5698   14
          3448              0.461235 day 
 cflmax,ksmax,dt,nsound:  1.0000  0.0009    11.5699   14
          3449              0.461369 day 
 cflmax,ksmax,dt,nsound:  1.0000  0.0009    11.5699   14
          3450              0.461503 day 
 cflmax,ksmax,dt,nsound:  1.0000  0.0009    11.5699   14
          3451              0.461637 day 
 cflmax,ksmax,dt,nsound:  1.0000  0.0009    11.5699   14
          3452              0.461771 day 
   dorad =  T
 cflmax,ksmax,dt,nsound:  1.0000  0.0009    11.5698   14
 
 Entering RADIATION_DRIVER 
   rrtmg_lwrad 
   rrtmg_swrad 
 Leaving RADIATION_DRIVER 
 
          3453              0.461905 day 
 cflmax,ksmax,dt,nsound:  1.0000  0.0009    11.5697   14
          3454              0.462038 day 
 cflmax,ksmax,dt,nsound:  1.0000  0.0009    11.5697   14
          3455              0.462172 day 
 cflmax,ksmax,dt,nsound:  1.0000  0.0009    11.5696   14
          3456              0.462306 day 
 cflmax,ksmax,dt,nsound:  1.0000  0.0009    11.5696   14
          3457              0.462440 day 
 cflmax,ksmax,dt,nsound:  1.0000  0.0009    11.5695   14
          3458              0.462574 day 
 cflmax,ksmax,dt,nsound:  1.0000  0.0009    11.5695   14
          3459              0.462708 day 
 cflmax,ksmax,dt,nsound:  1.0000  0.0009    11.5694   14
          3460              0.462842 day 
 cflmax,ksmax,dt,nsound:  1.0000  0.0009    11.5694   14
          3461              0.462976 day 
 cflmax,ksmax,dt,nsound:  1.0000  0.0009    11.5693   14
          3462              0.463110 day 
 cflmax,ksmax,dt,nsound:  1.0000  0.0009    11.5693   14
          3463              0.463244 day 
 cflmax,ksmax,dt,nsound:  1.0000  0.0009    11.5693   14
          3464              0.463378 day 
 cflmax,ksmax,dt,nsound:  1.0000  0.0009    11.5692   14
          3465              0.463511 day 
 cflmax,ksmax,dt,nsound:  1.0000  0.0009    11.5692   14
          3466              0.463645 day 
 cflmax,ksmax,dt,nsound:  1.0000  0.0009    11.5692   14
          3467              0.463779 day 
 cflmax,ksmax,dt,nsound:  1.0000  0.0009    11.5691   14
          3468              0.463913 day 
 cflmax,ksmax,dt,nsound:  1.0000  0.0009    11.5691   14
          3469              0.464047 day 
 cflmax,ksmax,dt,nsound:  1.0000  0.0009    11.5691   14
          3470              0.464181 day 
 cflmax,ksmax,dt,nsound:  1.0000  0.0009    11.5691   14
          3471              0.464315 day 
 cflmax,ksmax,dt,nsound:  1.0000  0.0009    11.5691   14
          3472              0.464449 day 
 cflmax,ksmax,dt,nsound:  1.0000  0.0009    11.5690   14
          3473              0.464583 day 
 cflmax,ksmax,dt,nsound:  1.0000  0.0009    11.5690   14
          3474              0.464717 day 
 cflmax,ksmax,dt,nsound:  1.0000  0.0009    11.5690   14
          3475              0.464850 day 
 cflmax,ksmax,dt,nsound:  1.0000  0.0009    11.5690   14
          3476              0.464984 day 
 cflmax,ksmax,dt,nsound:  1.0000  0.0009    11.5690   14
          3477              0.465118 day 
 cflmax,ksmax,dt,nsound:  1.0000  0.0009    11.5690   14
          3478              0.465252 day 
   dorad =  T
 cflmax,ksmax,dt,nsound:  1.0000  0.0009    11.5690   14
 
 Entering RADIATION_DRIVER 
   rrtmg_lwrad 
   rrtmg_swrad 
 Leaving RADIATION_DRIVER 
 
          3479              0.465386 day 
 cflmax,ksmax,dt,nsound:  1.0000  0.0009    11.5690   14
          3480              0.465520 day 
 cflmax,ksmax,dt,nsound:  1.0000  0.0009    11.5690   14
          3481              0.465654 day 
 cflmax,ksmax,dt,nsound:  1.0000  0.0009    11.5690   14
          3482              0.465788 day 
 cflmax,ksmax,dt,nsound:  1.0000  0.0009    11.5690   14
          3483              0.465922 day 
 cflmax,ksmax,dt,nsound:  1.0000  0.0009    11.5691   14
          3484              0.466056 day 
 cflmax,ksmax,dt,nsound:  1.0000  0.0009    11.5691   14
          3485              0.466189 day 
 cflmax,ksmax,dt,nsound:  1.0000  0.0009    11.5691   14
          3486              0.466323 day 
 cflmax,ksmax,dt,nsound:  1.0000  0.0009    11.5691   14
          3487              0.466457 day 
 cflmax,ksmax,dt,nsound:  1.0000  0.0009    11.5691   14
          3488              0.466591 day 
 cflmax,ksmax,dt,nsound:  1.0000  0.0009    11.5691   14
          3489              0.466725 day 
 cflmax,ksmax,dt,nsound:  1.0000  0.0009    11.5692   14
          3490              0.466859 day 
 cflmax,ksmax,dt,nsound:  1.0000  0.0009    11.5692   14
          3491              0.466993 day 
 cflmax,ksmax,dt,nsound:  1.0000  0.0009    11.5692   14
          3492              0.467127 day 
 cflmax,ksmax,dt,nsound:  1.0000  0.0009    11.5693   14
          3493              0.467261 day 
 cflmax,ksmax,dt,nsound:  1.0000  0.0009    11.5693   14
          3494              0.467395 day 
 cflmax,ksmax,dt,nsound:  1.0000  0.0009    11.5693   14
          3495              0.467528 day 
 cflmax,ksmax,dt,nsound:  1.0000  0.0009    11.5694   14
          3496              0.467662 day 
 cflmax,ksmax,dt,nsound:  1.0000  0.0009    11.5694   14
          3497              0.467796 day 
 cflmax,ksmax,dt,nsound:  1.0000  0.0009    11.5695   14
          3498              0.467930 day 
 cflmax,ksmax,dt,nsound:  1.0000  0.0009    11.5695   14
          3499              0.468064 day 
 cflmax,ksmax,dt,nsound:  1.0000  0.0009    11.5696   14
          3500              0.468198 day 
 cflmax,ksmax,dt,nsound:  1.0000  0.0009    11.5696   14
          3501              0.468332 day 
 cflmax,ksmax,dt,nsound:  1.0000  0.0009    11.5697   14
          3502              0.468466 day 
 cflmax,ksmax,dt,nsound:  1.0000  0.0009    11.5698   14
          3503              0.468600 day 
 cflmax,ksmax,dt,nsound:  1.0000  0.0009    11.5698   14
          3504              0.468734 day 
   dorad =  T
 cflmax,ksmax,dt,nsound:  1.0000  0.0009    11.5699   14
 
 Entering RADIATION_DRIVER 
   rrtmg_lwrad 
   rrtmg_swrad 
 Leaving RADIATION_DRIVER 
 
          3505              0.468868 day 
 cflmax,ksmax,dt,nsound:  1.0000  0.0009    11.5699   14
          3506              0.469002 day 
 cflmax,ksmax,dt,nsound:  1.0000  0.0009    11.5700   14
          3507              0.469135 day 
 cflmax,ksmax,dt,nsound:  1.0000  0.0009    11.5701   14
          3508              0.469269 day 
 cflmax,ksmax,dt,nsound:  1.0000  0.0009    11.5701   14
          3509              0.469403 day 
 cflmax,ksmax,dt,nsound:  1.0000  0.0009    11.5702   14
          3510              0.469537 day 
 cflmax,ksmax,dt,nsound:  1.0000  0.0009    11.5703   14
          3511              0.469671 day 
 cflmax,ksmax,dt,nsound:  1.0000  0.0009    11.5704   14
          3512              0.469805 day 
 cflmax,ksmax,dt,nsound:  1.0000  0.0009    11.5704   14
          3513              0.469939 day 
 cflmax,ksmax,dt,nsound:  1.0000  0.0009    11.5705   14
          3514              0.470073 day 
 cflmax,ksmax,dt,nsound:  1.0000  0.0009    11.5705   14
          3515              0.470207 day 
 cflmax,ksmax,dt,nsound:  1.0000  0.0009    11.5705   14
          3516              0.470341 day 
 cflmax,ksmax,dt,nsound:  1.0000  0.0009    11.5705   14
          3517              0.470475 day 
 cflmax,ksmax,dt,nsound:  1.0000  0.0009    11.5706   14
          3518              0.470609 day 
 cflmax,ksmax,dt,nsound:  1.0000  0.0009    11.5706   14
          3519              0.470742 day 
 cflmax,ksmax,dt,nsound:  1.0000  0.0009    11.5705   14
          3520              0.470876 day 
 cflmax,ksmax,dt,nsound:  1.0000  0.0009    11.5704   14
          3521              0.471010 day 
 cflmax,ksmax,dt,nsound:  1.0000  0.0009    11.5704   14
          3522              0.471144 day 
 cflmax,ksmax,dt,nsound:  1.0000  0.0009    11.5703   14
          3523              0.471278 day 
 cflmax,ksmax,dt,nsound:  1.0000  0.0009    11.5702   14
          3524              0.471412 day 
 cflmax,ksmax,dt,nsound:  1.0000  0.0009    11.5702   14
          3525              0.471546 day 
 cflmax,ksmax,dt,nsound:  1.0000  0.0009    11.5702   14
          3526              0.471680 day 
 cflmax,ksmax,dt,nsound:  1.0000  0.0009    11.5701   14
          3527              0.471814 day 
 cflmax,ksmax,dt,nsound:  1.0000  0.0009    11.5701   14
          3528              0.471948 day 
 cflmax,ksmax,dt,nsound:  1.0000  0.0009    11.5701   14
          3529              0.472082 day 
   dorad =  T
 cflmax,ksmax,dt,nsound:  1.0000  0.0009    11.5700   14
 
 Entering RADIATION_DRIVER 
   rrtmg_lwrad 
   rrtmg_swrad 
 Leaving RADIATION_DRIVER 
 
          3530              0.472215 day 
 cflmax,ksmax,dt,nsound:  1.0000  0.0009    11.5700   14
          3531              0.472349 day 
 cflmax,ksmax,dt,nsound:  1.0000  0.0009    11.5699   14
          3532              0.472483 day 
 cflmax,ksmax,dt,nsound:  1.0000  0.0009    11.5699   14
          3533              0.472617 day 
 cflmax,ksmax,dt,nsound:  1.0000  0.0009    11.5698   14
          3534              0.472751 day 
 cflmax,ksmax,dt,nsound:  1.0000  0.0009    11.5698   14
          3535              0.472885 day 
 cflmax,ksmax,dt,nsound:  1.0000  0.0009    11.5698   14
          3536              0.473019 day 
 cflmax,ksmax,dt,nsound:  1.0000  0.0009    11.5697   14
          3537              0.473153 day 
 cflmax,ksmax,dt,nsound:  1.0000  0.0009    11.5697   14
          3538              0.473287 day 
 cflmax,ksmax,dt,nsound:  1.0000  0.0009    11.5696   14
          3539              0.473421 day 
 cflmax,ksmax,dt,nsound:  1.0000  0.0009    11.5695   14
          3540              0.473555 day 
 cflmax,ksmax,dt,nsound:  1.0000  0.0009    11.5695   14
          3541              0.473688 day 
 cflmax,ksmax,dt,nsound:  1.0000  0.0009    11.5694   14
          3542              0.473822 day 
 cflmax,ksmax,dt,nsound:  1.0000  0.0009    11.5694   14
          3543              0.473956 day 
 cflmax,ksmax,dt,nsound:  1.0000  0.0009    11.5693   14
          3544              0.474090 day 
 cflmax,ksmax,dt,nsound:  1.0000  0.0009    11.5693   14
          3545              0.474224 day 
 cflmax,ksmax,dt,nsound:  1.0000  0.0009    11.5692   14
          3546              0.474358 day 
 cflmax,ksmax,dt,nsound:  1.0000  0.0009    11.5692   14
          3547              0.474492 day 
 cflmax,ksmax,dt,nsound:  1.0000  0.0009    11.5692   14
          3548              0.474626 day 
 cflmax,ksmax,dt,nsound:  1.0000  0.0009    11.5691   14
          3549              0.474760 day 
 cflmax,ksmax,dt,nsound:  1.0000  0.0009    11.5691   14
          3550              0.474894 day 
 cflmax,ksmax,dt,nsound:  1.0000  0.0009    11.5691   14
          3551              0.475028 day 
 cflmax,ksmax,dt,nsound:  1.0000  0.0009    11.5691   14
          3552              0.475161 day 
 cflmax,ksmax,dt,nsound:  1.0000  0.0009    11.5691   14
          3553              0.475295 day 
 cflmax,ksmax,dt,nsound:  1.0000  0.0009    11.5691   14
          3554              0.475429 day 
 cflmax,ksmax,dt,nsound:  1.0000  0.0009    11.5691   14
          3555              0.475563 day 
   dorad =  T
 cflmax,ksmax,dt,nsound:  1.0000  0.0009    11.5692   14
 
 Entering RADIATION_DRIVER 
   rrtmg_lwrad 
   rrtmg_swrad 
 Leaving RADIATION_DRIVER 
 
          3556              0.475697 day 
 cflmax,ksmax,dt,nsound:  1.0000  0.0009    11.5692   14
          3557              0.475831 day 
 cflmax,ksmax,dt,nsound:  1.0000  0.0009    11.5692   14
          3558              0.475965 day 
 cflmax,ksmax,dt,nsound:  1.0000  0.0009    11.5693   14
          3559              0.476099 day 
 cflmax,ksmax,dt,nsound:  1.0000  0.0009    11.5693   14
          3560              0.476233 day 
 cflmax,ksmax,dt,nsound:  1.0000  0.0009    11.5694   14
          3561              0.476367 day 
 cflmax,ksmax,dt,nsound:  1.0000  0.0009    11.5694   14
          3562              0.476500 day 
 cflmax,ksmax,dt,nsound:  1.0000  0.0009    11.5695   14
          3563              0.476634 day 
 cflmax,ksmax,dt,nsound:  1.0000  0.0009    11.5695   14
          3564              0.476768 day 
 cflmax,ksmax,dt,nsound:  1.0000  0.0009    11.5696   14
          3565              0.476902 day 
 cflmax,ksmax,dt,nsound:  1.0000  0.0009    11.5697   14
          3566              0.477036 day 
 cflmax,ksmax,dt,nsound:  1.0000  0.0009    11.5698   14
          3567              0.477170 day 
 cflmax,ksmax,dt,nsound:  1.0000  0.0009    11.5699   14
          3568              0.477304 day 
 cflmax,ksmax,dt,nsound:  1.0000  0.0010    11.5699   14
          3569              0.477438 day 
 cflmax,ksmax,dt,nsound:  1.0000  0.0010    11.5700   14
          3570              0.477572 day 
 cflmax,ksmax,dt,nsound:  1.0000  0.0009    11.5700   14
          3571              0.477706 day 
 cflmax,ksmax,dt,nsound:  1.0000  0.0009    11.5701   14
          3572              0.477840 day 
 cflmax,ksmax,dt,nsound:  1.0000  0.0009    11.5702   14
          3573              0.477973 day 
 cflmax,ksmax,dt,nsound:  1.0000  0.0009    11.5702   14
          3574              0.478107 day 
 cflmax,ksmax,dt,nsound:  1.0000  0.0009    11.5702   14
          3575              0.478241 day 
 cflmax,ksmax,dt,nsound:  1.0000  0.0009    11.5701   14
          3576              0.478375 day 
 cflmax,ksmax,dt,nsound:  1.0000  0.0009    11.5701   14
          3577              0.478509 day 
 cflmax,ksmax,dt,nsound:  1.0000  0.0009    11.5701   14
          3578              0.478643 day 
 cflmax,ksmax,dt,nsound:  1.0000  0.0009    11.5701   14
          3579              0.478777 day 
 cflmax,ksmax,dt,nsound:  1.0000  0.0010    11.5701   14
          3580              0.478911 day 
 cflmax,ksmax,dt,nsound:  1.0000  0.0009    11.5700   14
          3581              0.479045 day 
   dorad =  T
 cflmax,ksmax,dt,nsound:  1.0000  0.0009    11.5700   14
 
 Entering RADIATION_DRIVER 
   rrtmg_lwrad 
   rrtmg_swrad 
 Leaving RADIATION_DRIVER 
 
          3582              0.479179 day 
 cflmax,ksmax,dt,nsound:  1.0000  0.0009    11.5699   14
          3583              0.479313 day 
 cflmax,ksmax,dt,nsound:  1.0000  0.0010    11.5699   14
          3584              0.479446 day 
 cflmax,ksmax,dt,nsound:  1.0000  0.0010    11.5699   14
          3585              0.479580 day 
 cflmax,ksmax,dt,nsound:  1.0000  0.0009    11.5698   14
          3586              0.479714 day 
 cflmax,ksmax,dt,nsound:  1.0000  0.0009    11.5698   14
          3587              0.479848 day 
 cflmax,ksmax,dt,nsound:  1.0000  0.0009    11.5698   14
          3588              0.479982 day 
 cflmax,ksmax,dt,nsound:  1.0000  0.0009    11.5698   14
          3589              0.480116 day 
 cflmax,ksmax,dt,nsound:  1.0000  0.0009    11.5697   14
          3590              0.480250 day 
 cflmax,ksmax,dt,nsound:  1.0000  0.0009    11.5697   14
          3591              0.480384 day 
 cflmax,ksmax,dt,nsound:  1.0000  0.0009    11.5697   14
          3592              0.480518 day 
 cflmax,ksmax,dt,nsound:  1.0000  0.0009    11.5697   14
          3593              0.480652 day 
 cflmax,ksmax,dt,nsound:  1.0000  0.0009    11.5697   14
          3594              0.480786 day 
 cflmax,ksmax,dt,nsound:  1.0000  0.0009    11.5697   14
          3595              0.480920 day 
 cflmax,ksmax,dt,nsound:  1.0000  0.0009    11.5698   14
          3596              0.481053 day 
 cflmax,ksmax,dt,nsound:  1.0000  0.0009    11.5698   14
          3597              0.481187 day 
 cflmax,ksmax,dt,nsound:  1.0000  0.0009    11.5697   14
          3598              0.481321 day 
 cflmax,ksmax,dt,nsound:  1.0000  0.0009    11.5697   14
          3599              0.481455 day 
 cflmax,ksmax,dt,nsound:  1.0000  0.0009    11.5696   14
          3600              0.481589 day 
 cflmax,ksmax,dt,nsound:  1.0000  0.0009    11.5696   14
          3601              0.481723 day 
 cflmax,ksmax,dt,nsound:  1.0000  0.0009    11.5695   14
          3602              0.481857 day 
 cflmax,ksmax,dt,nsound:  1.0000  0.0009    11.5694   14
          3603              0.481991 day 
 cflmax,ksmax,dt,nsound:  1.0000  0.0009    11.5693   14
          3604              0.482125 day 
 cflmax,ksmax,dt,nsound:  1.0000  0.0009    11.5692   14
          3605              0.482259 day 
 cflmax,ksmax,dt,nsound:  1.0000  0.0009    11.5691   14
          3606              0.482392 day 
 cflmax,ksmax,dt,nsound:  1.0000  0.0009    11.5690   14
          3607              0.482526 day 
   dorad =  T
 cflmax,ksmax,dt,nsound:  1.0000  0.0009    11.5689   14
 
 Entering RADIATION_DRIVER 
   rrtmg_lwrad 
   rrtmg_swrad 
 Leaving RADIATION_DRIVER 
 
          3608              0.482660 day 
 cflmax,ksmax,dt,nsound:  1.0000  0.0009    11.5688   14
          3609              0.482794 day 
 cflmax,ksmax,dt,nsound:  1.0000  0.0009    11.5687   14
          3610              0.482928 day 
 cflmax,ksmax,dt,nsound:  1.0000  0.0009    11.5686   14
          3611              0.483062 day 
 cflmax,ksmax,dt,nsound:  1.0000  0.0009    11.5685   14
          3612              0.483196 day 
 cflmax,ksmax,dt,nsound:  1.0000  0.0009    11.5685   14
          3613              0.483330 day 
 cflmax,ksmax,dt,nsound:  1.0000  0.0009    11.5684   14
          3614              0.483464 day 
 cflmax,ksmax,dt,nsound:  1.0000  0.0009    11.5683   14
          3615              0.483598 day 
 cflmax,ksmax,dt,nsound:  1.0000  0.0009    11.5682   14
          3616              0.483731 day 
 cflmax,ksmax,dt,nsound:  1.0000  0.0009    11.5682   14
          3617              0.483865 day 
 cflmax,ksmax,dt,nsound:  1.0000  0.0009    11.5682   14
          3618              0.483999 day 
 cflmax,ksmax,dt,nsound:  1.0000  0.0009    11.5681   14
          3619              0.484133 day 
 cflmax,ksmax,dt,nsound:  1.0000  0.0010    11.5681   14
          3620              0.484267 day 
 cflmax,ksmax,dt,nsound:  1.0000  0.0010    11.5680   14
          3621              0.484401 day 
 cflmax,ksmax,dt,nsound:  1.0000  0.0009    11.5680   14
          3622              0.484535 day 
 cflmax,ksmax,dt,nsound:  1.0000  0.0009    11.5680   14
          3623              0.484669 day 
 cflmax,ksmax,dt,nsound:  1.0000  0.0009    11.5679   14
          3624              0.484803 day 
 cflmax,ksmax,dt,nsound:  1.0000  0.0009    11.5679   14
          3625              0.484936 day 
 cflmax,ksmax,dt,nsound:  1.0000  0.0009    11.5679   14
          3626              0.485070 day 
 cflmax,ksmax,dt,nsound:  1.0000  0.0009    11.5679   14
          3627              0.485204 day 
 cflmax,ksmax,dt,nsound:  1.0000  0.0009    11.5679   14
          3628              0.485338 day 
 cflmax,ksmax,dt,nsound:  1.0000  0.0009    11.5679   14
          3629              0.485472 day 
 cflmax,ksmax,dt,nsound:  1.0000  0.0010    11.5679   14
          3630              0.485606 day 
 cflmax,ksmax,dt,nsound:  1.0000  0.0010    11.5679   14
          3631              0.485740 day 
 cflmax,ksmax,dt,nsound:  1.0000  0.0010    11.5679   14
          3632              0.485874 day 
 cflmax,ksmax,dt,nsound:  1.0000  0.0009    11.5679   14
          3633              0.486008 day 
   dorad =  T
 cflmax,ksmax,dt,nsound:  1.0000  0.0009    11.5679   14
 
 Entering RADIATION_DRIVER 
   rrtmg_lwrad 
   rrtmg_swrad 
 Leaving RADIATION_DRIVER 
 
          3634              0.486141 day 
 cflmax,ksmax,dt,nsound:  1.0000  0.0009    11.5680   14
          3635              0.486275 day 
 cflmax,ksmax,dt,nsound:  1.0000  0.0009    11.5680   14
          3636              0.486409 day 
 cflmax,ksmax,dt,nsound:  1.0000  0.0009    11.5680   14
          3637              0.486543 day 
 cflmax,ksmax,dt,nsound:  1.0000  0.0009    11.5681   14
          3638              0.486677 day 
 cflmax,ksmax,dt,nsound:  1.0000  0.0009    11.5681   14
          3639              0.486811 day 
 cflmax,ksmax,dt,nsound:  1.0000  0.0009    11.5682   14
          3640              0.486945 day 
 cflmax,ksmax,dt,nsound:  1.0000  0.0010    11.5682   14
          3641              0.487079 day 
 cflmax,ksmax,dt,nsound:  1.0000  0.0009    11.5682   14
          3642              0.487213 day 
 cflmax,ksmax,dt,nsound:  1.0000  0.0009    11.5683   14
          3643              0.487346 day 
 cflmax,ksmax,dt,nsound:  1.0000  0.0009    11.5684   14
          3644              0.487480 day 
 cflmax,ksmax,dt,nsound:  1.0000  0.0009    11.5684   14
          3645              0.487614 day 
 cflmax,ksmax,dt,nsound:  1.0000  0.0009    11.5685   14
          3646              0.487748 day 
 cflmax,ksmax,dt,nsound:  1.0000  0.0009    11.5686   14
          3647              0.487882 day 
 cflmax,ksmax,dt,nsound:  1.0000  0.0009    11.5686   14
          3648              0.488016 day 
 cflmax,ksmax,dt,nsound:  1.0000  0.0009    11.5686   14
          3649              0.488150 day 
 cflmax,ksmax,dt,nsound:  1.0000  0.0010    11.5685   14
          3650              0.488284 day 
 cflmax,ksmax,dt,nsound:  1.0000  0.0009    11.5685   14
          3651              0.488418 day 
 cflmax,ksmax,dt,nsound:  1.0000  0.0009    11.5685   14
          3652              0.488551 day 
 cflmax,ksmax,dt,nsound:  1.0000  0.0009    11.5685   14
          3653              0.488685 day 
 cflmax,ksmax,dt,nsound:  1.0000  0.0009    11.5685   14
          3654              0.488819 day 
 cflmax,ksmax,dt,nsound:  1.0000  0.0009    11.5685   14
          3655              0.488953 day 
 cflmax,ksmax,dt,nsound:  1.0000  0.0010    11.5685   14
          3656              0.489087 day 
 cflmax,ksmax,dt,nsound:  1.0000  0.0010    11.5685   14
          3657              0.489221 day 
 cflmax,ksmax,dt,nsound:  1.0000  0.0010    11.5685   14
          3658              0.489355 day 
 cflmax,ksmax,dt,nsound:  1.0000  0.0009    11.5685   14
          3659              0.489489 day 
   dorad =  T
 cflmax,ksmax,dt,nsound:  1.0000  0.0009    11.5685   14
 
 Entering RADIATION_DRIVER 
   rrtmg_lwrad 
   rrtmg_swrad 
 Leaving RADIATION_DRIVER 
 
          3660              0.489623 day 
 cflmax,ksmax,dt,nsound:  1.0000  0.0009    11.5685   14
          3661              0.489757 day 
 cflmax,ksmax,dt,nsound:  1.0000  0.0009    11.5685   14
          3662              0.489890 day 
 cflmax,ksmax,dt,nsound:  1.0000  0.0009    11.5685   14
          3663              0.490024 day 
 cflmax,ksmax,dt,nsound:  1.0000  0.0009    11.5685   14
          3664              0.490158 day 
 cflmax,ksmax,dt,nsound:  1.0000  0.0010    11.5685   14
          3665              0.490292 day 
 cflmax,ksmax,dt,nsound:  1.0000  0.0010    11.5685   14
          3666              0.490426 day 
 cflmax,ksmax,dt,nsound:  1.0000  0.0010    11.5684   14
          3667              0.490560 day 
 cflmax,ksmax,dt,nsound:  1.0000  0.0010    11.5683   14
          3668              0.490694 day 
 cflmax,ksmax,dt,nsound:  1.0000  0.0009    11.5682   14
          3669              0.490828 day 
 cflmax,ksmax,dt,nsound:  1.0000  0.0009    11.5682   14
          3670              0.490962 day 
 cflmax,ksmax,dt,nsound:  1.0000  0.0009    11.5681   14
          3671              0.491095 day 
 cflmax,ksmax,dt,nsound:  1.0000  0.0009    11.5680   14
          3672              0.491229 day 
 cflmax,ksmax,dt,nsound:  1.0000  0.0010    11.5679   14
          3673              0.491363 day 
 cflmax,ksmax,dt,nsound:  1.0000  0.0010    11.5679   14
          3674              0.491497 day 
 cflmax,ksmax,dt,nsound:  1.0000  0.0010    11.5678   14
          3675              0.491631 day 
 cflmax,ksmax,dt,nsound:  1.0000  0.0010    11.5678   14
          3676              0.491765 day 
 cflmax,ksmax,dt,nsound:  1.0000  0.0009    11.5677   14
          3677              0.491899 day 
 cflmax,ksmax,dt,nsound:  1.0000  0.0009    11.5676   14
          3678              0.492033 day 
 cflmax,ksmax,dt,nsound:  1.0000  0.0009    11.5676   14
          3679              0.492167 day 
 cflmax,ksmax,dt,nsound:  1.0000  0.0010    11.5676   14
          3680              0.492300 day 
 cflmax,ksmax,dt,nsound:  1.0000  0.0010    11.5675   14
          3681              0.492434 day 
 cflmax,ksmax,dt,nsound:  1.0000  0.0010    11.5675   14
          3682              0.492568 day 
 cflmax,ksmax,dt,nsound:  1.0000  0.0010    11.5675   14
          3683              0.492702 day 
 cflmax,ksmax,dt,nsound:  1.0000  0.0010    11.5674   14
          3684              0.492836 day 
 cflmax,ksmax,dt,nsound:  1.0000  0.0010    11.5674   14
          3685              0.492970 day 
   dorad =  T
 cflmax,ksmax,dt,nsound:  1.0000  0.0009    11.5674   14
 
 Entering RADIATION_DRIVER 
   rrtmg_lwrad 
   rrtmg_swrad 
 Leaving RADIATION_DRIVER 
 
          3686              0.493104 day 
 cflmax,ksmax,dt,nsound:  1.0000  0.0010    11.5674   14
          3687              0.493238 day 
 cflmax,ksmax,dt,nsound:  1.0000  0.0010    11.5674   14
          3688              0.493371 day 
 cflmax,ksmax,dt,nsound:  1.0000  0.0009    11.5674   14
          3689              0.493505 day 
 cflmax,ksmax,dt,nsound:  1.0000  0.0009    11.5674   14
          3690              0.493639 day 
 cflmax,ksmax,dt,nsound:  1.0000  0.0010    11.5674   14
          3691              0.493773 day 
 cflmax,ksmax,dt,nsound:  1.0000  0.0009    11.5675   14
          3692              0.493907 day 
 cflmax,ksmax,dt,nsound:  1.0000  0.0009    11.5675   14
          3693              0.494041 day 
 cflmax,ksmax,dt,nsound:  1.0000  0.0009    11.5674   14
          3694              0.494175 day 
 cflmax,ksmax,dt,nsound:  1.0000  0.0009    11.5673   14
          3695              0.494309 day 
 cflmax,ksmax,dt,nsound:  1.0000  0.0010    11.5673   14
          3696              0.494443 day 
 cflmax,ksmax,dt,nsound:  1.0000  0.0010    11.5672   14
          3697              0.494576 day 
 cflmax,ksmax,dt,nsound:  1.0000  0.0009    11.5672   14
          3698              0.494710 day 
 cflmax,ksmax,dt,nsound:  1.0000  0.0009    11.5671   14
          3699              0.494844 day 
 cflmax,ksmax,dt,nsound:  1.0000  0.0009    11.5671   14
          3700              0.494978 day 
 cflmax,ksmax,dt,nsound:  1.0000  0.0009    11.5671   14
          3701              0.495112 day 
 cflmax,ksmax,dt,nsound:  1.0000  0.0009    11.5670   14
          3702              0.495246 day 
 cflmax,ksmax,dt,nsound:  1.0000  0.0009    11.5670   14
          3703              0.495380 day 
 cflmax,ksmax,dt,nsound:  1.0000  0.0009    11.5670   14
          3704              0.495514 day 
 cflmax,ksmax,dt,nsound:  1.0000  0.0009    11.5670   14
          3705              0.495647 day 
 cflmax,ksmax,dt,nsound:  1.0000  0.0009    11.5669   14
          3706              0.495781 day 
 cflmax,ksmax,dt,nsound:  1.0000  0.0009    11.5669   14
          3707              0.495915 day 
 cflmax,ksmax,dt,nsound:  1.0000  0.0010    11.5669   14
          3708              0.496049 day 
 cflmax,ksmax,dt,nsound:  1.0000  0.0010    11.5669   14
          3709              0.496183 day 
 cflmax,ksmax,dt,nsound:  1.0000  0.0010    11.5669   14
          3710              0.496317 day 
 cflmax,ksmax,dt,nsound:  1.0000  0.0009    11.5669   14
          3711              0.496451 day 
   dorad =  T
 cflmax,ksmax,dt,nsound:  1.0000  0.0009    11.5670   14
 
 Entering RADIATION_DRIVER 
   rrtmg_lwrad 
   rrtmg_swrad 
 Leaving RADIATION_DRIVER 
 
          3712              0.496585 day 
 cflmax,ksmax,dt,nsound:  1.0000  0.0010    11.5670   14
          3713              0.496718 day 
 cflmax,ksmax,dt,nsound:  1.0000  0.0009    11.5670   14
          3714              0.496852 day 
 cflmax,ksmax,dt,nsound:  1.0000  0.0009    11.5671   14
          3715              0.496986 day 
 cflmax,ksmax,dt,nsound:  1.0000  0.0009    11.5671   14
          3716              0.497120 day 
 cflmax,ksmax,dt,nsound:  1.0000  0.0009    11.5672   14
          3717              0.497254 day 
 cflmax,ksmax,dt,nsound:  1.0000  0.0010    11.5672   14
          3718              0.497388 day 
 cflmax,ksmax,dt,nsound:  1.0000  0.0010    11.5673   14
          3719              0.497522 day 
 cflmax,ksmax,dt,nsound:  1.0000  0.0010    11.5674   14
          3720              0.497656 day 
 cflmax,ksmax,dt,nsound:  1.0000  0.0009    11.5675   14
          3721              0.497790 day 
 cflmax,ksmax,dt,nsound:  1.0000  0.0009    11.5676   14
          3722              0.497923 day 
 cflmax,ksmax,dt,nsound:  1.0000  0.0009    11.5676   14
          3723              0.498057 day 
 cflmax,ksmax,dt,nsound:  1.0000  0.0009    11.5675   14
          3724              0.498191 day 
 cflmax,ksmax,dt,nsound:  1.0000  0.0009    11.5674   14
          3725              0.498325 day 
 cflmax,ksmax,dt,nsound:  1.0000  0.0009    11.5674   14
          3726              0.498459 day 
 cflmax,ksmax,dt,nsound:  1.0000  0.0009    11.5673   14
          3727              0.498593 day 
 cflmax,ksmax,dt,nsound:  1.0000  0.0009    11.5673   14
          3728              0.498727 day 
 cflmax,ksmax,dt,nsound:  1.0000  0.0009    11.5672   14
          3729              0.498861 day 
 cflmax,ksmax,dt,nsound:  1.0000  0.0009    11.5672   14
          3730              0.498994 day 
 cflmax,ksmax,dt,nsound:  1.0000  0.0009    11.5672   14
          3731              0.499128 day 
 cflmax,ksmax,dt,nsound:  1.0000  0.0009    11.5672   14
          3732              0.499262 day 
 cflmax,ksmax,dt,nsound:  1.0000  0.0009    11.5672   14
          3733              0.499396 day 
 cflmax,ksmax,dt,nsound:  1.0000  0.0009    11.5672   14
          3734              0.499530 day 
 cflmax,ksmax,dt,nsound:  1.0000  0.0009    11.5672   14
   Note: setting dt based on upcoming stat time 
   Note: setting dt based on upcoming diag time 
          3735              0.499664 day 
 cflmax,ksmax,dt,nsound:  0.8370  0.0008     9.6816   12
   Note: setting dt based on upcoming stat time 
   Note: setting dt based on upcoming diag time 
          3736              0.499776 day 
 cflmax,ksmax,dt,nsound:  0.8370  0.0008     9.6816   12
   Note: setting dt based on upcoming stat time 
   Note: setting dt based on upcoming diag time 
          3737              0.499888 day 
   dorad =  T
   getvt =  T
   Getting dbz ... 
   dotbud =  T
   doqbud =  T
   doubud =  T
   dovbud =  T
   dowbud =  T
 cflmax,ksmax,dt,nsound:  0.8370  0.0008     9.6816   12
   Getting fall velocities for Morrison MP scheme 
 
 Entering RADIATION_DRIVER 
   rrtmg_lwrad 
   rrtmg_swrad 
 Leaving RADIATION_DRIVER 
 
  WMAX  :  0.573381E-01  814  225    4    WMIN  : -0.561635E-01  946  228   28
  UMAX  :   11.8688      211  355    9    UMIN  :  -43.2267      915  287   41
  SUMAX :   5.82180      805   73    1    SUMIN :   5.26088       54  140    1
  VMAX  :   1.32301       75   80    2    VMIN  : -0.175402      441   23   44
  SVMAX :   1.27963       73   80    1    SVMIN :  0.915231      201  134    1
  PPIMAX: -0.201988E-04  377  335    1    PPIMIN: -0.956266E-03  153  334   37
  PPMAX :  -7.09375      869  240    1    PPMIN :  -128.285      462   83   19
  THPMAX:   1.68172      852  285   45    THPMIN:  -2.17789      887  234   58
  STHPMX:  -1.51836       47  387    1    STHPMN:  -1.56402      745  390    1
  MAXqv :  0.220404E-01   53  140    1    MINqv :  0.302046E-05  103  142   44
  MAXqc :  0.272545E-05  747  411    6    MINqc :   0.00000        1    1    1
  MAXqr :  0.135835E-12  747  411    6    MINqr :   0.00000        1    1    1
  MAXqi :   0.00000        1    1    1    MINqi :   0.00000        1    1    1
  MAXqs :   0.00000        1    1    1    MINqs :   0.00000        1    1    1
  MAXqg :   0.00000        1    1    1    MINqg :   0.00000        1    1    1
  MAXnci:   0.00000        1    1    1    MINnci:   0.00000        1    1    1
  MAXncs:   0.00000        1    1    1    MINncs:   0.00000        1    1    1
  MAXncr:  0.238325E-02  747  411    6    MINncr:   0.00000        1    1    1
  MAXncg:   0.00000        1    1    1    MINncg:   0.00000        1    1    1
  PRATMX:   0.00000        1    1    1    PRATMN:   0.00000        1    1    1
  KMHMAX:   0.00000        1    1    1    KMHMIN:   0.00000        1    1    1
  KMVMAX:   14.3195      574   82    6    KMVMIN:   0.00000        1    1   66
  KHHMAX:   0.00000        1    1    1    KHHMIN:   0.00000        1    1    1
  KHVMAX:   14.3195      574   82    6    KHVMIN:   0.00000        1    1   66
  DIVMAX:  0.108917E-05  716  512    6    DIVMIN: -0.658445E-06    5  484    4
  RHMAX :   1.00000      504  294    6    RHMIN :  0.303505E-02  195  297   65
  RHIMAX:  0.928157      182   27   33    RHIMIN:  0.538084E-02  195  297   65
  THEMAX:   365.848       53  140    1    THEMIN:   318.551      533  323   18
  STHEMX:   365.848       53  140    1    STHEMN:   365.297      808   73    1
  QCTOP :    571.052612    1    1    1    QCBOT :    571.052612    1    1    1
  SFPMAX:   100712.      869  240    1    SFPMIN:   100712.      171   35    1
  PSFCMX:   100994.      869  240    1    PSFCMN:   100994.      479  105    1
  WSPMAX:   43.2267      915  287   41    WSPMIN:  0.445141      706   70   16
  SWSPMX:   5.91191      805   73    1    SWSPMN:   5.38625      565  331    1
  10MWMX:   5.50606      805   73    1    10MWMN:   5.02217      565  331    1
  HPBLMX:   597.701      869  105    1    HPBLMN:   568.007       56  139    1
  CFLMAX:      0.997739  915  287   41
  KSHMAX:   0.00000        0    0    0
  KSVMAX:  0.922932E-02  526  323    3
  VORSFC:  0.610309E-03
  VOR1KM:  0.226543E-03
  VOR2KM:  0.100321E-03
  VOR3KM:  0.771568E-04
  VOR4KM:  0.127788E-03
  VOR5KM:  0.686156E-04
  TMASS :  0.132247E+16
  TMOIS :  0.577829E+13
  qv MAS:  0.577829E+13
  qc MAS:  0.405653E+04
  qr MAS:  0.305449E-04
  qi MAS:  0.000000E+00
  qs MAS:  0.000000E+00
  qg MAS:  0.000000E+00
  TENERG:  0.342656E+21
  TMU   : -0.621692E+16
  TMV   :  0.122421E+15
  TMW   : -0.461484E+12
  TMFU  :  0.977717E+10
  TMFD  : -0.107836E+11
  tcond :  0.963852E+04
  tevac :  0.560087E+04
  tauto :  0.000000E+00
  taccr :  0.000000E+00
  tevar :  0.709896E-07
  train :  0.000000E+00
  erain :  0.000000E+00
  qsfc  :  0.811012E+11
  esfc  :  0.865195E+16
  erad  :  0.000000E+00
  asqv  :  0.000000E+00
  asqc  :  0.180582E+02
  asqr  : -0.171407E-04
  asqi  :  0.000000E+00
  asqs  :  0.000000E+00
  asqg  :  0.000000E+00
  asnci :  0.000000E+00
  asncs :  0.000000E+00
  asncr :  0.000000E+00
  asncg :  0.000000E+00
  bsqv  :  0.000000E+00
  bsqc  :  0.000000E+00
  bsqr  :  0.000000E+00
  bsqi  :  0.000000E+00
  bsqs  :  0.000000E+00
  bsqg  :  0.000000E+00
  bsnci :  0.000000E+00
  bsncs :  0.000000E+00
  bsncr :  0.000000E+00
  bsncg :  0.000000E+00
 cm1out_stats.ctl                                                               
                                          
   next stattim =    46800.0000000000     
          3738              0.500000 day 
 
  ..... begin domaindiag code ..... 
 
   nwritet =           13
 cm1out_diag_000013_s.dat                                                       
                                          
 cm1out_diag_000013_w.dat                                                       
                                          
   wloop =            1
           1 mtime
           2 nstep
           3 umove
           4 vmove
           5 domainlocx
           6 domainlocy
           7 ust
           8 stau
           9 znt
          10 tsk
          11 psfc
          12 qsfc
          13 thflux
          14 qvflux
          15 hfx
          16 qfx
          17 u10
          18 v10
          19 s10
          20 t2
          21 q2
          22 th2
          23 cd
          24 ch
          25 cq
          26 hpbl
          27 wspd
          28 zol
          29 br
          30 brcr
          31 phim
          32 phih
          33 psim
          34 psih
          35 tst
          36 qst
          37 mol
          38 rain
          39 prate
          40 cwp
          41 rwp
          42 lwp
          43 pwat
          44 spwr
          45 fwp
          46 iwp
          47 swp
          48 gwp
          49 tcwp
          50 cwpvar
          51 rwpvar
          52 lwpvar
          53 qcfrac_col
          54 qrfrac_col
          55 qlfrac_col
          56 qifrac_col
          57 qtfrac_col
          58 qcb
          59 qrb
          60 qlb
          61 qcbvar
          62 qrbvar
          63 qlbvar
          64 qct
          65 qrt
          66 qlt
          67 qctvar
          68 qrtvar
          69 qltvar
          70 lwupt
          71 lwdnt
          72 lwupb
          73 lwdnb
          74 swupt
          75 swdnt
          76 swupb
          77 swdnb
          78 lwuptc
          79 lwdntc
          80 lwupbc
          81 lwdnbc
          82 swuptc
          83 swdntc
          84 swupbc
          85 swdnbc
          86 lwcf
          87 swcf
          88 cape
          89 cin
          90 lcl
          91 lfc
          92 zmelt
          93 pmelt
          94 s u
          95 w uinterp
          96 s v
          97 w vinterp
          98 w w
          99 s th
         100 w thinterp
         101 s t
         102 s prs
         103 w prsinterp
         104 s rho
         105 w rhointerp
         106 s ppi
         107 s qv
         108 s qc
         109 s qr
         110 s qi
         111 s qs
         112 s qg
         113 s nci
         114 s ncs
         115 s ncr
         116 s ncg
         117 s shv
         118 s shc
         119 s shr
         120 s shi
         121 s shs
         122 s shg
         123 s qliq
         124 s qice
         125 s qt
         126 s dbz
         127 s fc
         128 s fr
         129 s fi
         130 s fs
         131 s fg
         132 s precc
         133 s precr
         134 s preci
         135 s precs
         136 s precg
         137 s prec
         138 s qcfrac
         139 s qrfrac
         140 s qlfrac
         141 s qifrac
         142 s qtfrac
         143 s clw
         144 s cli
         145 s plw
         146 s pli
         147 s thv
         148 s brz
         149 s thl
         150 s the
         151 s rh
         152 s rhi
         153 w dissten
         154 w epst
         155 w nm
         156 w defh
         157 w defv
         158 w kmh
         159 w kmv
         160 w khh
         161 w khv
         162 w pr
         163 w rinum
         164 w grdscl
         165 s wsp
         166 w wspinterp
         167 s wspan
         168 s wspa
         169 s sdwsp
         170 s o3
         171 s swten
         172 s lwten
         173 s swtenc
         174 s lwtenc
         175 s cldfra
         176 s effc
         177 s effr
         178 s effs
         179 s effi
         180 s effg
         181 s effis
         182 w ndws
         183 w ndws2
         184 w dtdz
         185 w dudz
         186 w dvdz
         187 w dsdz
         188 w dqvdz
         189 s ug
         190 s vg
         191 s u0
         192 s v0
         193 s upup
         194 s upupup
         195 s vpvp
         196 s vpvpvp
         197 s wpwp
         198 s upvp
         199 s upwp
         200 s vpwp
         201 s thvarr
         202 w thvarrinterp
         203 s tptptp
         204 s uptp
         205 s vptp
         206 s thvvarr
         207 s thlvarr
         208 s qvvarr
         209 s qpqpqp
         210 s qlvarr
         211 s qtvarr
         212 s wpwptp
         213 s wptptp
         214 w upup_w
         215 w vpvp_w
         216 w wpwp_w
         217 w upvp_w
         218 w upwp_w
         219 w vpwp_w
         220 w wpwpwp
         221 w wpupup
         222 w wpvpvp
         223 w ufr
         224 w ufs
         225 w ufd
         226 w vfr
         227 w vfs
         228 w vfd
         229 w thfr
         230 w thfs
         231 w thfd
         232 w thvfr
         233 w thvfs
         234 w thvfd
         235 w thlfr
         236 w thlfs
         237 w thlfd
         238 w qvfr
         239 w qvfs
         240 w qvfd
         241 w qlfr
         242 w qlfs
         243 w qlfd
         244 w qtfr
         245 w qtfs
         246 w qtfd
         247 s ptb_vturbr
         248 s ptb_vturbs
         249 s ptb_vturbd
         250 s ptb_frc
         251 s qvb_vturbr
         252 s qvb_vturbs
         253 s qvb_vturbd
         254 s qvb_frc
         255 s ub_vturbr
         256 s ub_vturbs
         257 s ub_vturbd
         258 s ub_lspg
         259 s ub_frc
         260 s vb_vturbr
         261 s vb_vturbs
         262 s vb_vturbd
         263 s vb_lspg
         264 s vb_frc
         265 s rtke
         266 w rtke_w
         267 w wprof
         268 w wmax
         269 w wmin
         270 s tmfu
         271 s tmfd
         272 s wspmax
         273 s wspmin
         274 s zetamax
         275 s zetamin
         276 wvar_max
         277 wstar
         278 fbmin
         279 zfbmin
 
  ..... end domaindiag code ..... 
 
   next diagtim =    46800.0000000000     
 cflmax,ksmax,dt,nsound:  0.9207  0.0009    10.6497   14
          3739              0.500123 day 
 cflmax,ksmax,dt,nsound:  1.0000  0.0009    11.5668   14
          3740              0.500257 day 
 cflmax,ksmax,dt,nsound:  1.0000  0.0009    11.5666   14
          3741              0.500391 day 
 cflmax,ksmax,dt,nsound:  1.0000  0.0009    11.5664   14
          3742              0.500525 day 
 cflmax,ksmax,dt,nsound:  1.0000  0.0009    11.5662   14
          3743              0.500659 day 
 cflmax,ksmax,dt,nsound:  1.0000  0.0009    11.5660   14
          3744              0.500793 day 
 cflmax,ksmax,dt,nsound:  1.0000  0.0009    11.5658   14
          3745              0.500926 day 
 cflmax,ksmax,dt,nsound:  1.0000  0.0010    11.5657   14
          3746              0.501060 day 
 cflmax,ksmax,dt,nsound:  1.0000  0.0010    11.5655   14
          3747              0.501194 day 
 cflmax,ksmax,dt,nsound:  1.0000  0.0009    11.5654   14
          3748              0.501328 day 
 cflmax,ksmax,dt,nsound:  1.0000  0.0009    11.5652   14
          3749              0.501462 day 
 cflmax,ksmax,dt,nsound:  1.0000  0.0009    11.5651   14
          3750              0.501596 day 
 cflmax,ksmax,dt,nsound:  1.0000  0.0009    11.5649   14
          3751              0.501730 day 
 cflmax,ksmax,dt,nsound:  1.0000  0.0010    11.5648   14
          3752              0.501863 day 
 cflmax,ksmax,dt,nsound:  1.0000  0.0010    11.5647   14
          3753              0.501997 day 
 cflmax,ksmax,dt,nsound:  1.0000  0.0009    11.5646   14
          3754              0.502131 day 
 cflmax,ksmax,dt,nsound:  1.0000  0.0009    11.5645   14
          3755              0.502265 day 
 cflmax,ksmax,dt,nsound:  1.0000  0.0009    11.5644   14
          3756              0.502399 day 
 cflmax,ksmax,dt,nsound:  1.0000  0.0009    11.5643   14
          3757              0.502533 day 
 cflmax,ksmax,dt,nsound:  1.0000  0.0009    11.5642   14
          3758              0.502667 day 
 cflmax,ksmax,dt,nsound:  1.0000  0.0009    11.5642   14
          3759              0.502800 day 
 cflmax,ksmax,dt,nsound:  1.0000  0.0009    11.5641   14
          3760              0.502934 day 
 cflmax,ksmax,dt,nsound:  1.0000  0.0010    11.5641   14
          3761              0.503068 day 
 cflmax,ksmax,dt,nsound:  1.0000  0.0010    11.5640   14
          3762              0.503202 day 
 cflmax,ksmax,dt,nsound:  1.0000  0.0010    11.5640   14
          3763              0.503336 day 
   dorad =  T
 cflmax,ksmax,dt,nsound:  1.0000  0.0009    11.5640   14
 
 Entering RADIATION_DRIVER 
   rrtmg_lwrad 
   rrtmg_swrad 
 Leaving RADIATION_DRIVER 
 
          3764              0.503470 day 
 cflmax,ksmax,dt,nsound:  1.0000  0.0009    11.5640   14
          3765              0.503603 day 
 cflmax,ksmax,dt,nsound:  1.0000  0.0009    11.5640   14
          3766              0.503737 day 
 cflmax,ksmax,dt,nsound:  1.0000  0.0009    11.5640   14
          3767              0.503871 day 
 cflmax,ksmax,dt,nsound:  1.0000  0.0010    11.5640   14
          3768              0.504005 day 
 cflmax,ksmax,dt,nsound:  1.0000  0.0009    11.5640   14
          3769              0.504139 day 
 cflmax,ksmax,dt,nsound:  1.0000  0.0009    11.5640   14
          3770              0.504273 day 
 cflmax,ksmax,dt,nsound:  1.0000  0.0009    11.5641   14
          3771              0.504407 day 
 cflmax,ksmax,dt,nsound:  1.0000  0.0009    11.5641   14
          3772              0.504540 day 
 cflmax,ksmax,dt,nsound:  1.0000  0.0009    11.5641   14
          3773              0.504674 day 
 cflmax,ksmax,dt,nsound:  1.0000  0.0009    11.5642   14
          3774              0.504808 day 
 cflmax,ksmax,dt,nsound:  1.0000  0.0009    11.5643   14
          3775              0.504942 day 
 cflmax,ksmax,dt,nsound:  1.0000  0.0010    11.5644   14
          3776              0.505076 day 
 cflmax,ksmax,dt,nsound:  1.0000  0.0009    11.5644   14
          3777              0.505210 day 
 cflmax,ksmax,dt,nsound:  1.0000  0.0009    11.5645   14
          3778              0.505343 day 
 cflmax,ksmax,dt,nsound:  1.0000  0.0009    11.5646   14
          3779              0.505477 day 
 cflmax,ksmax,dt,nsound:  1.0000  0.0009    11.5648   14
          3780              0.505611 day 
 cflmax,ksmax,dt,nsound:  1.0000  0.0009    11.5649   14
          3781              0.505745 day 
 cflmax,ksmax,dt,nsound:  1.0000  0.0009    11.5650   14
          3782              0.505879 day 
 cflmax,ksmax,dt,nsound:  1.0000  0.0009    11.5652   14
          3783              0.506013 day 
 cflmax,ksmax,dt,nsound:  1.0000  0.0009    11.5653   14
          3784              0.506147 day 
 cflmax,ksmax,dt,nsound:  1.0000  0.0009    11.5655   14
          3785              0.506280 day 
 cflmax,ksmax,dt,nsound:  1.0000  0.0010    11.5657   14
          3786              0.506414 day 
 cflmax,ksmax,dt,nsound:  1.0000  0.0009    11.5659   14
          3787              0.506548 day 
 cflmax,ksmax,dt,nsound:  1.0000  0.0009    11.5661   14
          3788              0.506682 day 
 cflmax,ksmax,dt,nsound:  1.0000  0.0009    11.5663   14
          3789              0.506816 day 
   dorad =  T
 cflmax,ksmax,dt,nsound:  1.0000  0.0009    11.5665   14
 
 Entering RADIATION_DRIVER 
   rrtmg_lwrad 
   rrtmg_swrad 
 Leaving RADIATION_DRIVER 
 
          3790              0.506950 day 
 cflmax,ksmax,dt,nsound:  1.0000  0.0009    11.5664   14
          3791              0.507084 day 
 cflmax,ksmax,dt,nsound:  1.0000  0.0009    11.5663   14
          3792              0.507217 day 
 cflmax,ksmax,dt,nsound:  1.0000  0.0009    11.5663   14
          3793              0.507351 day 
 cflmax,ksmax,dt,nsound:  1.0000  0.0009    11.5662   14
          3794              0.507485 day 
 cflmax,ksmax,dt,nsound:  1.0000  0.0009    11.5662   14
          3795              0.507619 day 
 cflmax,ksmax,dt,nsound:  1.0000  0.0010    11.5661   14
          3796              0.507753 day 
 cflmax,ksmax,dt,nsound:  1.0000  0.0009    11.5661   14
          3797              0.507887 day 
 cflmax,ksmax,dt,nsound:  1.0000  0.0009    11.5660   14
          3798              0.508021 day 
 cflmax,ksmax,dt,nsound:  1.0000  0.0009    11.5659   14
          3799              0.508155 day 
 cflmax,ksmax,dt,nsound:  1.0000  0.0010    11.5659   14
          3800              0.508288 day 
 cflmax,ksmax,dt,nsound:  1.0000  0.0010    11.5658   14
          3801              0.508422 day 
 cflmax,ksmax,dt,nsound:  1.0000  0.0010    11.5657   14
          3802              0.508556 day 
 cflmax,ksmax,dt,nsound:  1.0000  0.0009    11.5656   14
          3803              0.508690 day 
 cflmax,ksmax,dt,nsound:  1.0000  0.0009    11.5654   14
          3804              0.508824 day 
 cflmax,ksmax,dt,nsound:  1.0000  0.0009    11.5652   14
          3805              0.508958 day 
 cflmax,ksmax,dt,nsound:  1.0000  0.0009    11.5651   14
          3806              0.509092 day 
 cflmax,ksmax,dt,nsound:  1.0000  0.0009    11.5649   14
          3807              0.509225 day 
 cflmax,ksmax,dt,nsound:  1.0000  0.0009    11.5648   14
          3808              0.509359 day 
 cflmax,ksmax,dt,nsound:  1.0000  0.0009    11.5647   14
          3809              0.509493 day 
 cflmax,ksmax,dt,nsound:  1.0000  0.0010    11.5646   14
          3810              0.509627 day 
 cflmax,ksmax,dt,nsound:  1.0000  0.0010    11.5644   14
          3811              0.509761 day 
 cflmax,ksmax,dt,nsound:  1.0000  0.0009    11.5643   14
          3812              0.509895 day 
 cflmax,ksmax,dt,nsound:  1.0000  0.0009    11.5642   14
          3813              0.510029 day 
 cflmax,ksmax,dt,nsound:  1.0000  0.0009    11.5641   14
          3814              0.510162 day 
 cflmax,ksmax,dt,nsound:  1.0000  0.0009    11.5640   14
          3815              0.510296 day 
   dorad =  T
 cflmax,ksmax,dt,nsound:  1.0000  0.0009    11.5640   14
 
 Entering RADIATION_DRIVER 
   rrtmg_lwrad 
   rrtmg_swrad 
 Leaving RADIATION_DRIVER 
 
          3816              0.510430 day 
 cflmax,ksmax,dt,nsound:  1.0000  0.0009    11.5639   14
          3817              0.510564 day 
 cflmax,ksmax,dt,nsound:  1.0000  0.0009    11.5638   14
          3818              0.510698 day 
 cflmax,ksmax,dt,nsound:  1.0000  0.0009    11.5638   14
          3819              0.510832 day 
 cflmax,ksmax,dt,nsound:  1.0000  0.0009    11.5637   14
          3820              0.510965 day 
 cflmax,ksmax,dt,nsound:  1.0000  0.0009    11.5637   14
          3821              0.511099 day 
 cflmax,ksmax,dt,nsound:  1.0000  0.0009    11.5637   14
          3822              0.511233 day 
 cflmax,ksmax,dt,nsound:  1.0000  0.0009    11.5637   14
          3823              0.511367 day 
 cflmax,ksmax,dt,nsound:  1.0000  0.0009    11.5637   14
          3824              0.511501 day 
 cflmax,ksmax,dt,nsound:  1.0000  0.0009    11.5637   14
          3825              0.511635 day 
 cflmax,ksmax,dt,nsound:  1.0000  0.0009    11.5637   14
          3826              0.511768 day 
 cflmax,ksmax,dt,nsound:  1.0000  0.0009    11.5637   14
          3827              0.511902 day 
 cflmax,ksmax,dt,nsound:  1.0000  0.0009    11.5637   14
          3828              0.512036 day 
 cflmax,ksmax,dt,nsound:  1.0000  0.0009    11.5638   14
          3829              0.512170 day 
 cflmax,ksmax,dt,nsound:  1.0000  0.0009    11.5638   14
          3830              0.512304 day 
 cflmax,ksmax,dt,nsound:  1.0000  0.0009    11.5639   14
          3831              0.512438 day 
 cflmax,ksmax,dt,nsound:  1.0000  0.0009    11.5639   14
          3832              0.512571 day 
 cflmax,ksmax,dt,nsound:  1.0000  0.0009    11.5640   14
          3833              0.512705 day 
 cflmax,ksmax,dt,nsound:  1.0000  0.0009    11.5640   14
          3834              0.512839 day 
 cflmax,ksmax,dt,nsound:  1.0000  0.0009    11.5641   14
          3835              0.512973 day 
 cflmax,ksmax,dt,nsound:  1.0000  0.0009    11.5642   14
          3836              0.513107 day 
 cflmax,ksmax,dt,nsound:  1.0000  0.0009    11.5643   14
          3837              0.513241 day 
 cflmax,ksmax,dt,nsound:  1.0000  0.0009    11.5644   14
          3838              0.513375 day 
 cflmax,ksmax,dt,nsound:  1.0000  0.0009    11.5645   14
          3839              0.513508 day 
 cflmax,ksmax,dt,nsound:  1.0000  0.0009    11.5647   14
          3840              0.513642 day 
 cflmax,ksmax,dt,nsound:  1.0000  0.0009    11.5648   14
          3841              0.513776 day 
   dorad =  T
 cflmax,ksmax,dt,nsound:  1.0000  0.0009    11.5650   14
 
 Entering RADIATION_DRIVER 
   rrtmg_lwrad 
   rrtmg_swrad 
 Leaving RADIATION_DRIVER 
 
          3842              0.513910 day 
 cflmax,ksmax,dt,nsound:  1.0000  0.0009    11.5651   14
          3843              0.514044 day 
 cflmax,ksmax,dt,nsound:  1.0000  0.0009    11.5653   14
          3844              0.514178 day 
 cflmax,ksmax,dt,nsound:  1.0000  0.0009    11.5654   14
          3845              0.514312 day 
 cflmax,ksmax,dt,nsound:  1.0000  0.0009    11.5654   14
          3846              0.514445 day 
 cflmax,ksmax,dt,nsound:  1.0000  0.0009    11.5654   14
          3847              0.514579 day 
 cflmax,ksmax,dt,nsound:  1.0000  0.0009    11.5655   14
          3848              0.514713 day 
 cflmax,ksmax,dt,nsound:  1.0000  0.0009    11.5655   14
          3849              0.514847 day 
 cflmax,ksmax,dt,nsound:  1.0000  0.0009    11.5656   14
          3850              0.514981 day 
 cflmax,ksmax,dt,nsound:  1.0000  0.0009    11.5656   14
          3851              0.515115 day 
 cflmax,ksmax,dt,nsound:  1.0000  0.0009    11.5656   14
          3852              0.515249 day 
 cflmax,ksmax,dt,nsound:  1.0000  0.0039    11.5656   14
          3853              0.515382 day 
 cflmax,ksmax,dt,nsound:  1.0000  0.0009    11.5656   14
          3854              0.515516 day 
 cflmax,ksmax,dt,nsound:  1.0000  0.0009    11.5656   14
          3855              0.515650 day 
 cflmax,ksmax,dt,nsound:  1.0000  0.0009    11.5656   14
          3856              0.515784 day 
 cflmax,ksmax,dt,nsound:  1.0000  0.0009    11.5656   14
          3857              0.515918 day 
 cflmax,ksmax,dt,nsound:  1.0000  0.0009    11.5656   14
          3858              0.516052 day 
 cflmax,ksmax,dt,nsound:  1.0000  0.0009    11.5657   14
          3859              0.516186 day 
 cflmax,ksmax,dt,nsound:  1.0000  0.0009    11.5657   14
          3860              0.516319 day 
 cflmax,ksmax,dt,nsound:  1.0000  0.0039    11.5655   14
          3861              0.516453 day 
 cflmax,ksmax,dt,nsound:  1.0000  0.0009    11.5653   14
          3862              0.516587 day 
 cflmax,ksmax,dt,nsound:  1.0000  0.0039    11.5651   14
          3863              0.516721 day 
 cflmax,ksmax,dt,nsound:  1.0000  0.0009    11.5650   14
          3864              0.516855 day 
 cflmax,ksmax,dt,nsound:  1.0000  0.0009    11.5649   14
          3865              0.516989 day 
 cflmax,ksmax,dt,nsound:  1.0000  0.0009    11.5647   14
          3866              0.517123 day 
 cflmax,ksmax,dt,nsound:  1.0000  0.0039    11.5646   14
          3867              0.517256 day 
   dorad =  T
 cflmax,ksmax,dt,nsound:  1.0000  0.0039    11.5645   14
 
 Entering RADIATION_DRIVER 
   rrtmg_lwrad 
   rrtmg_swrad 
 Leaving RADIATION_DRIVER 
 
          3868              0.517390 day 
 cflmax,ksmax,dt,nsound:  1.0000  0.0039    11.5643   14
          3869              0.517524 day 
 cflmax,ksmax,dt,nsound:  1.0000  0.0039    11.5642   14
          3870              0.517658 day 
 cflmax,ksmax,dt,nsound:  1.0000  0.0039    11.5641   14
          3871              0.517792 day 
 cflmax,ksmax,dt,nsound:  1.0000  0.0039    11.5640   14
          3872              0.517926 day 
 cflmax,ksmax,dt,nsound:  1.0000  0.0039    11.5640   14
          3873              0.518059 day 
 cflmax,ksmax,dt,nsound:  1.0000  0.0039    11.5639   14
          3874              0.518193 day 
 cflmax,ksmax,dt,nsound:  1.0000  0.0039    11.5638   14
          3875              0.518327 day 
 cflmax,ksmax,dt,nsound:  1.0000  0.0039    11.5638   14
          3876              0.518461 day 
 cflmax,ksmax,dt,nsound:  1.0000  0.0039    11.5638   14
          3877              0.518595 day 
 cflmax,ksmax,dt,nsound:  1.0000  0.0039    11.5637   14
          3878              0.518729 day 
 cflmax,ksmax,dt,nsound:  1.0000  0.0039    11.5637   14
          3879              0.518863 day 
 cflmax,ksmax,dt,nsound:  1.0000  0.0039    11.5637   14
          3880              0.518996 day 
 cflmax,ksmax,dt,nsound:  1.0000  0.0039    11.5637   14
          3881              0.519130 day 
 cflmax,ksmax,dt,nsound:  1.0000  0.0039    11.5637   14
          3882              0.519264 day 
 cflmax,ksmax,dt,nsound:  1.0000  0.0039    11.5637   14
          3883              0.519398 day 
 cflmax,ksmax,dt,nsound:  1.0000  0.0039    11.5637   14
          3884              0.519532 day 
 cflmax,ksmax,dt,nsound:  1.0000  0.0039    11.5638   14
          3885              0.519666 day 
 cflmax,ksmax,dt,nsound:  1.0000  0.0039    11.5638   14
          3886              0.519799 day 
 cflmax,ksmax,dt,nsound:  1.0000  0.0039    11.5639   14
          3887              0.519933 day 
 cflmax,ksmax,dt,nsound:  1.0000  0.0039    11.5639   14
          3888              0.520067 day 
 cflmax,ksmax,dt,nsound:  1.0000  0.0039    11.5640   14
          3889              0.520201 day 
 cflmax,ksmax,dt,nsound:  1.0000  0.0039    11.5641   14
          3890              0.520335 day 
 cflmax,ksmax,dt,nsound:  1.0000  0.0039    11.5642   14
          3891              0.520469 day 
 cflmax,ksmax,dt,nsound:  1.0000  0.0039    11.5643   14
          3892              0.520602 day 
 cflmax,ksmax,dt,nsound:  1.0000  0.0039    11.5644   14
          3893              0.520736 day 
   dorad =  T
 cflmax,ksmax,dt,nsound:  1.0000  0.0039    11.5645   14
 
 Entering RADIATION_DRIVER 
   rrtmg_lwrad 
   rrtmg_swrad 
 Leaving RADIATION_DRIVER 
 
          3894              0.520870 day 
 cflmax,ksmax,dt,nsound:  1.0000  0.0039    11.5646   14
          3895              0.521004 day 
 cflmax,ksmax,dt,nsound:  1.0000  0.0039    11.5647   14
          3896              0.521138 day 
 cflmax,ksmax,dt,nsound:  1.0000  0.0039    11.5649   14
          3897              0.521272 day 
 cflmax,ksmax,dt,nsound:  1.0000  0.0039    11.5649   14
          3898              0.521406 day 
 cflmax,ksmax,dt,nsound:  1.0000  0.0039    11.5647   14
          3899              0.521539 day 
 cflmax,ksmax,dt,nsound:  1.0000  0.0039    11.5646   14
          3900              0.521673 day 
 cflmax,ksmax,dt,nsound:  1.0000  0.0039    11.5645   14
          3901              0.521807 day 
 cflmax,ksmax,dt,nsound:  1.0000  0.0039    11.5644   14
          3902              0.521941 day 
 cflmax,ksmax,dt,nsound:  1.0000  0.0039    11.5643   14
          3903              0.522075 day 
 cflmax,ksmax,dt,nsound:  1.0000  0.0039    11.5642   14
          3904              0.522209 day 
 cflmax,ksmax,dt,nsound:  1.0000  0.0039    11.5641   14
          3905              0.522343 day 
 cflmax,ksmax,dt,nsound:  1.0000  0.0039    11.5640   14
          3906              0.522476 day 
 cflmax,ksmax,dt,nsound:  1.0000  0.0039    11.5639   14
          3907              0.522610 day 
 cflmax,ksmax,dt,nsound:  1.0000  0.0039    11.5638   14
          3908              0.522744 day 
 cflmax,ksmax,dt,nsound:  1.0000  0.0039    11.5637   14
          3909              0.522878 day 
 cflmax,ksmax,dt,nsound:  1.0000  0.0040    11.5636   14
          3910              0.523012 day 
 cflmax,ksmax,dt,nsound:  1.0000  0.0039    11.5635   14
          3911              0.523145 day 
 cflmax,ksmax,dt,nsound:  1.0000  0.0039    11.5635   14
          3912              0.523279 day 
 cflmax,ksmax,dt,nsound:  1.0000  0.0040    11.5634   14
          3913              0.523413 day 
 cflmax,ksmax,dt,nsound:  1.0000  0.0039    11.5634   14
          3914              0.523547 day 
 cflmax,ksmax,dt,nsound:  1.0000  0.0040    11.5633   14
          3915              0.523681 day 
 cflmax,ksmax,dt,nsound:  1.0000  0.0039    11.5633   14
          3916              0.523815 day 
 cflmax,ksmax,dt,nsound:  1.0000  0.0039    11.5632   14
          3917              0.523949 day 
 cflmax,ksmax,dt,nsound:  1.0000  0.0040    11.5632   14
          3918              0.524082 day 
 cflmax,ksmax,dt,nsound:  1.0000  0.0039    11.5631   14
          3919              0.524216 day 
   dorad =  T
 cflmax,ksmax,dt,nsound:  1.0000  0.0040    11.5631   14
 
 Entering RADIATION_DRIVER 
   rrtmg_lwrad 
   rrtmg_swrad 
 Leaving RADIATION_DRIVER 
 
          3920              0.524350 day 
 cflmax,ksmax,dt,nsound:  1.0000  0.0040    11.5631   14
          3921              0.524484 day 
 cflmax,ksmax,dt,nsound:  1.0000  0.0040    11.5630   14
          3922              0.524618 day 
 cflmax,ksmax,dt,nsound:  1.0000  0.0040    11.5630   14
          3923              0.524752 day 
 cflmax,ksmax,dt,nsound:  1.0000  0.0040    11.5630   14
          3924              0.524885 day 
 cflmax,ksmax,dt,nsound:  1.0000  0.0040    11.5630   14
          3925              0.525019 day 
 cflmax,ksmax,dt,nsound:  1.0000  0.0040    11.5630   14
          3926              0.525153 day 
 cflmax,ksmax,dt,nsound:  1.0000  0.0040    11.5630   14
          3927              0.525287 day 
 cflmax,ksmax,dt,nsound:  1.0000  0.0040    11.5629   14
          3928              0.525421 day 
 cflmax,ksmax,dt,nsound:  1.0000  0.0040    11.5629   14
          3929              0.525555 day 
 cflmax,ksmax,dt,nsound:  1.0000  0.0040    11.5629   14
          3930              0.525688 day 
 cflmax,ksmax,dt,nsound:  1.0000  0.0040    11.5629   14
          3931              0.525822 day 
 cflmax,ksmax,dt,nsound:  1.0000  0.0040    11.5629   14
          3932              0.525956 day 
 cflmax,ksmax,dt,nsound:  1.0000  0.0040    11.5628   14
          3933              0.526090 day 
 cflmax,ksmax,dt,nsound:  1.0000  0.0040    11.5628   14
          3934              0.526224 day 
 cflmax,ksmax,dt,nsound:  1.0000  0.0040    11.5628   14
          3935              0.526358 day 
 cflmax,ksmax,dt,nsound:  1.0000  0.0040    11.5628   14
          3936              0.526491 day 
 cflmax,ksmax,dt,nsound:  1.0000  0.0040    11.5628   14
          3937              0.526625 day 
 cflmax,ksmax,dt,nsound:  1.0000  0.0040    11.5628   14
          3938              0.526759 day 
 cflmax,ksmax,dt,nsound:  1.0000  0.0040    11.5628   14
          3939              0.526893 day 
 cflmax,ksmax,dt,nsound:  1.0000  0.0040    11.5628   14
          3940              0.527027 day 
 cflmax,ksmax,dt,nsound:  1.0000  0.0040    11.5628   14
          3941              0.527160 day 
 cflmax,ksmax,dt,nsound:  1.0000  0.0040    11.5629   14
          3942              0.527294 day 
 cflmax,ksmax,dt,nsound:  1.0000  0.0040    11.5629   14
          3943              0.527428 day 
 cflmax,ksmax,dt,nsound:  1.0000  0.0040    11.5630   14
          3944              0.527562 day 
 cflmax,ksmax,dt,nsound:  1.0000  0.0040    11.5630   14
          3945              0.527696 day 
   dorad =  T
 cflmax,ksmax,dt,nsound:  1.0000  0.0040    11.5631   14
 
 Entering RADIATION_DRIVER 
   rrtmg_lwrad 
   rrtmg_swrad 
 Leaving RADIATION_DRIVER 
 
          3946              0.527830 day 
 cflmax,ksmax,dt,nsound:  1.0000  0.0040    11.5630   14
          3947              0.527963 day 
 cflmax,ksmax,dt,nsound:  1.0000  0.0040    11.5630   14
          3948              0.528097 day 
 cflmax,ksmax,dt,nsound:  1.0000  0.0040    11.5629   14
          3949              0.528231 day 
 cflmax,ksmax,dt,nsound:  1.0000  0.0040    11.5628   14
          3950              0.528365 day 
 cflmax,ksmax,dt,nsound:  1.0000  0.0040    11.5628   14
          3951              0.528499 day 
 cflmax,ksmax,dt,nsound:  1.0000  0.0040    11.5627   14
          3952              0.528633 day 
 cflmax,ksmax,dt,nsound:  1.0000  0.0040    11.5627   14
          3953              0.528766 day 
 cflmax,ksmax,dt,nsound:  1.0000  0.0040    11.5627   14
          3954              0.528900 day 
 cflmax,ksmax,dt,nsound:  1.0000  0.0040    11.5627   14
          3955              0.529034 day 
 cflmax,ksmax,dt,nsound:  1.0000  0.0040    11.5627   14
          3956              0.529168 day 
 cflmax,ksmax,dt,nsound:  1.0000  0.0040    11.5626   14
          3957              0.529302 day 
 cflmax,ksmax,dt,nsound:  1.0000  0.0040    11.5627   14
          3958              0.529436 day 
 cflmax,ksmax,dt,nsound:  1.0000  0.0040    11.5627   14
          3959              0.529569 day 
 cflmax,ksmax,dt,nsound:  1.0000  0.0040    11.5627   14
          3960              0.529703 day 
 cflmax,ksmax,dt,nsound:  1.0000  0.0040    11.5627   14
          3961              0.529837 day 
 cflmax,ksmax,dt,nsound:  1.0000  0.0040    11.5626   14
          3962              0.529971 day 
 cflmax,ksmax,dt,nsound:  1.0000  0.0040    11.5626   14
          3963              0.530105 day 
 cflmax,ksmax,dt,nsound:  1.0000  0.0040    11.5625   14
          3964              0.530239 day 
 cflmax,ksmax,dt,nsound:  1.0000  0.0040    11.5624   14
          3965              0.530372 day 
 cflmax,ksmax,dt,nsound:  1.0000  0.0040    11.5623   14
          3966              0.530506 day 
 cflmax,ksmax,dt,nsound:  1.0000  0.0040    11.5622   14
          3967              0.530640 day 
 cflmax,ksmax,dt,nsound:  1.0000  0.0040    11.5621   14
          3968              0.530774 day 
 cflmax,ksmax,dt,nsound:  1.0000  0.0040    11.5620   14
          3969              0.530908 day 
 cflmax,ksmax,dt,nsound:  1.0000  0.0040    11.5620   14
          3970              0.531041 day 
 cflmax,ksmax,dt,nsound:  1.0000  0.0040    11.5619   14
          3971              0.531175 day 
   dorad =  T
 cflmax,ksmax,dt,nsound:  1.0000  0.0040    11.5619   14
 
 Entering RADIATION_DRIVER 
   rrtmg_lwrad 
   rrtmg_swrad 
 Leaving RADIATION_DRIVER 
 
          3972              0.531309 day 
 cflmax,ksmax,dt,nsound:  1.0000  0.0040    11.5618   14
          3973              0.531443 day 
 cflmax,ksmax,dt,nsound:  1.0000  0.0040    11.5618   14
          3974              0.531577 day 
 cflmax,ksmax,dt,nsound:  1.0000  0.0040    11.5617   14
          3975              0.531711 day 
 cflmax,ksmax,dt,nsound:  1.0000  0.0040    11.5617   14
          3976              0.531844 day 
 cflmax,ksmax,dt,nsound:  1.0000  0.0040    11.5616   14
          3977              0.531978 day 
 cflmax,ksmax,dt,nsound:  1.0000  0.0040    11.5616   14
          3978              0.532112 day 
 cflmax,ksmax,dt,nsound:  1.0000  0.0040    11.5615   14
          3979              0.532246 day 
 cflmax,ksmax,dt,nsound:  1.0000  0.0040    11.5615   14
          3980              0.532380 day 
 cflmax,ksmax,dt,nsound:  1.0000  0.0040    11.5615   14
          3981              0.532513 day 
 cflmax,ksmax,dt,nsound:  1.0000  0.0040    11.5614   14
          3982              0.532647 day 
 cflmax,ksmax,dt,nsound:  1.0000  0.0040    11.5614   14
          3983              0.532781 day 
 cflmax,ksmax,dt,nsound:  1.0000  0.0040    11.5614   14
          3984              0.532915 day 
 cflmax,ksmax,dt,nsound:  1.0000  0.0040    11.5613   14
          3985              0.533049 day 
 cflmax,ksmax,dt,nsound:  1.0000  0.0040    11.5613   14
          3986              0.533183 day 
 cflmax,ksmax,dt,nsound:  1.0000  0.0040    11.5613   14
          3987              0.533316 day 
 cflmax,ksmax,dt,nsound:  1.0000  0.0040    11.5613   14
          3988              0.533450 day 
 cflmax,ksmax,dt,nsound:  1.0000  0.0040    11.5613   14
          3989              0.533584 day 
 cflmax,ksmax,dt,nsound:  1.0000  0.0040    11.5612   14
          3990              0.533718 day 
 cflmax,ksmax,dt,nsound:  1.0000  0.0040    11.5612   14
          3991              0.533852 day 
 cflmax,ksmax,dt,nsound:  1.0000  0.0040    11.5613   14
          3992              0.533985 day 
 cflmax,ksmax,dt,nsound:  1.0000  0.0040    11.5613   14
          3993              0.534119 day 
 cflmax,ksmax,dt,nsound:  1.0000  0.0040    11.5613   14
          3994              0.534253 day 
 cflmax,ksmax,dt,nsound:  1.0000  0.0040    11.5613   14
          3995              0.534387 day 
 cflmax,ksmax,dt,nsound:  1.0000  0.0040    11.5613   14
          3996              0.534521 day 
 cflmax,ksmax,dt,nsound:  1.0000  0.0040    11.5614   14
          3997              0.534654 day 
   dorad =  T
 cflmax,ksmax,dt,nsound:  1.0000  0.0040    11.5615   14
 
 Entering RADIATION_DRIVER 
   rrtmg_lwrad 
   rrtmg_swrad 
 Leaving RADIATION_DRIVER 
 
          3998              0.534788 day 
 cflmax,ksmax,dt,nsound:  1.0000  0.0040    11.5615   14
          3999              0.534922 day 
 cflmax,ksmax,dt,nsound:  1.0000  0.0040    11.5616   14
          4000              0.535056 day 
 cflmax,ksmax,dt,nsound:  1.0000  0.0040    11.5617   14
          4001              0.535190 day 
 cflmax,ksmax,dt,nsound:  1.0000  0.0040    11.5618   14
          4002              0.535324 day 
 cflmax,ksmax,dt,nsound:  1.0000  0.0040    11.5618   14
          4003              0.535457 day 
 cflmax,ksmax,dt,nsound:  1.0000  0.0040    11.5620   14
          4004              0.535591 day 
 cflmax,ksmax,dt,nsound:  1.0000  0.0040    11.5621   14
          4005              0.535725 day 
 cflmax,ksmax,dt,nsound:  1.0000  0.0040    11.5622   14
          4006              0.535859 day 
 cflmax,ksmax,dt,nsound:  1.0000  0.0040    11.5623   14
          4007              0.535993 day 
 cflmax,ksmax,dt,nsound:  1.0000  0.0040    11.5625   14
          4008              0.536126 day 
 cflmax,ksmax,dt,nsound:  1.0000  0.0040    11.5626   14
          4009              0.536260 day 
 cflmax,ksmax,dt,nsound:  1.0000  0.0040    11.5627   14
          4010              0.536394 day 
 cflmax,ksmax,dt,nsound:  1.0000  0.0040    11.5628   14
          4011              0.536528 day 
 cflmax,ksmax,dt,nsound:  1.0000  0.0040    11.5627   14
          4012              0.536662 day 
 cflmax,ksmax,dt,nsound:  1.0000  0.0040    11.5627   14
          4013              0.536796 day 
 cflmax,ksmax,dt,nsound:  1.0000  0.0040    11.5628   14
          4014              0.536929 day 
 cflmax,ksmax,dt,nsound:  1.0000  0.0040    11.5628   14
          4015              0.537063 day 
 cflmax,ksmax,dt,nsound:  1.0000  0.0040    11.5628   14
          4016              0.537197 day 
 cflmax,ksmax,dt,nsound:  1.0000  0.0040    11.5628   14
          4017              0.537331 day 
 cflmax,ksmax,dt,nsound:  1.0000  0.0040    11.5629   14
          4018              0.537465 day 
 cflmax,ksmax,dt,nsound:  1.0000  0.0040    11.5629   14
          4019              0.537598 day 
 cflmax,ksmax,dt,nsound:  1.0000  0.0040    11.5629   14
          4020              0.537732 day 
 cflmax,ksmax,dt,nsound:  1.0000  0.0040    11.5630   14
          4021              0.537866 day 
 cflmax,ksmax,dt,nsound:  1.0000  0.0040    11.5630   14
          4022              0.538000 day 
 cflmax,ksmax,dt,nsound:  1.0000  0.0040    11.5630   14
          4023              0.538134 day 
   dorad =  T
 cflmax,ksmax,dt,nsound:  1.0000  0.0040    11.5631   14
 
 Entering RADIATION_DRIVER 
   rrtmg_lwrad 
   rrtmg_swrad 
 Leaving RADIATION_DRIVER 
 
          4024              0.538268 day 
 cflmax,ksmax,dt,nsound:  1.0000  0.0040    11.5631   14
          4025              0.538401 day 
 cflmax,ksmax,dt,nsound:  1.0000  0.0040    11.5631   14
          4026              0.538535 day 
 cflmax,ksmax,dt,nsound:  1.0000  0.0040    11.5631   14
          4027              0.538669 day 
 cflmax,ksmax,dt,nsound:  1.0000  0.0040    11.5629   14
          4028              0.538803 day 
 cflmax,ksmax,dt,nsound:  1.0000  0.0040    11.5627   14
          4029              0.538937 day 
 cflmax,ksmax,dt,nsound:  1.0000  0.0040    11.5626   14
          4030              0.539071 day 
 cflmax,ksmax,dt,nsound:  1.0000  0.0040    11.5624   14
          4031              0.539205 day 
 cflmax,ksmax,dt,nsound:  1.0000  0.0040    11.5623   14
          4032              0.539338 day 
 cflmax,ksmax,dt,nsound:  1.0000  0.0040    11.5622   14
          4033              0.539472 day 
 cflmax,ksmax,dt,nsound:  1.0000  0.0040    11.5621   14
          4034              0.539606 day 
 cflmax,ksmax,dt,nsound:  1.0000  0.0040    11.5620   14
          4035              0.539740 day 
 cflmax,ksmax,dt,nsound:  1.0000  0.0040    11.5619   14
          4036              0.539874 day 
 cflmax,ksmax,dt,nsound:  1.0000  0.0040    11.5618   14
          4037              0.540007 day 
 cflmax,ksmax,dt,nsound:  1.0000  0.0040    11.5617   14
          4038              0.540141 day 
 cflmax,ksmax,dt,nsound:  1.0000  0.0040    11.5617   14
          4039              0.540275 day 
 cflmax,ksmax,dt,nsound:  1.0000  0.0040    11.5617   14
          4040              0.540409 day 
 cflmax,ksmax,dt,nsound:  1.0000  0.0040    11.5616   14
          4041              0.540543 day 
 cflmax,ksmax,dt,nsound:  1.0000  0.0041    11.5616   14
          4042              0.540676 day 
 cflmax,ksmax,dt,nsound:  1.0000  0.0042    11.5616   14
          4043              0.540810 day 
 cflmax,ksmax,dt,nsound:  1.0000  0.0042    11.5616   14
          4044              0.540944 day 
 cflmax,ksmax,dt,nsound:  1.0000  0.0042    11.5616   14
          4045              0.541078 day 
 cflmax,ksmax,dt,nsound:  1.0000  0.0043    11.5617   14
          4046              0.541212 day 
 cflmax,ksmax,dt,nsound:  1.0000  0.0042    11.5617   14
   Note: setting dt based on upcoming stat time 
   Note: setting dt based on upcoming diag time 
          4047              0.541346 day 
 cflmax,ksmax,dt,nsound:  0.7999  0.0034     9.2478   12
   Note: setting dt based on upcoming stat time 
   Note: setting dt based on upcoming diag time 
          4048              0.541453 day 
 cflmax,ksmax,dt,nsound:  0.7999  0.0034     9.2478   12
   Note: setting dt based on upcoming stat time 
   Note: setting dt based on upcoming diag time 
          4049              0.541560 day 
   dorad =  T
   getvt =  T
   Getting dbz ... 
   dotbud =  T
   doqbud =  T
   doubud =  T
   dovbud =  T
   dowbud =  T
 cflmax,ksmax,dt,nsound:  0.7999  0.0034     9.2478   12
   Getting fall velocities for Morrison MP scheme 
 
 Entering RADIATION_DRIVER 
   rrtmg_lwrad 
   rrtmg_swrad 
 Leaving RADIATION_DRIVER 
 
  WMAX  :  0.100842      705  203    4    WMIN  : -0.100725      706  202    8
  UMAX  :   11.8714      298  356    9    UMIN  :  -43.2455       37  284   41
  SUMAX :   6.02037      168  250    1    SUMIN :   5.20005      107  190    1
  VMAX  :   1.51397      551  427    2    VMIN  : -0.254816      575  242    8
  SVMAX :   1.49690      550  427    1    SVMIN :  0.884969      898  404    1
  PPIMAX: -0.201411E-04  154    6    1    PPIMIN: -0.103333E-02  959  189   37
  PPMAX :  -7.09375      154    6    1    PPMIN :  -138.312      702   54   19
  THPMAX:   1.83352      231  333   45    THPMIN:  -2.36755      163  334   58
  STHPMX:  -1.54111      274  457    1    STHPMN:  -1.61973      708  506    1
  MAXqv :  0.220609E-01  242  140    1    MINqv :  0.302036E-05  434  388   43
  MAXqc :  0.120874E-03  276  456    6    MINqc :   0.00000       91    1    1
  MAXqr :  0.160824E-07  718  279    6    MINqr :   0.00000      108    1    1
  MAXqi :   0.00000        1    1    1    MINqi :   0.00000        1    1    1
  MAXqs :   0.00000        1    1    1    MINqs :   0.00000        1    1    1
  MAXqg :   0.00000        1    1    1    MINqg :   0.00000        1    1    1
  MAXnci:   0.00000        1    1    1    MINnci:   0.00000        1    1    1
  MAXncs:   0.00000        1    1    1    MINncs:   0.00000        1    1    1
  MAXncr:   458.175      718  279    6    MINncr:   0.00000      108    1    1
  MAXncg:   0.00000        1    1    1    MINncg:   0.00000        1    1    1
  PRATMX:  0.325560E-09  278  456    1    PRATMN:   0.00000      104    1    1
  KMHMAX:   0.00000        1    1    1    KMHMIN:   0.00000        1    1    1
  KMVMAX:   65.1292      705  203    7    KMVMIN:   0.00000        1    1   66
  KHHMAX:   0.00000        1    1    1    KHHMIN:   0.00000        1    1    1
  KHVMAX:   65.1292      705  203    7    KHVMIN:   0.00000        1    1   66
  DIVMAX:  0.966772E-05  265  263    6    DIVMIN: -0.102349E-04  888  137    6
  RHMAX :   1.00001      859  112    6    RHMIN :  0.303767E-02  541  283   65
  RHIMAX:  0.936638      386  365   33    RHIMIN:  0.538618E-02  542  283   65
  THEMAX:   365.859      106  190    1    THEMIN:   318.464      495  324   18
  STHEMX:   365.859      106  190    1    STHEMN:   364.992      156  292    1
  QCTOP :    751.315796    1    1    1    QCBOT :    414.473694    1    1    1
  SFPMAX:   100712.      154    6    1    SFPMIN:   100711.      275  180    1
  PSFCMX:   100994.      154    6    1    PSFCMN:   100993.      275  180    1
  WSPMAX:   43.2455       37  284   41    WSPMIN:  0.436615      452  314   16
  SWSPMX:   6.13199      166  250    1    SWSPMN:   5.33808      105  190    1
  10MWMX:   5.70836      166  250    1    10MWMN:   4.97752      105  190    1
  HPBLMX:   643.106      910  387    1    HPBLMN:   570.338      898  341    1
  CFLMAX:      0.997690   36  284   41
  KSHMAX:   0.00000        0    0    0
  KSVMAX:  0.255477E-01  614  212    6
  VORSFC:  0.889868E-03
  VOR1KM:  0.185874E-03
  VOR2KM:  0.120726E-03
  VOR3KM:  0.106562E-03
  VOR4KM:  0.119075E-03
  VOR5KM:  0.711854E-04
  TMASS :  0.132247E+16
  TMOIS :  0.578553E+13
  qv MAS:  0.578488E+13
  qc MAS:  0.650161E+09
  qr MAS:  0.280165E+05
  qi MAS:  0.000000E+00
  qs MAS:  0.000000E+00
  qg MAS:  0.000000E+00
  TENERG:  0.342591E+21
  TMU   : -0.622141E+16
  TMV   :  0.138785E+15
  TMW   : -0.443149E+12
  TMFU  :  0.181200E+11
  TMFD  : -0.190819E+11
  tcond :  0.116771E+10
  tevac :  0.518061E+09
  tauto :  0.000000E+00
  taccr :  0.000000E+00
  tevar :  0.106669E+05
  train :  0.774047E+03
  erain :  0.000000E+00
  qsfc  :  0.880210E+11
  esfc  :  0.113531E+17
  erad  :  0.000000E+00
  asqv  :  0.000000E+00
  asqc  :  0.722395E+05
  asqr  :  0.146116E+01
  asqi  :  0.000000E+00
  asqs  :  0.000000E+00
  asqg  :  0.000000E+00
  asnci :  0.000000E+00
  asncs :  0.000000E+00
  asncr :  0.000000E+00
  asncg :  0.000000E+00
  bsqv  :  0.000000E+00
  bsqc  :  0.000000E+00
  bsqr  :  0.000000E+00
  bsqi  :  0.000000E+00
  bsqs  :  0.000000E+00
  bsqg  :  0.000000E+00
  bsnci :  0.000000E+00
  bsncs :  0.000000E+00
  bsncr :  0.000000E+00
  bsncg :  0.000000E+00
 cm1out_stats.ctl                                                               
                                          
   next stattim =    50400.0000000000     
          4050              0.541667 day 
 
  ..... begin domaindiag code ..... 
 
   nwritet =           14
 cm1out_diag_000014_s.dat                                                       
                                          
 cm1out_diag_000014_w.dat                                                       
                                          
   wloop =            1
           1 mtime
           2 nstep
           3 umove
           4 vmove
           5 domainlocx
           6 domainlocy
           7 ust
           8 stau
           9 znt
          10 tsk
          11 psfc
          12 qsfc
          13 thflux
          14 qvflux
          15 hfx
          16 qfx
          17 u10
          18 v10
          19 s10
          20 t2
          21 q2
          22 th2
          23 cd
          24 ch
          25 cq
          26 hpbl
          27 wspd
          28 zol
          29 br
          30 brcr
          31 phim
          32 phih
          33 psim
          34 psih
          35 tst
          36 qst
          37 mol
          38 rain
          39 prate
          40 cwp
          41 rwp
          42 lwp
          43 pwat
          44 spwr
          45 fwp
          46 iwp
          47 swp
          48 gwp
          49 tcwp
          50 cwpvar
          51 rwpvar
          52 lwpvar
          53 qcfrac_col
          54 qrfrac_col
          55 qlfrac_col
          56 qifrac_col
          57 qtfrac_col
          58 qcb
          59 qrb
          60 qlb
          61 qcbvar
          62 qrbvar
          63 qlbvar
          64 qct
          65 qrt
          66 qlt
          67 qctvar
          68 qrtvar
          69 qltvar
          70 lwupt
          71 lwdnt
          72 lwupb
          73 lwdnb
          74 swupt
          75 swdnt
          76 swupb
          77 swdnb
          78 lwuptc
          79 lwdntc
          80 lwupbc
          81 lwdnbc
          82 swuptc
          83 swdntc
          84 swupbc
          85 swdnbc
          86 lwcf
          87 swcf
          88 cape
          89 cin
          90 lcl
          91 lfc
          92 zmelt
          93 pmelt
          94 s u
          95 w uinterp
          96 s v
          97 w vinterp
          98 w w
          99 s th
         100 w thinterp
         101 s t
         102 s prs
         103 w prsinterp
         104 s rho
         105 w rhointerp
         106 s ppi
         107 s qv
         108 s qc
         109 s qr
         110 s qi
         111 s qs
         112 s qg
         113 s nci
         114 s ncs
         115 s ncr
         116 s ncg
         117 s shv
         118 s shc
         119 s shr
         120 s shi
         121 s shs
         122 s shg
         123 s qliq
         124 s qice
         125 s qt
         126 s dbz
         127 s fc
         128 s fr
         129 s fi
         130 s fs
         131 s fg
         132 s precc
         133 s precr
         134 s preci
         135 s precs
         136 s precg
         137 s prec
         138 s qcfrac
         139 s qrfrac
         140 s qlfrac
         141 s qifrac
         142 s qtfrac
         143 s clw
         144 s cli
         145 s plw
         146 s pli
         147 s thv
         148 s brz
         149 s thl
         150 s the
         151 s rh
         152 s rhi
         153 w dissten
         154 w epst
         155 w nm
         156 w defh
         157 w defv
         158 w kmh
         159 w kmv
         160 w khh
         161 w khv
         162 w pr
         163 w rinum
         164 w grdscl
         165 s wsp
         166 w wspinterp
         167 s wspan
         168 s wspa
         169 s sdwsp
         170 s o3
         171 s swten
         172 s lwten
         173 s swtenc
         174 s lwtenc
         175 s cldfra
         176 s effc
         177 s effr
         178 s effs
         179 s effi
         180 s effg
         181 s effis
         182 w ndws
         183 w ndws2
         184 w dtdz
         185 w dudz
         186 w dvdz
         187 w dsdz
         188 w dqvdz
         189 s ug
         190 s vg
         191 s u0
         192 s v0
         193 s upup
         194 s upupup
         195 s vpvp
         196 s vpvpvp
         197 s wpwp
         198 s upvp
         199 s upwp
         200 s vpwp
         201 s thvarr
         202 w thvarrinterp
         203 s tptptp
         204 s uptp
         205 s vptp
         206 s thvvarr
         207 s thlvarr
         208 s qvvarr
         209 s qpqpqp
         210 s qlvarr
         211 s qtvarr
         212 s wpwptp
         213 s wptptp
         214 w upup_w
         215 w vpvp_w
         216 w wpwp_w
         217 w upvp_w
         218 w upwp_w
         219 w vpwp_w
         220 w wpwpwp
         221 w wpupup
         222 w wpvpvp
         223 w ufr
         224 w ufs
         225 w ufd
         226 w vfr
         227 w vfs
         228 w vfd
         229 w thfr
         230 w thfs
         231 w thfd
         232 w thvfr
         233 w thvfs
         234 w thvfd
         235 w thlfr
         236 w thlfs
         237 w thlfd
         238 w qvfr
         239 w qvfs
         240 w qvfd
         241 w qlfr
         242 w qlfs
         243 w qlfd
         244 w qtfr
         245 w qtfs
         246 w qtfd
         247 s ptb_vturbr
         248 s ptb_vturbs
         249 s ptb_vturbd
         250 s ptb_frc
         251 s qvb_vturbr
         252 s qvb_vturbs
         253 s qvb_vturbd
         254 s qvb_frc
         255 s ub_vturbr
         256 s ub_vturbs
         257 s ub_vturbd
         258 s ub_lspg
         259 s ub_frc
         260 s vb_vturbr
         261 s vb_vturbs
         262 s vb_vturbd
         263 s vb_lspg
         264 s vb_frc
         265 s rtke
         266 w rtke_w
         267 w wprof
         268 w wmax
         269 w wmin
         270 s tmfu
         271 s tmfd
         272 s wspmax
         273 s wspmin
         274 s zetamax
         275 s zetamin
         276 wvar_max
         277 wstar
         278 fbmin
         279 zfbmin
 
  ..... end domaindiag code ..... 
 
   next diagtim =    50400.0000000000     
 cflmax,ksmax,dt,nsound:  0.8798  0.0037    10.1726   14
          4051              0.541784 day 
 cflmax,ksmax,dt,nsound:  0.9678  0.0041    11.1899   14
          4052              0.541914 day 
 cflmax,ksmax,dt,nsound:  1.0000  0.0043    11.5621   14
          4053              0.542048 day 
 cflmax,ksmax,dt,nsound:  1.0000  0.0043    11.5622   14
          4054              0.542182 day 
 cflmax,ksmax,dt,nsound:  1.0000  0.0042    11.5623   14
          4055              0.542315 day 
 cflmax,ksmax,dt,nsound:  1.0000  0.0043    11.5623   14
          4056              0.542449 day 
 cflmax,ksmax,dt,nsound:  1.0000  0.0043    11.5622   14
          4057              0.542583 day 
 cflmax,ksmax,dt,nsound:  1.0000  0.0043    11.5622   14
          4058              0.542717 day 
 cflmax,ksmax,dt,nsound:  1.0000  0.0042    11.5621   14
          4059              0.542851 day 
 cflmax,ksmax,dt,nsound:  1.0000  0.0043    11.5621   14
          4060              0.542984 day 
 cflmax,ksmax,dt,nsound:  1.0000  0.0043    11.5621   14
          4061              0.543118 day 
 cflmax,ksmax,dt,nsound:  1.0000  0.0043    11.5621   14
          4062              0.543252 day 
 cflmax,ksmax,dt,nsound:  1.0000  0.0043    11.5620   14
          4063              0.543386 day 
 cflmax,ksmax,dt,nsound:  1.0000  0.0043    11.5620   14
          4064              0.543520 day 
 cflmax,ksmax,dt,nsound:  1.0000  0.0043    11.5620   14
          4065              0.543654 day 
 cflmax,ksmax,dt,nsound:  1.0000  0.0043    11.5620   14
          4066              0.543787 day 
 cflmax,ksmax,dt,nsound:  1.0000  0.0043    11.5619   14
          4067              0.543921 day 
 cflmax,ksmax,dt,nsound:  1.0000  0.0043    11.5619   14
          4068              0.544055 day 
 cflmax,ksmax,dt,nsound:  1.0000  0.0043    11.5619   14
          4069              0.544189 day 
 cflmax,ksmax,dt,nsound:  1.0000  0.0043    11.5619   14
          4070              0.544323 day 
 cflmax,ksmax,dt,nsound:  1.0000  0.0043    11.5618   14
          4071              0.544457 day 
 cflmax,ksmax,dt,nsound:  1.0000  0.0043    11.5618   14
          4072              0.544590 day 
 cflmax,ksmax,dt,nsound:  1.0000  0.0043    11.5617   14
          4073              0.544724 day 
 cflmax,ksmax,dt,nsound:  1.0000  0.0043    11.5617   14
          4074              0.544858 day 
 cflmax,ksmax,dt,nsound:  1.0000  0.0043    11.5617   14
          4075              0.544992 day 
   dorad =  T
 cflmax,ksmax,dt,nsound:  1.0000  0.0043    11.5617   14
 
 Entering RADIATION_DRIVER 
   rrtmg_lwrad 
   rrtmg_swrad 
 Leaving RADIATION_DRIVER 
 
          4076              0.545126 day 
 cflmax,ksmax,dt,nsound:  1.0000  0.0043    11.5617   14
          4077              0.545259 day 
 cflmax,ksmax,dt,nsound:  1.0000  0.0043    11.5617   14
          4078              0.545393 day 
 cflmax,ksmax,dt,nsound:  1.0000  0.0043    11.5617   14
          4079              0.545527 day 
 cflmax,ksmax,dt,nsound:  1.0000  0.0043    11.5618   14
          4080              0.545661 day 
 cflmax,ksmax,dt,nsound:  1.0000  0.0043    11.5618   14
          4081              0.545795 day 
 cflmax,ksmax,dt,nsound:  1.0000  0.0043    11.5618   14
          4082              0.545928 day 
 cflmax,ksmax,dt,nsound:  1.0000  0.0043    11.5618   14
          4083              0.546062 day 
 cflmax,ksmax,dt,nsound:  1.0000  0.0043    11.5618   14
          4084              0.546196 day 
 cflmax,ksmax,dt,nsound:  1.0000  0.0043    11.5618   14
          4085              0.546330 day 
 cflmax,ksmax,dt,nsound:  1.0000  0.0043    11.5617   14
          4086              0.546464 day 
 cflmax,ksmax,dt,nsound:  1.0000  0.0043    11.5617   14
          4087              0.546598 day 
 cflmax,ksmax,dt,nsound:  1.0000  0.0043    11.5617   14
          4088              0.546731 day 
 cflmax,ksmax,dt,nsound:  1.0000  0.0043    11.5617   14
          4089              0.546865 day 
 cflmax,ksmax,dt,nsound:  1.0000  0.0043    11.5616   14
          4090              0.546999 day 
 cflmax,ksmax,dt,nsound:  1.0000  0.0043    11.5616   14
          4091              0.547133 day 
 cflmax,ksmax,dt,nsound:  1.0000  0.0043    11.5616   14
          4092              0.547267 day 
 cflmax,ksmax,dt,nsound:  1.0000  0.0043    11.5616   14
          4093              0.547400 day 
 cflmax,ksmax,dt,nsound:  1.0000  0.0043    11.5616   14
          4094              0.547534 day 
 cflmax,ksmax,dt,nsound:  1.0000  0.0043    11.5615   14
          4095              0.547668 day 
 cflmax,ksmax,dt,nsound:  1.0000  0.0043    11.5615   14
          4096              0.547802 day 
 cflmax,ksmax,dt,nsound:  1.0000  0.0043    11.5615   14
          4097              0.547936 day 
 cflmax,ksmax,dt,nsound:  1.0000  0.0043    11.5615   14
          4098              0.548070 day 
 cflmax,ksmax,dt,nsound:  1.0000  0.0043    11.5615   14
          4099              0.548203 day 
 cflmax,ksmax,dt,nsound:  1.0000  0.0043    11.5615   14
          4100              0.548337 day 
 cflmax,ksmax,dt,nsound:  1.0000  0.0043    11.5615   14
          4101              0.548471 day 
   dorad =  T
 cflmax,ksmax,dt,nsound:  1.0000  0.0043    11.5614   14
 
 Entering RADIATION_DRIVER 
   rrtmg_lwrad 
   rrtmg_swrad 
 Leaving RADIATION_DRIVER 
 
          4102              0.548605 day 
 cflmax,ksmax,dt,nsound:  1.0000  0.0043    11.5612   14
          4103              0.548739 day 
 cflmax,ksmax,dt,nsound:  1.0000  0.0043    11.5610   14
          4104              0.548872 day 
 cflmax,ksmax,dt,nsound:  1.0000  0.0043    11.5608   14
          4105              0.549006 day 
 cflmax,ksmax,dt,nsound:  1.0000  0.0043    11.5606   14
          4106              0.549140 day 
 cflmax,ksmax,dt,nsound:  1.0000  0.0043    11.5604   14
          4107              0.549274 day 
 cflmax,ksmax,dt,nsound:  1.0000  0.0043    11.5603   14
          4108              0.549408 day 
 cflmax,ksmax,dt,nsound:  1.0000  0.0043    11.5601   14
          4109              0.549541 day 
 cflmax,ksmax,dt,nsound:  1.0000  0.0043    11.5600   14
          4110              0.549675 day 
 cflmax,ksmax,dt,nsound:  1.0000  0.0043    11.5598   14
          4111              0.549809 day 
 cflmax,ksmax,dt,nsound:  1.0000  0.0043    11.5597   14
          4112              0.549943 day 
 cflmax,ksmax,dt,nsound:  1.0000  0.0043    11.5596   14
          4113              0.550077 day 
 cflmax,ksmax,dt,nsound:  1.0000  0.0043    11.5595   14
          4114              0.550210 day 
 cflmax,ksmax,dt,nsound:  1.0000  0.0043    11.5593   14
          4115              0.550344 day 
 cflmax,ksmax,dt,nsound:  1.0000  0.0044    11.5593   14
          4116              0.550478 day 
 cflmax,ksmax,dt,nsound:  1.0000  0.0044    11.5592   14
          4117              0.550612 day 
 cflmax,ksmax,dt,nsound:  1.0000  0.0043    11.5591   14
          4118              0.550746 day 
 cflmax,ksmax,dt,nsound:  1.0000  0.0043    11.5591   14
          4119              0.550879 day 
 cflmax,ksmax,dt,nsound:  1.0000  0.0044    11.5590   14
          4120              0.551013 day 
 cflmax,ksmax,dt,nsound:  1.0000  0.0047    11.5590   14
          4121              0.551147 day 
 cflmax,ksmax,dt,nsound:  1.0000  0.0048    11.5590   14
          4122              0.551281 day 
 cflmax,ksmax,dt,nsound:  1.0000  0.0048    11.5590   14
          4123              0.551414 day 
 cflmax,ksmax,dt,nsound:  1.0000  0.0049    11.5590   14
          4124              0.551548 day 
 cflmax,ksmax,dt,nsound:  1.0000  0.0049    11.5591   14
          4125              0.551682 day 
 cflmax,ksmax,dt,nsound:  1.0000  0.0049    11.5592   14
          4126              0.551816 day 
 cflmax,ksmax,dt,nsound:  1.0000  0.0048    11.5592   14
          4127              0.551950 day 
   dorad =  T
 cflmax,ksmax,dt,nsound:  1.0000  0.0048    11.5593   14
 
 Entering RADIATION_DRIVER 
   rrtmg_lwrad 
   rrtmg_swrad 
 Leaving RADIATION_DRIVER 
 
          4128              0.552083 day 
 cflmax,ksmax,dt,nsound:  1.0000  0.0048    11.5594   14
          4129              0.552217 day 
 cflmax,ksmax,dt,nsound:  1.0000  0.0048    11.5595   14
          4130              0.552351 day 
 cflmax,ksmax,dt,nsound:  1.0000  0.0048    11.5596   14
          4131              0.552485 day 
 cflmax,ksmax,dt,nsound:  1.0000  0.0049    11.5597   14
          4132              0.552619 day 
 cflmax,ksmax,dt,nsound:  1.0000  0.0049    11.5598   14
          4133              0.552752 day 
 cflmax,ksmax,dt,nsound:  1.0000  0.0049    11.5598   14
          4134              0.552886 day 
 cflmax,ksmax,dt,nsound:  1.0000  0.0048    11.5598   14
          4135              0.553020 day 
 cflmax,ksmax,dt,nsound:  1.0000  0.0048    11.5597   14
          4136              0.553154 day 
 cflmax,ksmax,dt,nsound:  1.0000  0.0048    11.5596   14
          4137              0.553288 day 
 cflmax,ksmax,dt,nsound:  1.0000  0.0049    11.5596   14
          4138              0.553421 day 
 cflmax,ksmax,dt,nsound:  1.0000  0.0050    11.5596   14
          4139              0.553555 day 
 cflmax,ksmax,dt,nsound:  1.0000  0.0051    11.5596   14
          4140              0.553689 day 
 cflmax,ksmax,dt,nsound:  1.0000  0.0050    11.5595   14
          4141              0.553823 day 
 cflmax,ksmax,dt,nsound:  1.0000  0.0050    11.5595   14
          4142              0.553957 day 
 cflmax,ksmax,dt,nsound:  1.0000  0.0051    11.5596   14
          4143              0.554090 day 
 cflmax,ksmax,dt,nsound:  1.0000  0.0051    11.5596   14
          4144              0.554224 day 
 cflmax,ksmax,dt,nsound:  1.0000  0.0051    11.5597   14
          4145              0.554358 day 
 cflmax,ksmax,dt,nsound:  1.0000  0.0051    11.5597   14
          4146              0.554492 day 
 cflmax,ksmax,dt,nsound:  1.0000  0.0051    11.5598   14
          4147              0.554625 day 
 cflmax,ksmax,dt,nsound:  1.0000  0.0051    11.5598   14
          4148              0.554759 day 
 cflmax,ksmax,dt,nsound:  1.0000  0.0051    11.5599   14
          4149              0.554893 day 
 cflmax,ksmax,dt,nsound:  1.0000  0.0051    11.5600   14
          4150              0.555027 day 
 cflmax,ksmax,dt,nsound:  1.0000  0.0051    11.5602   14
          4151              0.555161 day 
 cflmax,ksmax,dt,nsound:  1.0000  0.0051    11.5602   14
          4152              0.555294 day 
 cflmax,ksmax,dt,nsound:  1.0000  0.0051    11.5601   14
          4153              0.555428 day 
   dorad =  T
 cflmax,ksmax,dt,nsound:  1.0000  0.0051    11.5601   14
 
 Entering RADIATION_DRIVER 
   rrtmg_lwrad 
   rrtmg_swrad 
 Leaving RADIATION_DRIVER 
 
          4154              0.555562 day 
 cflmax,ksmax,dt,nsound:  1.0000  0.0051    11.5599   14
          4155              0.555696 day 
 cflmax,ksmax,dt,nsound:  1.0000  0.0051    11.5597   14
          4156              0.555830 day 
 cflmax,ksmax,dt,nsound:  1.0000  0.0052    11.5595   14
          4157              0.555963 day 
 cflmax,ksmax,dt,nsound:  1.0000  0.0055    11.5594   14
          4158              0.556097 day 
 cflmax,ksmax,dt,nsound:  1.0000  0.0057    11.5592   14
          4159              0.556231 day 
 cflmax,ksmax,dt,nsound:  1.0000  0.0057    11.5591   14
          4160              0.556365 day 
 cflmax,ksmax,dt,nsound:  1.0000  0.0057    11.5589   14
          4161              0.556499 day 
 cflmax,ksmax,dt,nsound:  1.0000  0.0056    11.5589   14
          4162              0.556632 day 
 cflmax,ksmax,dt,nsound:  1.0000  0.0056    11.5587   14
          4163              0.556766 day 
 cflmax,ksmax,dt,nsound:  1.0000  0.0056    11.5586   14
          4164              0.556900 day 
 cflmax,ksmax,dt,nsound:  1.0000  0.0057    11.5586   14
          4165              0.557034 day 
 cflmax,ksmax,dt,nsound:  1.0000  0.0057    11.5585   14
          4166              0.557167 day 
 cflmax,ksmax,dt,nsound:  1.0000  0.0058    11.5585   14
          4167              0.557301 day 
 cflmax,ksmax,dt,nsound:  1.0000  0.0057    11.5584   14
          4168              0.557435 day 
 cflmax,ksmax,dt,nsound:  1.0000  0.0058    11.5584   14
          4169              0.557569 day 
 cflmax,ksmax,dt,nsound:  1.0000  0.0057    11.5584   14
          4170              0.557703 day 
 cflmax,ksmax,dt,nsound:  1.0000  0.0057    11.5584   14
          4171              0.557836 day 
 cflmax,ksmax,dt,nsound:  1.0000  0.0057    11.5583   14
          4172              0.557970 day 
 cflmax,ksmax,dt,nsound:  1.0000  0.0058    11.5584   14
          4173              0.558104 day 
 cflmax,ksmax,dt,nsound:  1.0000  0.0059    11.5584   14
          4174              0.558238 day 
 cflmax,ksmax,dt,nsound:  1.0000  0.0059    11.5585   14
          4175              0.558371 day 
 cflmax,ksmax,dt,nsound:  1.0000  0.0060    11.5585   14
          4176              0.558505 day 
 cflmax,ksmax,dt,nsound:  1.0000  0.0060    11.5586   14
          4177              0.558639 day 
 cflmax,ksmax,dt,nsound:  1.0000  0.0060    11.5587   14
          4178              0.558773 day 
 cflmax,ksmax,dt,nsound:  1.0000  0.0060    11.5588   14
          4179              0.558907 day 
   dorad =  T
 cflmax,ksmax,dt,nsound:  1.0000  0.0061    11.5588   14
 
 Entering RADIATION_DRIVER 
   rrtmg_lwrad 
   rrtmg_swrad 
 Leaving RADIATION_DRIVER 
 
          4180              0.559040 day 
 cflmax,ksmax,dt,nsound:  1.0000  0.0062    11.5586   14
          4181              0.559174 day 
 cflmax,ksmax,dt,nsound:  1.0000  0.0062    11.5585   14
          4182              0.559308 day 
 cflmax,ksmax,dt,nsound:  1.0000  0.0063    11.5583   14
          4183              0.559442 day 
 cflmax,ksmax,dt,nsound:  1.0000  0.0063    11.5582   14
          4184              0.559575 day 
 cflmax,ksmax,dt,nsound:  1.0000  0.0062    11.5580   14
          4185              0.559709 day 
 cflmax,ksmax,dt,nsound:  1.0000  0.0062    11.5579   14
          4186              0.559843 day 
 cflmax,ksmax,dt,nsound:  1.0000  0.0062    11.5579   14
          4187              0.559977 day 
 cflmax,ksmax,dt,nsound:  1.0000  0.0062    11.5577   14
          4188              0.560111 day 
 cflmax,ksmax,dt,nsound:  1.0000  0.0064    11.5576   14
          4189              0.560244 day 
 cflmax,ksmax,dt,nsound:  1.0000  0.0063    11.5576   14
          4190              0.560378 day 
 cflmax,ksmax,dt,nsound:  1.0000  0.0064    11.5575   14
          4191              0.560512 day 
 cflmax,ksmax,dt,nsound:  1.0000  0.0065    11.5575   14
          4192              0.560646 day 
 cflmax,ksmax,dt,nsound:  1.0000  0.0064    11.5575   14
          4193              0.560779 day 
 cflmax,ksmax,dt,nsound:  1.0000  0.0067    11.5575   14
          4194              0.560913 day 
 cflmax,ksmax,dt,nsound:  1.0000  0.0067    11.5575   14
          4195              0.561047 day 
 cflmax,ksmax,dt,nsound:  1.0000  0.0067    11.5575   14
          4196              0.561181 day 
 cflmax,ksmax,dt,nsound:  1.0000  0.0068    11.5575   14
          4197              0.561314 day 
 cflmax,ksmax,dt,nsound:  1.0000  0.0068    11.5575   14
          4198              0.561448 day 
 cflmax,ksmax,dt,nsound:  1.0000  0.0067    11.5576   14
          4199              0.561582 day 
 cflmax,ksmax,dt,nsound:  1.0000  0.0066    11.5577   14
          4200              0.561716 day 
 cflmax,ksmax,dt,nsound:  1.0000  0.0065    11.5577   14
          4201              0.561849 day 
 cflmax,ksmax,dt,nsound:  1.0000  0.0065    11.5578   14
          4202              0.561983 day 
 cflmax,ksmax,dt,nsound:  1.0000  0.0076    11.5579   14
          4203              0.562117 day 
 cflmax,ksmax,dt,nsound:  1.0000  0.0077    11.5580   14
          4204              0.562251 day 
 cflmax,ksmax,dt,nsound:  1.0000  0.0072    11.5582   14
          4205              0.562385 day 
   dorad =  T
 cflmax,ksmax,dt,nsound:  1.0000  0.0071    11.5583   14
 
 Entering RADIATION_DRIVER 
   rrtmg_lwrad 
   rrtmg_swrad 
 Leaving RADIATION_DRIVER 
 
          4206              0.562518 day 
 cflmax,ksmax,dt,nsound:  1.0000  0.0070    11.5584   14
          4207              0.562652 day 
 cflmax,ksmax,dt,nsound:  1.0000  0.0071    11.5585   14
          4208              0.562786 day 
 cflmax,ksmax,dt,nsound:  1.0000  0.0070    11.5586   14
          4209              0.562920 day 
 cflmax,ksmax,dt,nsound:  1.0000  0.0080    11.5585   14
          4210              0.563054 day 
 cflmax,ksmax,dt,nsound:  1.0000  0.0085    11.5585   14
          4211              0.563187 day 
 cflmax,ksmax,dt,nsound:  1.0000  0.0089    11.5584   14
          4212              0.563321 day 
 cflmax,ksmax,dt,nsound:  1.0000  0.0080    11.5583   14
          4213              0.563455 day 
 cflmax,ksmax,dt,nsound:  1.0000  0.0073    11.5583   14
          4214              0.563589 day 
 cflmax,ksmax,dt,nsound:  1.0000  0.0078    11.5583   14
          4215              0.563722 day 
 cflmax,ksmax,dt,nsound:  1.0000  0.0080    11.5582   14
          4216              0.563856 day 
 cflmax,ksmax,dt,nsound:  1.0000  0.0087    11.5582   14
          4217              0.563990 day 
 cflmax,ksmax,dt,nsound:  1.0000  0.0095    11.5582   14
          4218              0.564124 day 
 cflmax,ksmax,dt,nsound:  1.0000  0.0096    11.5583   14
          4219              0.564258 day 
 cflmax,ksmax,dt,nsound:  1.0000  0.0085    11.5583   14
          4220              0.564391 day 
 cflmax,ksmax,dt,nsound:  1.0000  0.0093    11.5583   14
          4221              0.564525 day 
 cflmax,ksmax,dt,nsound:  1.0000  0.0085    11.5584   14
          4222              0.564659 day 
 cflmax,ksmax,dt,nsound:  1.0000  0.0090    11.5584   14
          4223              0.564793 day 
 cflmax,ksmax,dt,nsound:  1.0000  0.0103    11.5585   14
          4224              0.564926 day 
 cflmax,ksmax,dt,nsound:  1.0000  0.0108    11.5586   14
          4225              0.565060 day 
 cflmax,ksmax,dt,nsound:  1.0000  0.0096    11.5587   14
          4226              0.565194 day 
 cflmax,ksmax,dt,nsound:  1.0000  0.0102    11.5588   14
          4227              0.565328 day 
 cflmax,ksmax,dt,nsound:  1.0000  0.0102    11.5589   14
          4228              0.565462 day 
 cflmax,ksmax,dt,nsound:  1.0000  0.0100    11.5591   14
          4229              0.565595 day 
 cflmax,ksmax,dt,nsound:  1.0000  0.0104    11.5593   14
          4230              0.565729 day 
 cflmax,ksmax,dt,nsound:  1.0000  0.0118    11.5594   14
          4231              0.565863 day 
   dorad =  T
 cflmax,ksmax,dt,nsound:  1.0000  0.0107    11.5594   14
 
 Entering RADIATION_DRIVER 
   rrtmg_lwrad 
   rrtmg_swrad 
 Leaving RADIATION_DRIVER 
 
          4232              0.565997 day 
 cflmax,ksmax,dt,nsound:  1.0000  0.0097    11.5593   14
          4233              0.566130 day 
 cflmax,ksmax,dt,nsound:  1.0000  0.0117    11.5592   14
          4234              0.566264 day 
 cflmax,ksmax,dt,nsound:  1.0000  0.0112    11.5590   14
          4235              0.566398 day 
 cflmax,ksmax,dt,nsound:  1.0000  0.0109    11.5589   14
          4236              0.566532 day 
 cflmax,ksmax,dt,nsound:  1.0000  0.0104    11.5588   14
          4237              0.566666 day 
 cflmax,ksmax,dt,nsound:  1.0000  0.0118    11.5587   14
          4238              0.566799 day 
 cflmax,ksmax,dt,nsound:  1.0000  0.0107    11.5587   14
          4239              0.566933 day 
 cflmax,ksmax,dt,nsound:  1.0000  0.0110    11.5585   14
          4240              0.567067 day 
 cflmax,ksmax,dt,nsound:  1.0000  0.0106    11.5585   14
          4241              0.567201 day 
 cflmax,ksmax,dt,nsound:  1.0000  0.0116    11.5585   14
          4242              0.567334 day 
 cflmax,ksmax,dt,nsound:  1.0000  0.0110    11.5585   14
          4243              0.567468 day 
 cflmax,ksmax,dt,nsound:  1.0000  0.0106    11.5584   14
          4244              0.567602 day 
 cflmax,ksmax,dt,nsound:  1.0000  0.0116    11.5583   14
          4245              0.567736 day 
 cflmax,ksmax,dt,nsound:  1.0000  0.0117    11.5583   14
          4246              0.567870 day 
 cflmax,ksmax,dt,nsound:  1.0000  0.0124    11.5582   14
          4247              0.568003 day 
 cflmax,ksmax,dt,nsound:  1.0000  0.0115    11.5583   14
          4248              0.568137 day 
 cflmax,ksmax,dt,nsound:  1.0000  0.0114    11.5582   14
          4249              0.568271 day 
 cflmax,ksmax,dt,nsound:  1.0000  0.0124    11.5582   14
          4250              0.568405 day 
 cflmax,ksmax,dt,nsound:  1.0000  0.0118    11.5580   14
          4251              0.568538 day 
 cflmax,ksmax,dt,nsound:  1.0000  0.0125    11.5579   14
          4252              0.568672 day 
 cflmax,ksmax,dt,nsound:  1.0000  0.0135    11.5579   14
          4253              0.568806 day 
 cflmax,ksmax,dt,nsound:  1.0000  0.0134    11.5578   14
          4254              0.568940 day 
 cflmax,ksmax,dt,nsound:  1.0000  0.0131    11.5574   14
          4255              0.569074 day 
 cflmax,ksmax,dt,nsound:  1.0000  0.0139    11.5575   14
          4256              0.569207 day 
 cflmax,ksmax,dt,nsound:  1.0000  0.0126    11.5575   14
          4257              0.569341 day 
   dorad =  T
 cflmax,ksmax,dt,nsound:  1.0000  0.0127    11.5574   14
 
 Entering RADIATION_DRIVER 
   rrtmg_lwrad 
   rrtmg_swrad 
 Leaving RADIATION_DRIVER 
 
          4258              0.569475 day 
 cflmax,ksmax,dt,nsound:  1.0000  0.0135    11.5572   14
          4259              0.569609 day 
 cflmax,ksmax,dt,nsound:  1.0000  0.0132    11.5570   14
          4260              0.569742 day 
 cflmax,ksmax,dt,nsound:  1.0000  0.0128    11.5571   14
          4261              0.569876 day 
 cflmax,ksmax,dt,nsound:  1.0000  0.0143    11.5571   14
          4262              0.570010 day 
 cflmax,ksmax,dt,nsound:  1.0000  0.0138    11.5571   14
          4263              0.570144 day 
 cflmax,ksmax,dt,nsound:  1.0000  0.0133    11.5570   14
          4264              0.570277 day 
 cflmax,ksmax,dt,nsound:  1.0000  0.0143    11.5569   14
          4265              0.570411 day 
 cflmax,ksmax,dt,nsound:  1.0000  0.0146    11.5568   14
          4266              0.570545 day 
 cflmax,ksmax,dt,nsound:  1.0000  0.0147    11.5568   14
          4267              0.570679 day 
 cflmax,ksmax,dt,nsound:  1.0000  0.0148    11.5568   14
          4268              0.570812 day 
 cflmax,ksmax,dt,nsound:  1.0000  0.0148    11.5566   14
          4269              0.570946 day 
 cflmax,ksmax,dt,nsound:  1.0000  0.0144    11.5568   14
          4270              0.571080 day 
 cflmax,ksmax,dt,nsound:  1.0000  0.0137    11.5571   14
          4271              0.571214 day 
 cflmax,ksmax,dt,nsound:  1.0000  0.0143    11.5572   14
          4272              0.571348 day 
 cflmax,ksmax,dt,nsound:  1.0000  0.0150    11.5570   14
          4273              0.571481 day 
 cflmax,ksmax,dt,nsound:  1.0000  0.0150    11.5570   14
          4274              0.571615 day 
 cflmax,ksmax,dt,nsound:  1.0000  0.0148    11.5572   14
          4275              0.571749 day 
 cflmax,ksmax,dt,nsound:  1.0000  0.0157    11.5572   14
          4276              0.571883 day 
 cflmax,ksmax,dt,nsound:  1.0000  0.0158    11.5572   14
          4277              0.572016 day 
 cflmax,ksmax,dt,nsound:  1.0000  0.0160    11.5577   14
          4278              0.572150 day 
 cflmax,ksmax,dt,nsound:  1.0000  0.0153    11.5577   14
          4279              0.572284 day 
 cflmax,ksmax,dt,nsound:  1.0000  0.0163    11.5576   14
          4280              0.572418 day 
 cflmax,ksmax,dt,nsound:  1.0000  0.0168    11.5581   14
          4281              0.572551 day 
 cflmax,ksmax,dt,nsound:  1.0000  0.0172    11.5579   14
          4282              0.572685 day 
 cflmax,ksmax,dt,nsound:  1.0000  0.0168    11.5574   14
          4283              0.572819 day 
   dorad =  T
 cflmax,ksmax,dt,nsound:  1.0000  0.0159    11.5579   14
 
 Entering RADIATION_DRIVER 
   rrtmg_lwrad 
   rrtmg_swrad 
 Leaving RADIATION_DRIVER 
 
          4284              0.572953 day 
 cflmax,ksmax,dt,nsound:  1.0000  0.0166    11.5579   14
          4285              0.573087 day 
 cflmax,ksmax,dt,nsound:  1.0000  0.0167    11.5574   14
          4286              0.573220 day 
 cflmax,ksmax,dt,nsound:  1.0000  0.0168    11.5577   14
          4287              0.573354 day 
 cflmax,ksmax,dt,nsound:  1.0000  0.0174    11.5575   14
          4288              0.573488 day 
 cflmax,ksmax,dt,nsound:  1.0000  0.0176    11.5575   14
          4289              0.573622 day 
 cflmax,ksmax,dt,nsound:  1.0000  0.0171    11.5574   14
          4290              0.573755 day 
 cflmax,ksmax,dt,nsound:  1.0000  0.0177    11.5574   14
          4291              0.573889 day 
 cflmax,ksmax,dt,nsound:  1.0000  0.0182    11.5573   14
          4292              0.574023 day 
 cflmax,ksmax,dt,nsound:  1.0000  0.0185    11.5571   14
          4293              0.574157 day 
 cflmax,ksmax,dt,nsound:  1.0000  0.0189    11.5572   14
          4294              0.574290 day 
 cflmax,ksmax,dt,nsound:  1.0000  0.0196    11.5566   14
          4295              0.574424 day 
 cflmax,ksmax,dt,nsound:  1.0000  0.0188    11.5560   14
          4296              0.574558 day 
 cflmax,ksmax,dt,nsound:  1.0000  0.0199    11.5569   14
          4297              0.574692 day 
 cflmax,ksmax,dt,nsound:  1.0000  0.0203    11.5568   14
          4298              0.574825 day 
 cflmax,ksmax,dt,nsound:  1.0000  0.0204    11.5560   14
          4299              0.574959 day 
 cflmax,ksmax,dt,nsound:  1.0000  0.0194    11.5560   14
          4300              0.575093 day 
 cflmax,ksmax,dt,nsound:  1.0000  0.0193    11.5565   14
          4301              0.575227 day 
 cflmax,ksmax,dt,nsound:  1.0000  0.0199    11.5564   14
          4302              0.575360 day 
 cflmax,ksmax,dt,nsound:  1.0000  0.0191    11.5556   14
          4303              0.575494 day 
 cflmax,ksmax,dt,nsound:  1.0000  0.0174    11.5556   14
          4304              0.575628 day 
 cflmax,ksmax,dt,nsound:  1.0000  0.0179    11.5561   14
          4305              0.575762 day 
 cflmax,ksmax,dt,nsound:  1.0000  0.0194    11.5557   14
          4306              0.575895 day 
 cflmax,ksmax,dt,nsound:  1.0000  0.0207    11.5551   14
          4307              0.576029 day 
 cflmax,ksmax,dt,nsound:  1.0000  0.0210    11.5553   14
          4308              0.576163 day 
 cflmax,ksmax,dt,nsound:  1.0000  0.0218    11.5564   14
          4309              0.576297 day 
   dorad =  T
 cflmax,ksmax,dt,nsound:  1.0000  0.0228    11.5556   14
 
 Entering RADIATION_DRIVER 
   rrtmg_lwrad 
   rrtmg_swrad 
 Leaving RADIATION_DRIVER 
 
          4310              0.576430 day 
 cflmax,ksmax,dt,nsound:  1.0000  0.0223    11.5556   14
          4311              0.576564 day 
 cflmax,ksmax,dt,nsound:  1.0000  0.0204    11.5552   14
          4312              0.576698 day 
 cflmax,ksmax,dt,nsound:  1.0000  0.0203    11.5552   14
          4313              0.576832 day 
 cflmax,ksmax,dt,nsound:  1.0000  0.0192    11.5557   14
          4314              0.576965 day 
 cflmax,ksmax,dt,nsound:  1.0000  0.0188    11.5554   14
          4315              0.577099 day 
 cflmax,ksmax,dt,nsound:  1.0000  0.0200    11.5556   14
          4316              0.577233 day 
 cflmax,ksmax,dt,nsound:  1.0000  0.0194    11.5552   14
          4317              0.577367 day 
 cflmax,ksmax,dt,nsound:  1.0000  0.0181    11.5558   14
          4318              0.577500 day 
 cflmax,ksmax,dt,nsound:  1.0000  0.0190    11.5557   14
          4319              0.577634 day 
 cflmax,ksmax,dt,nsound:  1.0000  0.0187    11.5560   14
          4320              0.577768 day 
 cflmax,ksmax,dt,nsound:  1.0000  0.0185    11.5559   14
          4321              0.577902 day 
 cflmax,ksmax,dt,nsound:  1.0000  0.0186    11.5561   14
          4322              0.578035 day 
 cflmax,ksmax,dt,nsound:  1.0000  0.0187    11.5557   14
          4323              0.578169 day 
 cflmax,ksmax,dt,nsound:  1.0000  0.0183    11.5559   14
          4324              0.578303 day 
 cflmax,ksmax,dt,nsound:  1.0000  0.0175    11.5562   14
          4325              0.578437 day 
 cflmax,ksmax,dt,nsound:  1.0000  0.0170    11.5559   14
          4326              0.578570 day 
 cflmax,ksmax,dt,nsound:  1.0000  0.0169    11.5553   14
          4327              0.578704 day 
 cflmax,ksmax,dt,nsound:  1.0000  0.0166    11.5558   14
          4328              0.578838 day 
 cflmax,ksmax,dt,nsound:  1.0000  0.0174    11.5563   14
          4329              0.578972 day 
 cflmax,ksmax,dt,nsound:  1.0000  0.0183    11.5560   14
          4330              0.579105 day 
 cflmax,ksmax,dt,nsound:  1.0000  0.0185    11.5559   14
          4331              0.579239 day 
 cflmax,ksmax,dt,nsound:  1.0000  0.0186    11.5556   14
          4332              0.579373 day 
 cflmax,ksmax,dt,nsound:  1.0000  0.0205    11.5556   14
          4333              0.579507 day 
 cflmax,ksmax,dt,nsound:  1.0000  0.0213    11.5557   14
          4334              0.579640 day 
 cflmax,ksmax,dt,nsound:  1.0000  0.0204    11.5553   14
          4335              0.579774 day 
   dorad =  T
 cflmax,ksmax,dt,nsound:  1.0000  0.0220    11.5545   14
 
 Entering RADIATION_DRIVER 
   rrtmg_lwrad 
   rrtmg_swrad 
 Leaving RADIATION_DRIVER 
 
          4336              0.579908 day 
 cflmax,ksmax,dt,nsound:  1.0000  0.0231    11.5542   14
          4337              0.580042 day 
 cflmax,ksmax,dt,nsound:  1.0000  0.0222    11.5547   14
          4338              0.580175 day 
 cflmax,ksmax,dt,nsound:  1.0000  0.0208    11.5554   14
          4339              0.580309 day 
 cflmax,ksmax,dt,nsound:  1.0000  0.0210    11.5543   14
          4340              0.580443 day 
 cflmax,ksmax,dt,nsound:  1.0000  0.0198    11.5541   14
          4341              0.580576 day 
 cflmax,ksmax,dt,nsound:  1.0000  0.0187    11.5544   14
          4342              0.580710 day 
 cflmax,ksmax,dt,nsound:  1.0000  0.0175    11.5544   14
          4343              0.580844 day 
 cflmax,ksmax,dt,nsound:  1.0000  0.0186    11.5546   14
          4344              0.580978 day 
 cflmax,ksmax,dt,nsound:  1.0000  0.0190    11.5545   14
          4345              0.581111 day 
 cflmax,ksmax,dt,nsound:  1.0000  0.0179    11.5546   14
          4346              0.581245 day 
 cflmax,ksmax,dt,nsound:  1.0000  0.0186    11.5545   14
          4347              0.581379 day 
 cflmax,ksmax,dt,nsound:  1.0000  0.0186    11.5545   14
          4348              0.581513 day 
 cflmax,ksmax,dt,nsound:  1.0000  0.0187    11.5550   14
          4349              0.581646 day 
 cflmax,ksmax,dt,nsound:  1.0000  0.0202    11.5552   14
          4350              0.581780 day 
 cflmax,ksmax,dt,nsound:  1.0000  0.0200    11.5553   14
          4351              0.581914 day 
 cflmax,ksmax,dt,nsound:  1.0000  0.0191    11.5547   14
          4352              0.582048 day 
 cflmax,ksmax,dt,nsound:  1.0000  0.0198    11.5544   14
          4353              0.582181 day 
 cflmax,ksmax,dt,nsound:  1.0000  0.0197    11.5553   14
          4354              0.582315 day 
 cflmax,ksmax,dt,nsound:  1.0000  0.0205    11.5546   14
          4355              0.582449 day 
 cflmax,ksmax,dt,nsound:  1.0000  0.0208    11.5541   14
          4356              0.582582 day 
 cflmax,ksmax,dt,nsound:  1.0000  0.0205    11.5547   14
          4357              0.582716 day 
 cflmax,ksmax,dt,nsound:  1.0000  0.0204    11.5539   14
          4358              0.582850 day 
 cflmax,ksmax,dt,nsound:  1.0000  0.0212    11.5539   14
   Note: setting dt based on upcoming stat time 
   Note: setting dt based on upcoming diag time 
          4359              0.582984 day 
 cflmax,ksmax,dt,nsound:  0.8717  0.0183    10.0708   14
   Note: setting dt based on upcoming stat time 
   Note: setting dt based on upcoming diag time 
          4360              0.583100 day 
 cflmax,ksmax,dt,nsound:  0.8717  0.0174    10.0708   14
   Note: setting dt based on upcoming stat time 
   Note: setting dt based on upcoming diag time 
          4361              0.583217 day 
   dorad =  T
   getvt =  T
   Getting dbz ... 
   dotbud =  T
   doqbud =  T
   doubud =  T
   dovbud =  T
   dowbud =  T
 cflmax,ksmax,dt,nsound:  0.8717  0.0165    10.0708   14
   Getting fall velocities for Morrison MP scheme 
 
 Entering RADIATION_DRIVER 
   rrtmg_lwrad 
   rrtmg_swrad 
 Leaving RADIATION_DRIVER 
 
  WMAX  :   26.3820      524  300   21    WMIN  :  -11.9452      528  300   16
  UMAX  :   14.9526      993   71   13    UMIN  :  -43.2785      427   45   41
  SUMAX :   7.64659      957   88    1    SUMIN :   4.60065      471  440    1
  VMAX  :   10.9055      524  301   18    VMIN  :  -10.4186      210   14   18
  SVMAX :   2.60541      606  261    1    SVMIN : -0.258142      941  339    1
  PPIMAX:  0.149041E-02   67   52   17    PPIMIN: -0.165939E-02  144  188   19
  PPMAX :   381.520       67   52   17    PPMIN :  -394.469      103  167   15
  THPMAX:   3.38760      268  473   20    THPMIN:  -6.52295      773  257   20
  STHPMX:  -1.31155      257  440    1    STHPMN:  -1.63533      757    2    1
  MAXqv :  0.220722E-01  518   68    1    MINqv :  0.302016E-05  750  298   43
  MAXqc :  0.431422E-02  386  329   18    MINqc :   0.00000        4    1    1
  MAXqr :  0.672214E-02  523  300   21    MINqr :   0.00000       11    1    1
  MAXqi :  0.161441E-07  691   34   22    MINqi :   0.00000        1    1    1
  MAXqs :  0.545247E-08  691   34   22    MINqs :   0.00000        1    1    1
  MAXqg :  0.112885E-03  691   34   22    MINqg :   0.00000        1    1    1
  MAXnci:   153.610      523  300   22    MINnci:   0.00000        1    1    1
  MAXncs:   3.86145      209   14   19    MINncs:   0.00000        1    1    1
  MAXncr:   463485.      524  301   18    MINncr:   0.00000       11    1    1
  MAXncg:   123.540      691   34   22    MINncg:   0.00000        1    1    1
  PRATMX:  0.152778E-03  819  362    1    PRATMN:   0.00000       11    1    1
  KMHMAX:   0.00000        1    1    1    KMHMIN:   0.00000        1    1    1
  KMVMAX:   284.894      524  300   21    KMVMIN:   0.00000        1    1   66
  KHHMAX:   0.00000        1    1    1    KHHMIN:   0.00000        1    1    1
  KHVMAX:   284.894      524  300   21    KHVMIN:   0.00000        1    1   66
  DIVMAX:  0.428421E-03  522  382   15    DIVMIN: -0.776632E-03  210   15   19
  RHMAX :   1.00001       51  178    7    RHMIN :  0.303528E-02  503  239   65
  RHIMAX:   1.13357      898   14   22    RHIMIN:  0.538172E-02  503  239   65
  THEMAX:   365.879      519   68    1    THEMIN:   318.161      965  414   18
  STHEMX:   365.879      519   68    1    STHEMN:   362.249      257  440    1
  QCTOP :   6250.000000    1    1    1    QCBOT :    414.473694    1    1    1
  SFPMAX:   100726.      542  109    1    SFPMIN:   100694.      544  115    1
  PSFCMX:   101009.      863  408    1    PSFCMN:   100976.      544  115    1
  WSPMAX:   43.2785      426   45   41    WSPMIN:  0.189354E-02  881  231   16
  SWSPMX:   7.78620      992  407    1    SWSPMN:   4.68283       59  364    1
  10MWMX:   7.22367      992  407    1    10MWMN:   4.36652       59  364    1
  HPBLMX:   815.345      954  285    1    HPBLMN:   320.592      832  374    1
  CFLMAX:      0.998531  426   45   41
  KSHMAX:   0.00000        0    0    0
  KSVMAX:  0.302136E-01  699  206    5
  VORSFC:  0.286958E-02
  VOR1KM:  0.123213E-01
  VOR2KM:  0.226144E-01
  VOR3KM:  0.394868E-01
  VOR4KM:  0.508228E-01
  VOR5KM:  0.261506E-01
  TMASS :  0.132247E+16
  TMOIS :  0.579375E+13
  qv MAS:  0.579030E+13
  qc MAS:  0.335788E+10
  qr MAS:  0.100423E+09
  qi MAS:  0.649826E+01
  qs MAS:  0.897112E+00
  qg MAS:  0.352931E+05
  TENERG:  0.342521E+21
  TMU   : -0.622495E+16
  TMV   :  0.154990E+15
  TMW   : -0.756451E+12
  TMFU  :  0.236501E+12
  TMFD  : -0.238227E+12
  tcond :  0.853073E+11
  tevac :  0.824447E+11
  tauto :  0.000000E+00
  taccr :  0.000000E+00
  tevar :  0.339489E+09
  train :  0.316019E+06
  erain :  0.000000E+00
  qsfc  :  0.954833E+11
  esfc  :  0.143305E+17
  erad  :  0.000000E+00
  asqv  :  0.000000E+00
  asqc  :  0.142871E+09
  asqr  :  0.852885E+05
  asqi  :  0.113303E+00
  asqs  :  0.168279E-01
  asqg  :  0.267528E+01
  asnci :  0.000000E+00
  asncs :  0.000000E+00
  asncr :  0.000000E+00
  asncg :  0.000000E+00
  bsqv  :  0.000000E+00
  bsqc  :  0.000000E+00
  bsqr  :  0.000000E+00
  bsqi  :  0.000000E+00
  bsqs  :  0.000000E+00
  bsqg  :  0.000000E+00
  bsnci :  0.000000E+00
  bsncs :  0.000000E+00
  bsncr :  0.000000E+00
  bsncg :  0.000000E+00
 cm1out_stats.ctl                                                               
                                          
   next stattim =    54000.0000000000     
          4362              0.583333 day 
 
  ..... begin domaindiag code ..... 
 
   nwritet =           15
 cm1out_diag_000015_s.dat                                                       
                                          
 cm1out_diag_000015_w.dat                                                       
                                          
   wloop =            1
           1 mtime
           2 nstep
           3 umove
           4 vmove
           5 domainlocx
           6 domainlocy
           7 ust
           8 stau
           9 znt
          10 tsk
          11 psfc
          12 qsfc
          13 thflux
          14 qvflux
          15 hfx
          16 qfx
          17 u10
          18 v10
          19 s10
          20 t2
          21 q2
          22 th2
          23 cd
          24 ch
          25 cq
          26 hpbl
          27 wspd
          28 zol
          29 br
          30 brcr
          31 phim
          32 phih
          33 psim
          34 psih
          35 tst
          36 qst
          37 mol
          38 rain
          39 prate
          40 cwp
          41 rwp
          42 lwp
          43 pwat
          44 spwr
          45 fwp
          46 iwp
          47 swp
          48 gwp
          49 tcwp
          50 cwpvar
          51 rwpvar
          52 lwpvar
          53 qcfrac_col
          54 qrfrac_col
          55 qlfrac_col
          56 qifrac_col
          57 qtfrac_col
          58 qcb
          59 qrb
          60 qlb
          61 qcbvar
          62 qrbvar
          63 qlbvar
          64 qct
          65 qrt
          66 qlt
          67 qctvar
          68 qrtvar
          69 qltvar
          70 lwupt
          71 lwdnt
          72 lwupb
          73 lwdnb
          74 swupt
          75 swdnt
          76 swupb
          77 swdnb
          78 lwuptc
          79 lwdntc
          80 lwupbc
          81 lwdnbc
          82 swuptc
          83 swdntc
          84 swupbc
          85 swdnbc
          86 lwcf
          87 swcf
          88 cape
          89 cin
          90 lcl
          91 lfc
          92 zmelt
          93 pmelt
          94 s u
          95 w uinterp
          96 s v
          97 w vinterp
          98 w w
          99 s th
         100 w thinterp
         101 s t
         102 s prs
         103 w prsinterp
         104 s rho
         105 w rhointerp
         106 s ppi
         107 s qv
         108 s qc
         109 s qr
         110 s qi
         111 s qs
         112 s qg
         113 s nci
         114 s ncs
         115 s ncr
         116 s ncg
         117 s shv
         118 s shc
         119 s shr
         120 s shi
         121 s shs
         122 s shg
         123 s qliq
         124 s qice
         125 s qt
         126 s dbz
         127 s fc
         128 s fr
         129 s fi
         130 s fs
         131 s fg
         132 s precc
         133 s precr
         134 s preci
         135 s precs
         136 s precg
         137 s prec
         138 s qcfrac
         139 s qrfrac
         140 s qlfrac
         141 s qifrac
         142 s qtfrac
         143 s clw
         144 s cli
         145 s plw
         146 s pli
         147 s thv
         148 s brz
         149 s thl
         150 s the
         151 s rh
         152 s rhi
         153 w dissten
         154 w epst
         155 w nm
         156 w defh
         157 w defv
         158 w kmh
         159 w kmv
         160 w khh
         161 w khv
         162 w pr
         163 w rinum
         164 w grdscl
         165 s wsp
         166 w wspinterp
         167 s wspan
         168 s wspa
         169 s sdwsp
         170 s o3
         171 s swten
         172 s lwten
         173 s swtenc
         174 s lwtenc
         175 s cldfra
         176 s effc
         177 s effr
         178 s effs
         179 s effi
         180 s effg
         181 s effis
         182 w ndws
         183 w ndws2
         184 w dtdz
         185 w dudz
         186 w dvdz
         187 w dsdz
         188 w dqvdz
         189 s ug
         190 s vg
         191 s u0
         192 s v0
         193 s upup
         194 s upupup
         195 s vpvp
         196 s vpvpvp
         197 s wpwp
         198 s upvp
         199 s upwp
         200 s vpwp
         201 s thvarr
         202 w thvarrinterp
         203 s tptptp
         204 s uptp
         205 s vptp
         206 s thvvarr
         207 s thlvarr
         208 s qvvarr
         209 s qpqpqp
         210 s qlvarr
         211 s qtvarr
         212 s wpwptp
         213 s wptptp
         214 w upup_w
         215 w vpvp_w
         216 w wpwp_w
         217 w upvp_w
         218 w upwp_w
         219 w vpwp_w
         220 w wpwpwp
         221 w wpupup
         222 w wpvpvp
         223 w ufr
         224 w ufs
         225 w ufd
         226 w vfr
         227 w vfs
         228 w vfd
         229 w thfr
         230 w thfs
         231 w thfd
         232 w thvfr
         233 w thvfs
         234 w thvfd
         235 w thlfr
         236 w thlfs
         237 w thlfd
         238 w qvfr
         239 w qvfs
         240 w qvfd
         241 w qlfr
         242 w qlfs
         243 w qlfd
         244 w qtfr
         245 w qtfs
         246 w qtfd
         247 s ptb_vturbr
         248 s ptb_vturbs
         249 s ptb_vturbd
         250 s ptb_frc
         251 s qvb_vturbr
         252 s qvb_vturbs
         253 s qvb_vturbd
         254 s qvb_frc
         255 s ub_vturbr
         256 s ub_vturbs
         257 s ub_vturbd
         258 s ub_lspg
         259 s ub_frc
         260 s vb_vturbr
         261 s vb_vturbs
         262 s vb_vturbd
         263 s vb_lspg
         264 s vb_frc
         265 s rtke
         266 w rtke_w
         267 w wprof
         268 w wmax
         269 w wmin
         270 s tmfu
         271 s tmfd
         272 s wspmax
         273 s wspmin
         274 s zetamax
         275 s zetamin
         276 wvar_max
         277 wstar
         278 fbmin
         279 zfbmin
 
  ..... end domaindiag code ..... 
 
   next diagtim =    54000.0000000000     
 cflmax,ksmax,dt,nsound:  0.9589  0.0179    11.0779   14
          4363              0.583462 day 
 cflmax,ksmax,dt,nsound:  1.0000  0.0189    11.5524   14
          4364              0.583595 day 
 cflmax,ksmax,dt,nsound:  1.0000  0.0188    11.5520   14
          4365              0.583729 day 
 cflmax,ksmax,dt,nsound:  1.0000  0.0189    11.5517   14
          4366              0.583863 day 
 cflmax,ksmax,dt,nsound:  1.0000  0.0187    11.5519   14
          4367              0.583996 day 
 cflmax,ksmax,dt,nsound:  1.0000  0.0184    11.5518   14
          4368              0.584130 day 
 cflmax,ksmax,dt,nsound:  1.0000  0.0182    11.5517   14
          4369              0.584264 day 
 cflmax,ksmax,dt,nsound:  1.0000  0.0180    11.5512   14
          4370              0.584397 day 
 cflmax,ksmax,dt,nsound:  1.0000  0.0182    11.5511   14
          4371              0.584531 day 
 cflmax,ksmax,dt,nsound:  1.0000  0.0179    11.5507   14
          4372              0.584665 day 
 cflmax,ksmax,dt,nsound:  1.0000  0.0172    11.5509   14
          4373              0.584799 day 
 cflmax,ksmax,dt,nsound:  1.0000  0.0167    11.5507   14
          4374              0.584932 day 
 cflmax,ksmax,dt,nsound:  1.0000  0.0165    11.5507   14
          4375              0.585066 day 
 cflmax,ksmax,dt,nsound:  1.0000  0.0166    11.5508   14
          4376              0.585200 day 
 cflmax,ksmax,dt,nsound:  1.0000  0.0169    11.5505   14
          4377              0.585333 day 
 cflmax,ksmax,dt,nsound:  1.0000  0.0169    11.5502   14
          4378              0.585467 day 
 cflmax,ksmax,dt,nsound:  1.0000  0.0176    11.5500   14
          4379              0.585601 day 
 cflmax,ksmax,dt,nsound:  1.0000  0.0183    11.5504   14
          4380              0.585734 day 
 cflmax,ksmax,dt,nsound:  1.0000  0.0186    11.5506   14
          4381              0.585868 day 
 cflmax,ksmax,dt,nsound:  1.0000  0.0192    11.5505   14
          4382              0.586002 day 
 cflmax,ksmax,dt,nsound:  1.0000  0.0196    11.5500   14
          4383              0.586135 day 
 cflmax,ksmax,dt,nsound:  1.0000  0.0184    11.5508   14
          4384              0.586269 day 
 cflmax,ksmax,dt,nsound:  1.0000  0.0183    11.5503   14
          4385              0.586403 day 
 cflmax,ksmax,dt,nsound:  1.0000  0.0184    11.5508   14
          4386              0.586536 day 
 cflmax,ksmax,dt,nsound:  1.0000  0.0179    11.5508   14
          4387              0.586670 day 
   dorad =  T
 cflmax,ksmax,dt,nsound:  1.0000  0.0176    11.5513   14
 
 Entering RADIATION_DRIVER 
   rrtmg_lwrad 
   rrtmg_swrad 
 Leaving RADIATION_DRIVER 
 
          4388              0.586804 day 
 cflmax,ksmax,dt,nsound:  1.0000  0.0176    11.5507   14
          4389              0.586938 day 
 cflmax,ksmax,dt,nsound:  1.0000  0.0180    11.5507   14
          4390              0.587071 day 
 cflmax,ksmax,dt,nsound:  1.0000  0.0183    11.5507   14
          4391              0.587205 day 
 cflmax,ksmax,dt,nsound:  1.0000  0.0183    11.5501   14
          4392              0.587339 day 
 cflmax,ksmax,dt,nsound:  1.0000  0.0182    11.5493   14
          4393              0.587472 day 
 cflmax,ksmax,dt,nsound:  1.0000  0.0184    11.5492   14
          4394              0.587606 day 
 cflmax,ksmax,dt,nsound:  1.0000  0.0178    11.5498   14
          4395              0.587740 day 
 cflmax,ksmax,dt,nsound:  1.0000  0.0166    11.5498   14
          4396              0.587873 day 
 cflmax,ksmax,dt,nsound:  1.0000  0.0167    11.5492   14
          4397              0.588007 day 
 cflmax,ksmax,dt,nsound:  1.0000  0.0173    11.5488   14
          4398              0.588141 day 
 cflmax,ksmax,dt,nsound:  1.0000  0.0171    11.5494   14
          4399              0.588274 day 
 cflmax,ksmax,dt,nsound:  1.0000  0.0172    11.5499   14
          4400              0.588408 day 
 cflmax,ksmax,dt,nsound:  1.0000  0.0185    11.5498   14
          4401              0.588542 day 
 cflmax,ksmax,dt,nsound:  1.0000  0.0192    11.5495   14
          4402              0.588675 day 
 cflmax,ksmax,dt,nsound:  1.0000  0.0204    11.5501   14
          4403              0.588809 day 
 cflmax,ksmax,dt,nsound:  1.0000  0.0216    11.5496   14
          4404              0.588943 day 
 cflmax,ksmax,dt,nsound:  1.0000  0.0219    11.5498   14
          4405              0.589076 day 
 cflmax,ksmax,dt,nsound:  1.0000  0.0216    11.5503   14
          4406              0.589210 day 
 cflmax,ksmax,dt,nsound:  1.0000  0.0213    11.5502   14
          4407              0.589344 day 
 cflmax,ksmax,dt,nsound:  1.0000  0.0210    11.5500   14
          4408              0.589477 day 
 cflmax,ksmax,dt,nsound:  1.0000  0.0202    11.5499   14
          4409              0.589611 day 
 cflmax,ksmax,dt,nsound:  1.0000  0.0208    11.5505   14
          4410              0.589745 day 
 cflmax,ksmax,dt,nsound:  1.0000  0.0203    11.5510   14
          4411              0.589878 day 
 cflmax,ksmax,dt,nsound:  1.0000  0.0195    11.5505   14
          4412              0.590012 day 
 cflmax,ksmax,dt,nsound:  1.0000  0.0203    11.5503   14
          4413              0.590146 day 
   dorad =  T
 cflmax,ksmax,dt,nsound:  1.0000  0.0197    11.5506   14
 
 Entering RADIATION_DRIVER 
   rrtmg_lwrad 
   rrtmg_swrad 
 Leaving RADIATION_DRIVER 
 
          4414              0.590280 day 
 cflmax,ksmax,dt,nsound:  1.0000  0.0182    11.5511   14
          4415              0.590413 day 
 cflmax,ksmax,dt,nsound:  1.0000  0.0189    11.5510   14
          4416              0.590547 day 
 cflmax,ksmax,dt,nsound:  1.0000  0.0189    11.5512   14
          4417              0.590681 day 
 cflmax,ksmax,dt,nsound:  1.0000  0.0180    11.5518   14
          4418              0.590814 day 
 cflmax,ksmax,dt,nsound:  1.0000  0.0187    11.5517   14
          4419              0.590948 day 
 cflmax,ksmax,dt,nsound:  1.0000  0.0192    11.5517   14
          4420              0.591082 day 
 cflmax,ksmax,dt,nsound:  1.0000  0.0191    11.5519   14
          4421              0.591215 day 
 cflmax,ksmax,dt,nsound:  1.0000  0.0186    11.5520   14
          4422              0.591349 day 
 cflmax,ksmax,dt,nsound:  1.0000  0.0184    11.5509   14
          4423              0.591483 day 
 cflmax,ksmax,dt,nsound:  1.0000  0.0177    11.5509   14
          4424              0.591617 day 
 cflmax,ksmax,dt,nsound:  1.0000  0.0177    11.5519   14
          4425              0.591750 day 
 cflmax,ksmax,dt,nsound:  1.0000  0.0171    11.5520   14
          4426              0.591884 day 
 cflmax,ksmax,dt,nsound:  1.0000  0.0164    11.5516   14
          4427              0.592018 day 
 cflmax,ksmax,dt,nsound:  1.0000  0.0160    11.5517   14
          4428              0.592151 day 
 cflmax,ksmax,dt,nsound:  1.0000  0.0159    11.5520   14
          4429              0.592285 day 
 cflmax,ksmax,dt,nsound:  1.0000  0.0157    11.5521   14
          4430              0.592419 day 
 cflmax,ksmax,dt,nsound:  1.0000  0.0153    11.5527   14
          4431              0.592552 day 
 cflmax,ksmax,dt,nsound:  1.0000  0.0146    11.5527   14
          4432              0.592686 day 
 cflmax,ksmax,dt,nsound:  1.0000  0.0152    11.5531   14
          4433              0.592820 day 
 cflmax,ksmax,dt,nsound:  1.0000  0.0154    11.5535   14
          4434              0.592954 day 
 cflmax,ksmax,dt,nsound:  1.0000  0.0149    11.5539   14
          4435              0.593087 day 
 cflmax,ksmax,dt,nsound:  1.0000  0.0161    11.5529   14
          4436              0.593221 day 
 cflmax,ksmax,dt,nsound:  1.0000  0.0163    11.5526   14
          4437              0.593355 day 
 cflmax,ksmax,dt,nsound:  1.0000  0.0166    11.5521   14
          4438              0.593488 day 
 cflmax,ksmax,dt,nsound:  1.0000  0.0172    11.5515   14
          4439              0.593622 day 
   dorad =  T
 cflmax,ksmax,dt,nsound:  1.0000  0.0175    11.5516   14
 
 Entering RADIATION_DRIVER 
   rrtmg_lwrad 
   rrtmg_swrad 
 Leaving RADIATION_DRIVER 
 
          4440              0.593756 day 
 cflmax,ksmax,dt,nsound:  1.0000  0.0183    11.5516   14
          4441              0.593890 day 
 cflmax,ksmax,dt,nsound:  1.0000  0.0184    11.5514   14
          4442              0.594023 day 
 cflmax,ksmax,dt,nsound:  1.0000  0.0187    11.5506   14
          4443              0.594157 day 
 cflmax,ksmax,dt,nsound:  1.0000  0.0191    11.5505   14
          4444              0.594291 day 
 cflmax,ksmax,dt,nsound:  1.0000  0.0194    11.5510   14
          4445              0.594424 day 
 cflmax,ksmax,dt,nsound:  1.0000  0.0188    11.5514   14
          4446              0.594558 day 
 cflmax,ksmax,dt,nsound:  1.0000  0.0178    11.5511   14
          4447              0.594692 day 
 cflmax,ksmax,dt,nsound:  1.0000  0.0181    11.5511   14
          4448              0.594825 day 
 cflmax,ksmax,dt,nsound:  1.0000  0.0178    11.5518   14
          4449              0.594959 day 
 cflmax,ksmax,dt,nsound:  1.0000  0.0180    11.5516   14
          4450              0.595093 day 
 cflmax,ksmax,dt,nsound:  1.0000  0.0186    11.5519   14
          4451              0.595226 day 
 cflmax,ksmax,dt,nsound:  1.0000  0.0186    11.5522   14
          4452              0.595360 day 
 cflmax,ksmax,dt,nsound:  1.0000  0.0177    11.5521   14
          4453              0.595494 day 
 cflmax,ksmax,dt,nsound:  1.0000  0.0174    11.5515   14
          4454              0.595628 day 
 cflmax,ksmax,dt,nsound:  1.0000  0.0179    11.5511   14
          4455              0.595761 day 
 cflmax,ksmax,dt,nsound:  1.0000  0.0173    11.5514   14
          4456              0.595895 day 
 cflmax,ksmax,dt,nsound:  1.0000  0.0157    11.5517   14
          4457              0.596029 day 
 cflmax,ksmax,dt,nsound:  1.0000  0.0147    11.5513   14
          4458              0.596162 day 
 cflmax,ksmax,dt,nsound:  1.0000  0.0138    11.5508   14
          4459              0.596296 day 
 cflmax,ksmax,dt,nsound:  1.0000  0.0136    11.5504   14
          4460              0.596430 day 
 cflmax,ksmax,dt,nsound:  1.0000  0.0139    11.5505   14
          4461              0.596563 day 
 cflmax,ksmax,dt,nsound:  1.0000  0.0138    11.5506   14
          4462              0.596697 day 
 cflmax,ksmax,dt,nsound:  1.0000  0.0140    11.5508   14
          4463              0.596831 day 
 cflmax,ksmax,dt,nsound:  1.0000  0.0143    11.5505   14
          4464              0.596964 day 
 cflmax,ksmax,dt,nsound:  1.0000  0.0141    11.5504   14
          4465              0.597098 day 
   dorad =  T
 cflmax,ksmax,dt,nsound:  1.0000  0.0144    11.5499   14
 
 Entering RADIATION_DRIVER 
   rrtmg_lwrad 
   rrtmg_swrad 
 Leaving RADIATION_DRIVER 
 
          4466              0.597232 day 
 cflmax,ksmax,dt,nsound:  1.0000  0.0149    11.5497   14
          4467              0.597366 day 
 cflmax,ksmax,dt,nsound:  1.0000  0.0148    11.5495   14
          4468              0.597499 day 
 cflmax,ksmax,dt,nsound:  1.0000  0.0154    11.5494   14
          4469              0.597633 day 
 cflmax,ksmax,dt,nsound:  1.0000  0.0153    11.5488   14
          4470              0.597767 day 
 cflmax,ksmax,dt,nsound:  1.0000  0.0148    11.5482   14
          4471              0.597900 day 
 cflmax,ksmax,dt,nsound:  1.0000  0.0145    11.5486   14
          4472              0.598034 day 
 cflmax,ksmax,dt,nsound:  1.0000  0.0141    11.5485   14
          4473              0.598168 day 
 cflmax,ksmax,dt,nsound:  1.0000  0.0145    11.5480   14
          4474              0.598301 day 
 cflmax,ksmax,dt,nsound:  1.0000  0.0143    11.5481   14
          4475              0.598435 day 
 cflmax,ksmax,dt,nsound:  1.0000  0.0133    11.5489   14
          4476              0.598568 day 
 cflmax,ksmax,dt,nsound:  1.0000  0.0147    11.5492   14
          4477              0.598702 day 
 cflmax,ksmax,dt,nsound:  1.0000  0.0142    11.5492   14
          4478              0.598836 day 
 cflmax,ksmax,dt,nsound:  1.0000  0.0141    11.5492   14
          4479              0.598970 day 
 cflmax,ksmax,dt,nsound:  1.0000  0.0145    11.5497   14
          4480              0.599103 day 
 cflmax,ksmax,dt,nsound:  1.0000  0.0143    11.5500   14
          4481              0.599237 day 
 cflmax,ksmax,dt,nsound:  1.0000  0.0143    11.5495   14
          4482              0.599371 day 
 cflmax,ksmax,dt,nsound:  1.0000  0.0139    11.5485   14
          4483              0.599504 day 
 cflmax,ksmax,dt,nsound:  1.0000  0.0134    11.5479   14
          4484              0.599638 day 
 cflmax,ksmax,dt,nsound:  1.0000  0.0128    11.5476   14
          4485              0.599772 day 
 cflmax,ksmax,dt,nsound:  1.0000  0.0127    11.5472   14
          4486              0.599905 day 
 cflmax,ksmax,dt,nsound:  1.0000  0.0135    11.5467   14
          4487              0.600039 day 
 cflmax,ksmax,dt,nsound:  1.0000  0.0138    11.5466   14
          4488              0.600172 day 
 cflmax,ksmax,dt,nsound:  1.0000  0.0138    11.5466   14
          4489              0.600306 day 
 cflmax,ksmax,dt,nsound:  1.0000  0.0142    11.5462   14
          4490              0.600440 day 
 cflmax,ksmax,dt,nsound:  1.0000  0.0138    11.5463   14
          4491              0.600573 day 
   dorad =  T
 cflmax,ksmax,dt,nsound:  1.0000  0.0141    11.5463   14
 
 Entering RADIATION_DRIVER 
   rrtmg_lwrad 
   rrtmg_swrad 
 Leaving RADIATION_DRIVER 
 
          4492              0.600707 day 
 cflmax,ksmax,dt,nsound:  1.0000  0.0146    11.5465   14
          4493              0.600841 day 
 cflmax,ksmax,dt,nsound:  1.0000  0.0141    11.5468   14
          4494              0.600974 day 
 cflmax,ksmax,dt,nsound:  1.0000  0.0135    11.5470   14
          4495              0.601108 day 
 cflmax,ksmax,dt,nsound:  1.0000  0.0146    11.5471   14
          4496              0.601242 day 
 cflmax,ksmax,dt,nsound:  1.0000  0.0156    11.5476   14
          4497              0.601375 day 
 cflmax,ksmax,dt,nsound:  1.0000  0.0153    11.5482   14
          4498              0.601509 day 
 cflmax,ksmax,dt,nsound:  1.0000  0.0148    11.5486   14
          4499              0.601643 day 
 cflmax,ksmax,dt,nsound:  1.0000  0.0142    11.5489   14
          4500              0.601776 day 
 cflmax,ksmax,dt,nsound:  1.0000  0.0151    11.5489   14
          4501              0.601910 day 
 cflmax,ksmax,dt,nsound:  1.0000  0.0145    11.5486   14
          4502              0.602044 day 
 cflmax,ksmax,dt,nsound:  1.0000  0.0146    11.5482   14
          4503              0.602177 day 
 cflmax,ksmax,dt,nsound:  1.0000  0.0141    11.5477   14
          4504              0.602311 day 
 cflmax,ksmax,dt,nsound:  1.0000  0.0152    11.5478   14
          4505              0.602445 day 
 cflmax,ksmax,dt,nsound:  1.0000  0.0158    11.5476   14
          4506              0.602578 day 
 cflmax,ksmax,dt,nsound:  1.0000  0.0151    11.5470   14
          4507              0.602712 day 
 cflmax,ksmax,dt,nsound:  1.0000  0.0146    11.5468   14
          4508              0.602845 day 
 cflmax,ksmax,dt,nsound:  1.0000  0.0141    11.5465   14
          4509              0.602979 day 
 cflmax,ksmax,dt,nsound:  1.0000  0.0134    11.5465   14
          4510              0.603113 day 
 cflmax,ksmax,dt,nsound:  1.0000  0.0128    11.5467   14
          4511              0.603246 day 
 cflmax,ksmax,dt,nsound:  1.0000  0.0136    11.5466   14
          4512              0.603380 day 
 cflmax,ksmax,dt,nsound:  1.0000  0.0136    11.5464   14
          4513              0.603514 day 
 cflmax,ksmax,dt,nsound:  1.0000  0.0133    11.5464   14
          4514              0.603647 day 
 cflmax,ksmax,dt,nsound:  1.0000  0.0137    11.5469   14
          4515              0.603781 day 
 cflmax,ksmax,dt,nsound:  1.0000  0.0146    11.5468   14
          4516              0.603915 day 
 cflmax,ksmax,dt,nsound:  1.0000  0.0142    11.5470   14
          4517              0.604048 day 
   dorad =  T
 cflmax,ksmax,dt,nsound:  1.0000  0.0133    11.5473   14
 
 Entering RADIATION_DRIVER 
   rrtmg_lwrad 
   rrtmg_swrad 
 Leaving RADIATION_DRIVER 
 
          4518              0.604182 day 
 cflmax,ksmax,dt,nsound:  1.0000  0.0128    11.5476   14
          4519              0.604316 day 
 cflmax,ksmax,dt,nsound:  1.0000  0.0138    11.5477   14
          4520              0.604449 day 
 cflmax,ksmax,dt,nsound:  1.0000  0.0133    11.5475   14
          4521              0.604583 day 
 cflmax,ksmax,dt,nsound:  1.0000  0.0128    11.5468   14
          4522              0.604717 day 
 cflmax,ksmax,dt,nsound:  1.0000  0.0120    11.5463   14
          4523              0.604850 day 
 cflmax,ksmax,dt,nsound:  1.0000  0.0133    11.5461   14
          4524              0.604984 day 
 cflmax,ksmax,dt,nsound:  1.0000  0.0137    11.5458   14
          4525              0.605117 day 
 cflmax,ksmax,dt,nsound:  1.0000  0.0128    11.5453   14
          4526              0.605251 day 
 cflmax,ksmax,dt,nsound:  1.0000  0.0119    11.5450   14
          4527              0.605385 day 
 cflmax,ksmax,dt,nsound:  1.0000  0.0116    11.5449   14
          4528              0.605518 day 
 cflmax,ksmax,dt,nsound:  1.0000  0.0120    11.5447   14
          4529              0.605652 day 
 cflmax,ksmax,dt,nsound:  1.0000  0.0116    11.5445   14
          4530              0.605786 day 
 cflmax,ksmax,dt,nsound:  1.0000  0.0115    11.5445   14
          4531              0.605919 day 
 cflmax,ksmax,dt,nsound:  1.0000  0.0118    11.5446   14
          4532              0.606053 day 
 cflmax,ksmax,dt,nsound:  1.0000  0.0122    11.5445   14
          4533              0.606186 day 
 cflmax,ksmax,dt,nsound:  1.0000  0.0113    11.5442   14
          4534              0.606320 day 
 cflmax,ksmax,dt,nsound:  1.0000  0.0108    11.5441   14
          4535              0.606454 day 
 cflmax,ksmax,dt,nsound:  1.0000  0.0117    11.5438   14
          4536              0.606587 day 
 cflmax,ksmax,dt,nsound:  1.0000  0.0122    11.5438   14
          4537              0.606721 day 
 cflmax,ksmax,dt,nsound:  1.0000  0.0117    11.5438   14
          4538              0.606854 day 
 cflmax,ksmax,dt,nsound:  1.0000  0.0110    11.5436   14
          4539              0.606988 day 
 cflmax,ksmax,dt,nsound:  1.0000  0.0111    11.5436   14
          4540              0.607122 day 
 cflmax,ksmax,dt,nsound:  1.0000  0.0120    11.5435   14
          4541              0.607255 day 
 cflmax,ksmax,dt,nsound:  1.0000  0.0123    11.5435   14
          4542              0.607389 day 
 cflmax,ksmax,dt,nsound:  1.0000  0.0122    11.5436   14
          4543              0.607522 day 
   dorad =  T
 cflmax,ksmax,dt,nsound:  1.0000  0.0114    11.5436   14
 
 Entering RADIATION_DRIVER 
   rrtmg_lwrad 
   rrtmg_swrad 
 Leaving RADIATION_DRIVER 
 
          4544              0.607656 day 
 cflmax,ksmax,dt,nsound:  1.0000  0.0118    11.5436   14
          4545              0.607790 day 
 cflmax,ksmax,dt,nsound:  1.0000  0.0123    11.5435   14
          4546              0.607923 day 
 cflmax,ksmax,dt,nsound:  1.0000  0.0124    11.5436   14
          4547              0.608057 day 
 cflmax,ksmax,dt,nsound:  1.0000  0.0132    11.5438   14
          4548              0.608191 day 
 cflmax,ksmax,dt,nsound:  1.0000  0.0129    11.5442   14
          4549              0.608324 day 
 cflmax,ksmax,dt,nsound:  1.0000  0.0130    11.5444   14
          4550              0.608458 day 
 cflmax,ksmax,dt,nsound:  1.0000  0.0123    11.5445   14
          4551              0.608591 day 
 cflmax,ksmax,dt,nsound:  1.0000  0.0130    11.5444   14
          4552              0.608725 day 
 cflmax,ksmax,dt,nsound:  1.0000  0.0128    11.5444   14
          4553              0.608859 day 
 cflmax,ksmax,dt,nsound:  1.0000  0.0131    11.5447   14
          4554              0.608992 day 
 cflmax,ksmax,dt,nsound:  1.0000  0.0125    11.5447   14
          4555              0.609126 day 
 cflmax,ksmax,dt,nsound:  1.0000  0.0127    11.5447   14
          4556              0.609259 day 
 cflmax,ksmax,dt,nsound:  1.0000  0.0129    11.5449   14
          4557              0.609393 day 
 cflmax,ksmax,dt,nsound:  1.0000  0.0128    11.5451   14
          4558              0.609527 day 
 cflmax,ksmax,dt,nsound:  1.0000  0.0122    11.5449   14
          4559              0.609660 day 
 cflmax,ksmax,dt,nsound:  1.0000  0.0112    11.5448   14
          4560              0.609794 day 
 cflmax,ksmax,dt,nsound:  1.0000  0.0111    11.5451   14
          4561              0.609928 day 
 cflmax,ksmax,dt,nsound:  1.0000  0.0122    11.5452   14
          4562              0.610061 day 
 cflmax,ksmax,dt,nsound:  1.0000  0.0120    11.5452   14
          4563              0.610195 day 
 cflmax,ksmax,dt,nsound:  1.0000  0.0113    11.5452   14
          4564              0.610328 day 
 cflmax,ksmax,dt,nsound:  1.0000  0.0106    11.5454   14
          4565              0.610462 day 
 cflmax,ksmax,dt,nsound:  1.0000  0.0108    11.5454   14
          4566              0.610596 day 
 cflmax,ksmax,dt,nsound:  1.0000  0.0116    11.5454   14
          4567              0.610729 day 
 cflmax,ksmax,dt,nsound:  1.0000  0.0112    11.5455   14
          4568              0.610863 day 
 cflmax,ksmax,dt,nsound:  1.0000  0.0105    11.5447   14
          4569              0.610997 day 
   dorad =  T
 cflmax,ksmax,dt,nsound:  1.0000  0.0107    11.5438   14
 
 Entering RADIATION_DRIVER 
   rrtmg_lwrad 
   rrtmg_swrad 
 Leaving RADIATION_DRIVER 
 
          4570              0.611130 day 
 cflmax,ksmax,dt,nsound:  1.0000  0.0111    11.5429   14
          4571              0.611264 day 
 cflmax,ksmax,dt,nsound:  1.0000  0.0110    11.5420   14
          4572              0.611397 day 
 cflmax,ksmax,dt,nsound:  1.0000  0.0107    11.5410   14
          4573              0.611531 day 
 cflmax,ksmax,dt,nsound:  1.0000  0.0108    11.5403   14
          4574              0.611664 day 
 cflmax,ksmax,dt,nsound:  1.0000  0.0110    11.5398   14
          4575              0.611798 day 
 cflmax,ksmax,dt,nsound:  1.0000  0.0109    11.5393   14
          4576              0.611932 day 
 cflmax,ksmax,dt,nsound:  1.0000  0.0107    11.5387   14
          4577              0.612065 day 
 cflmax,ksmax,dt,nsound:  1.0000  0.0105    11.5382   14
          4578              0.612199 day 
 cflmax,ksmax,dt,nsound:  1.0000  0.0105    11.5378   14
          4579              0.612332 day 
 cflmax,ksmax,dt,nsound:  1.0000  0.0113    11.5376   14
          4580              0.612466 day 
 cflmax,ksmax,dt,nsound:  1.0000  0.0112    11.5375   14
          4581              0.612599 day 
 cflmax,ksmax,dt,nsound:  1.0000  0.0107    11.5374   14
          4582              0.612733 day 
 cflmax,ksmax,dt,nsound:  1.0000  0.0101    11.5373   14
          4583              0.612866 day 
 cflmax,ksmax,dt,nsound:  1.0000  0.0097    11.5377   14
          4584              0.613000 day 
 cflmax,ksmax,dt,nsound:  1.0000  0.0094    11.5383   14
          4585              0.613133 day 
 cflmax,ksmax,dt,nsound:  1.0000  0.0100    11.5386   14
          4586              0.613267 day 
 cflmax,ksmax,dt,nsound:  1.0000  0.0103    11.5390   14
          4587              0.613401 day 
 cflmax,ksmax,dt,nsound:  1.0000  0.0102    11.5396   14
          4588              0.613534 day 
 cflmax,ksmax,dt,nsound:  1.0000  0.0101    11.5405   14
          4589              0.613668 day 
 cflmax,ksmax,dt,nsound:  1.0000  0.0101    11.5414   14
          4590              0.613801 day 
 cflmax,ksmax,dt,nsound:  1.0000  0.0104    11.5421   14
          4591              0.613935 day 
 cflmax,ksmax,dt,nsound:  1.0000  0.0096    11.5431   14
          4592              0.614068 day 
 cflmax,ksmax,dt,nsound:  1.0000  0.0105    11.5427   14
          4593              0.614202 day 
 cflmax,ksmax,dt,nsound:  1.0000  0.0109    11.5424   14
          4594              0.614336 day 
 cflmax,ksmax,dt,nsound:  1.0000  0.0101    11.5422   14
          4595              0.614469 day 
   dorad =  T
 cflmax,ksmax,dt,nsound:  1.0000  0.0094    11.5421   14
 
 Entering RADIATION_DRIVER 
   rrtmg_lwrad 
   rrtmg_swrad 
 Leaving RADIATION_DRIVER 
 
          4596              0.614603 day 
 cflmax,ksmax,dt,nsound:  1.0000  0.0102    11.5420   14
          4597              0.614736 day 
 cflmax,ksmax,dt,nsound:  1.0000  0.0106    11.5418   14
          4598              0.614870 day 
 cflmax,ksmax,dt,nsound:  1.0000  0.0100    11.5417   14
          4599              0.615004 day 
 cflmax,ksmax,dt,nsound:  1.0000  0.0092    11.5419   14
          4600              0.615137 day 
 cflmax,ksmax,dt,nsound:  1.0000  0.0102    11.5420   14
          4601              0.615271 day 
 cflmax,ksmax,dt,nsound:  1.0000  0.0105    11.5420   14
          4602              0.615404 day 
 cflmax,ksmax,dt,nsound:  1.0000  0.0094    11.5419   14
          4603              0.615538 day 
 cflmax,ksmax,dt,nsound:  1.0000  0.0094    11.5419   14
          4604              0.615672 day 
 cflmax,ksmax,dt,nsound:  1.0000  0.0089    11.5421   14
          4605              0.615805 day 
 cflmax,ksmax,dt,nsound:  1.0000  0.0093    11.5423   14
          4606              0.615939 day 
 cflmax,ksmax,dt,nsound:  1.0000  0.0095    11.5425   14
          4607              0.616072 day 
 cflmax,ksmax,dt,nsound:  1.0000  0.0097    11.5426   14
          4608              0.616206 day 
 cflmax,ksmax,dt,nsound:  1.0000  0.0095    11.5428   14
          4609              0.616339 day 
 cflmax,ksmax,dt,nsound:  1.0000  0.0091    11.5433   14
          4610              0.616473 day 
 cflmax,ksmax,dt,nsound:  1.0000  0.0087    11.5438   14
          4611              0.616607 day 
 cflmax,ksmax,dt,nsound:  1.0000  0.0093    11.5439   14
          4612              0.616740 day 
 cflmax,ksmax,dt,nsound:  1.0000  0.0081    11.5435   14
          4613              0.616874 day 
 cflmax,ksmax,dt,nsound:  1.0000  0.0081    11.5432   14
          4614              0.617007 day 
 cflmax,ksmax,dt,nsound:  1.0000  0.0086    11.5431   14
          4615              0.617141 day 
 cflmax,ksmax,dt,nsound:  1.0000  0.0095    11.5430   14
          4616              0.617275 day 
 cflmax,ksmax,dt,nsound:  1.0000  0.0086    11.5430   14
          4617              0.617408 day 
 cflmax,ksmax,dt,nsound:  1.0000  0.0081    11.5432   14
          4618              0.617542 day 
 cflmax,ksmax,dt,nsound:  1.0000  0.0087    11.5435   14
          4619              0.617675 day 
 cflmax,ksmax,dt,nsound:  1.0000  0.0082    11.5437   14
          4620              0.617809 day 
 cflmax,ksmax,dt,nsound:  1.0000  0.0084    11.5434   14
          4621              0.617943 day 
   dorad =  T
 cflmax,ksmax,dt,nsound:  1.0000  0.0089    11.5430   14
 
 Entering RADIATION_DRIVER 
   rrtmg_lwrad 
   rrtmg_swrad 
 Leaving RADIATION_DRIVER 
 
          4622              0.618076 day 
 cflmax,ksmax,dt,nsound:  1.0000  0.0101    11.5427   14
          4623              0.618210 day 
 cflmax,ksmax,dt,nsound:  1.0000  0.0090    11.5422   14
          4624              0.618344 day 
 cflmax,ksmax,dt,nsound:  1.0000  0.0090    11.5419   14
          4625              0.618477 day 
 cflmax,ksmax,dt,nsound:  1.0000  0.0098    11.5415   14
          4626              0.618611 day 
 cflmax,ksmax,dt,nsound:  1.0000  0.0091    11.5415   14
          4627              0.618744 day 
 cflmax,ksmax,dt,nsound:  1.0000  0.0083    11.5413   14
          4628              0.618878 day 
 cflmax,ksmax,dt,nsound:  1.0000  0.0092    11.5411   14
          4629              0.619011 day 
 cflmax,ksmax,dt,nsound:  1.0000  0.0104    11.5410   14
          4630              0.619145 day 
 cflmax,ksmax,dt,nsound:  1.0000  0.0092    11.5411   14
          4631              0.619279 day 
 cflmax,ksmax,dt,nsound:  1.0000  0.0093    11.5409   14
          4632              0.619412 day 
 cflmax,ksmax,dt,nsound:  1.0000  0.0107    11.5406   14
          4633              0.619546 day 
 cflmax,ksmax,dt,nsound:  1.0000  0.0100    11.5404   14
          4634              0.619679 day 
 cflmax,ksmax,dt,nsound:  1.0000  0.0090    11.5403   14
          4635              0.619813 day 
 cflmax,ksmax,dt,nsound:  1.0000  0.0092    11.5402   14
          4636              0.619946 day 
 cflmax,ksmax,dt,nsound:  1.0000  0.0101    11.5402   14
          4637              0.620080 day 
 cflmax,ksmax,dt,nsound:  1.0000  0.0097    11.5399   14
          4638              0.620214 day 
 cflmax,ksmax,dt,nsound:  1.0000  0.0089    11.5397   14
          4639              0.620347 day 
 cflmax,ksmax,dt,nsound:  1.0000  0.0084    11.5395   14
          4640              0.620481 day 
 cflmax,ksmax,dt,nsound:  1.0000  0.0099    11.5394   14
          4641              0.620614 day 
 cflmax,ksmax,dt,nsound:  1.0000  0.0104    11.5395   14
          4642              0.620748 day 
 cflmax,ksmax,dt,nsound:  1.0000  0.0094    11.5396   14
          4643              0.620881 day 
 cflmax,ksmax,dt,nsound:  1.0000  0.0085    11.5399   14
          4644              0.621015 day 
 cflmax,ksmax,dt,nsound:  1.0000  0.0082    11.5401   14
          4645              0.621149 day 
 cflmax,ksmax,dt,nsound:  1.0000  0.0084    11.5404   14
          4646              0.621282 day 
 cflmax,ksmax,dt,nsound:  1.0000  0.0095    11.5409   14
          4647              0.621416 day 
   dorad =  T
 cflmax,ksmax,dt,nsound:  1.0000  0.0097    11.5411   14
 
 Entering RADIATION_DRIVER 
   rrtmg_lwrad 
   rrtmg_swrad 
 Leaving RADIATION_DRIVER 
 
          4648              0.621549 day 
 cflmax,ksmax,dt,nsound:  1.0000  0.0094    11.5402   14
          4649              0.621683 day 
 cflmax,ksmax,dt,nsound:  1.0000  0.0082    11.5394   14
          4650              0.621816 day 
 cflmax,ksmax,dt,nsound:  1.0000  0.0081    11.5386   14
          4651              0.621950 day 
 cflmax,ksmax,dt,nsound:  1.0000  0.0090    11.5380   14
          4652              0.622083 day 
 cflmax,ksmax,dt,nsound:  1.0000  0.0081    11.5377   14
          4653              0.622217 day 
 cflmax,ksmax,dt,nsound:  1.0000  0.0078    11.5374   14
          4654              0.622351 day 
 cflmax,ksmax,dt,nsound:  1.0000  0.0089    11.5371   14
          4655              0.622484 day 
 cflmax,ksmax,dt,nsound:  1.0000  0.0095    11.5371   14
          4656              0.622618 day 
 cflmax,ksmax,dt,nsound:  1.0000  0.0083    11.5374   14
          4657              0.622751 day 
 cflmax,ksmax,dt,nsound:  1.0000  0.0091    11.5377   14
          4658              0.622885 day 
 cflmax,ksmax,dt,nsound:  1.0000  0.0092    11.5380   14
          4659              0.623018 day 
 cflmax,ksmax,dt,nsound:  1.0000  0.0084    11.5385   14
          4660              0.623152 day 
 cflmax,ksmax,dt,nsound:  1.0000  0.0076    11.5392   14
          4661              0.623285 day 
 cflmax,ksmax,dt,nsound:  1.0000  0.0091    11.5400   14
          4662              0.623419 day 
 cflmax,ksmax,dt,nsound:  1.0000  0.0098    11.5409   14
          4663              0.623552 day 
 cflmax,ksmax,dt,nsound:  1.0000  0.0085    11.5419   14
          4664              0.623686 day 
 cflmax,ksmax,dt,nsound:  1.0000  0.0089    11.5430   14
          4665              0.623820 day 
 cflmax,ksmax,dt,nsound:  1.0000  0.0100    11.5435   14
          4666              0.623953 day 
 cflmax,ksmax,dt,nsound:  1.0000  0.0091    11.5434   14
          4667              0.624087 day 
 cflmax,ksmax,dt,nsound:  1.0000  0.0082    11.5435   14
          4668              0.624220 day 
 cflmax,ksmax,dt,nsound:  1.0000  0.0080    11.5437   14
          4669              0.624354 day 
 cflmax,ksmax,dt,nsound:  1.0000  0.0096    11.5439   14
          4670              0.624488 day 
 cflmax,ksmax,dt,nsound:  1.0000  0.0099    11.5439   14
   Note: setting dt based on upcoming stat time 
   Note: setting dt based on upcoming diag time 
          4671              0.624621 day 
 cflmax,ksmax,dt,nsound:  0.9449  0.0083    10.9077   14
   Note: setting dt based on upcoming stat time 
   Note: setting dt based on upcoming diag time 
          4672              0.624748 day 
 cflmax,ksmax,dt,nsound:  0.9450  0.0079    10.9077   14
   Note: setting dt based on upcoming stat time 
   Note: setting dt based on upcoming diag time 
          4673              0.624874 day 
   dorad =  T
   getvt =  T
   Getting dbz ... 
   dotbud =  T
   doqbud =  T
   doubud =  T
   dovbud =  T
   dowbud =  T
 cflmax,ksmax,dt,nsound:  0.9451  0.0084    10.9077   14
   Getting fall velocities for Morrison MP scheme 
 
 Entering RADIATION_DRIVER 
   rrtmg_lwrad 
   rrtmg_swrad 
 Leaving RADIATION_DRIVER 
 
  WMAX  :   10.2353      892  490   15    WMIN  :  -3.55951      891  489   15
  UMAX  :   13.4219      895  489    8    UMIN  :  -43.3259      331  421   41
  SUMAX :   7.07845      320  387    1    SUMIN :   5.12433      441   16    1
  VMAX  :   6.70010      891  490   14    VMIN  :  -4.24135      892  491   12
  SVMAX :   1.86332      318  453    1    SVMIN :  0.488080      571  305    1
  PPIMAX:  0.465691E-03  334  426   13    PPIMIN: -0.121411E-02  330  425   37
  PPMAX :   135.781      334  426   13    PPMIN :  -210.664      891  490   14
  THPMAX:   2.51785      426  314   45    THPMIN:  -4.14377      892  490   16
  STHPMX:  -1.37589     1020  102    1    STHPMN:  -1.62902      725  121    1
  MAXqv :  0.218929E-01  726  121    1    MINqv :  0.301917E-05  246  491   43
  MAXqc :  0.224079E-02  892  490   15    MINqc :   0.00000        1    1    1
  MAXqr :  0.186398E-04  891  490   15    MINqr :   0.00000        1    1    1
  MAXqi :   0.00000        1    1    1    MINqi :   0.00000        1    1    1
  MAXqs :   0.00000        1    1    1    MINqs :   0.00000        1    1    1
  MAXqg :   0.00000        1    1    1    MINqg :   0.00000        1    1    1
  MAXnci:   0.00000        1    1    1    MINnci:   0.00000        1    1    1
  MAXncs:   0.00000        1    1    1    MINncs:   0.00000        1    1    1
  MAXncr:   111267.      891  490   15    MINncr:   0.00000        1    1    1
  MAXncg:   0.00000        1    1    1    MINncg:   0.00000        1    1    1
  PRATMX:  0.400947E-07  418  269    1    PRATMN:   0.00000        1    1    1
  KMHMAX:   0.00000        1    1    1    KMHMIN:   0.00000        1    1    1
  KMVMAX:   151.767      892  490   16    KMVMIN:   0.00000        1    1   66
  KHHMAX:   0.00000        1    1    1    KHHMIN:   0.00000        1    1    1
  KHVMAX:   151.767      892  490   16    KHVMIN:   0.00000        1    1   66
  DIVMAX:  0.199899E-03  892  490   14    DIVMIN: -0.262279E-03  893  490   15
  RHMAX :   1.00001      949  414    7    RHMIN :  0.303635E-02  162  212   65
  RHIMAX:  0.990309      997  263   33    RHIMIN:  0.538448E-02  162  212   65
  THEMAX:   365.311      726  121    1    THEMIN:   317.992      855  328   18
  STHEMX:   365.311      726  121    1    STHEMN:   361.534      571  307    1
  QCTOP :   3439.473877    1    1    1    QCBOT :    414.473694    1    1    1
  SFPMAX:   100716.      404  264    1    SFPMIN:   100704.      378  379    1
  PSFCMX:   100999.      404  264    1    PSFCMN:   100987.      378  379    1
  WSPMAX:   43.3262      330  421   41    WSPMIN:  0.785116E-03 1024  480   16
  SWSPMX:   7.17383      392  421    1    SWSPMN:   5.22032      389  397    1
  10MWMX:   6.66378      392  421    1    10MWMN:   4.86771      389  397    1
  HPBLMX:   798.516      661  449    1    HPBLMN:   484.417      761  238    1
  CFLMAX:      0.999471  330  421   41
  KSHMAX:   0.00000        0    0    0
  KSVMAX:  0.286657E-01  670  388    6
  VORSFC:  0.162416E-02
  VOR1KM:  0.571175E-02
  VOR2KM:  0.165945E-01
  VOR3KM:  0.124642E-01
  VOR4KM:  0.344026E-02
  VOR5KM:  0.386385E-02
  TMASS :  0.132247E+16
  TMOIS :  0.580354E+13
  qv MAS:  0.580352E+13
  qc MAS:  0.156891E+08
  qr MAS:  0.227687E+05
  qi MAS:  0.000000E+00
  qs MAS:  0.000000E+00
  qg MAS:  0.000000E+00
  TENERG:  0.342458E+21
  TMU   : -0.623065E+16
  TMV   :  0.172195E+15
  TMW   : -0.469641E+12
  TMFU  :  0.164925E+12
  TMFD  : -0.165939E+12
  tcond :  0.112838E+12
  tevac :  0.113500E+12
  tauto :  0.000000E+00
  taccr :  0.000000E+00
  tevar :  0.623883E+09
  train :  0.188056E+08
  erain :  0.000000E+00
  qsfc  :  0.104385E+12
  esfc  :  0.178720E+17
  erad  :  0.000000E+00
  asqv  :  0.000000E+00
  asqc  :  0.241918E+09
  asqr  :  0.122516E+06
  asqi  :  0.251349E+00
  asqs  :  0.150836E+01
  asqg  :  0.877958E+01
  asnci :  0.000000E+00
  asncs :  0.000000E+00
  asncr :  0.000000E+00
  asncg :  0.000000E+00
  bsqv  :  0.000000E+00
  bsqc  :  0.000000E+00
  bsqr  :  0.000000E+00
  bsqi  :  0.000000E+00
  bsqs  :  0.000000E+00
  bsqg  :  0.000000E+00
  bsnci :  0.000000E+00
  bsncs :  0.000000E+00
  bsncr :  0.000000E+00
  bsncg :  0.000000E+00
 cm1out_stats.ctl                                                               
                                          
   next stattim =    57600.0000000000     
          4674              0.625000 day 
 
  ..... begin domaindiag code ..... 
 
   nwritet =           16
 cm1out_diag_000016_s.dat                                                       
                                          
 cm1out_diag_000016_w.dat                                                       
                                          
   wloop =            1
           1 mtime
           2 nstep
           3 umove
           4 vmove
           5 domainlocx
           6 domainlocy
           7 ust
           8 stau
           9 znt
          10 tsk
          11 psfc
          12 qsfc
          13 thflux
          14 qvflux
          15 hfx
          16 qfx
          17 u10
          18 v10
          19 s10
          20 t2
          21 q2
          22 th2
          23 cd
          24 ch
          25 cq
          26 hpbl
          27 wspd
          28 zol
          29 br
          30 brcr
          31 phim
          32 phih
          33 psim
          34 psih
          35 tst
          36 qst
          37 mol
          38 rain
          39 prate
          40 cwp
          41 rwp
          42 lwp
          43 pwat
          44 spwr
          45 fwp
          46 iwp
          47 swp
          48 gwp
          49 tcwp
          50 cwpvar
          51 rwpvar
          52 lwpvar
          53 qcfrac_col
          54 qrfrac_col
          55 qlfrac_col
          56 qifrac_col
          57 qtfrac_col
          58 qcb
          59 qrb
          60 qlb
          61 qcbvar
          62 qrbvar
          63 qlbvar
          64 qct
          65 qrt
          66 qlt
          67 qctvar
          68 qrtvar
          69 qltvar
          70 lwupt
          71 lwdnt
          72 lwupb
          73 lwdnb
          74 swupt
          75 swdnt
          76 swupb
          77 swdnb
          78 lwuptc
          79 lwdntc
          80 lwupbc
          81 lwdnbc
          82 swuptc
          83 swdntc
          84 swupbc
          85 swdnbc
          86 lwcf
          87 swcf
          88 cape
          89 cin
          90 lcl
          91 lfc
          92 zmelt
          93 pmelt
          94 s u
          95 w uinterp
          96 s v
          97 w vinterp
          98 w w
          99 s th
         100 w thinterp
         101 s t
         102 s prs
         103 w prsinterp
         104 s rho
         105 w rhointerp
         106 s ppi
         107 s qv
         108 s qc
         109 s qr
         110 s qi
         111 s qs
         112 s qg
         113 s nci
         114 s ncs
         115 s ncr
         116 s ncg
         117 s shv
         118 s shc
         119 s shr
         120 s shi
         121 s shs
         122 s shg
         123 s qliq
         124 s qice
         125 s qt
         126 s dbz
         127 s fc
         128 s fr
         129 s fi
         130 s fs
         131 s fg
         132 s precc
         133 s precr
         134 s preci
         135 s precs
         136 s precg
         137 s prec
         138 s qcfrac
         139 s qrfrac
         140 s qlfrac
         141 s qifrac
         142 s qtfrac
         143 s clw
         144 s cli
         145 s plw
         146 s pli
         147 s thv
         148 s brz
         149 s thl
         150 s the
         151 s rh
         152 s rhi
         153 w dissten
         154 w epst
         155 w nm
         156 w defh
         157 w defv
         158 w kmh
         159 w kmv
         160 w khh
         161 w khv
         162 w pr
         163 w rinum
         164 w grdscl
         165 s wsp
         166 w wspinterp
         167 s wspan
         168 s wspa
         169 s sdwsp
         170 s o3
         171 s swten
         172 s lwten
         173 s swtenc
         174 s lwtenc
         175 s cldfra
         176 s effc
         177 s effr
         178 s effs
         179 s effi
         180 s effg
         181 s effis
         182 w ndws
         183 w ndws2
         184 w dtdz
         185 w dudz
         186 w dvdz
         187 w dsdz
         188 w dqvdz
         189 s ug
         190 s vg
         191 s u0
         192 s v0
         193 s upup
         194 s upupup
         195 s vpvp
         196 s vpvpvp
         197 s wpwp
         198 s upvp
         199 s upwp
         200 s vpwp
         201 s thvarr
         202 w thvarrinterp
         203 s tptptp
         204 s uptp
         205 s vptp
         206 s thvvarr
         207 s thlvarr
         208 s qvvarr
         209 s qpqpqp
         210 s qlvarr
         211 s qtvarr
         212 s wpwptp
         213 s wptptp
         214 w upup_w
         215 w vpvp_w
         216 w wpwp_w
         217 w upvp_w
         218 w upwp_w
         219 w vpwp_w
         220 w wpwpwp
         221 w wpupup
         222 w wpvpvp
         223 w ufr
         224 w ufs
         225 w ufd
         226 w vfr
         227 w vfs
         228 w vfd
         229 w thfr
         230 w thfs
         231 w thfd
         232 w thvfr
         233 w thvfs
         234 w thvfd
         235 w thlfr
         236 w thlfs
         237 w thlfd
         238 w qvfr
         239 w qvfs
         240 w qvfd
         241 w qlfr
         242 w qlfs
         243 w qlfd
         244 w qtfr
         245 w qtfs
         246 w qtfd
         247 s ptb_vturbr
         248 s ptb_vturbs
         249 s ptb_vturbd
         250 s ptb_frc
         251 s qvb_vturbr
         252 s qvb_vturbs
         253 s qvb_vturbd
         254 s qvb_frc
         255 s ub_vturbr
         256 s ub_vturbs
         257 s ub_vturbd
         258 s ub_lspg
         259 s ub_frc
         260 s vb_vturbr
         261 s vb_vturbs
         262 s vb_vturbd
         263 s vb_lspg
         264 s vb_frc
         265 s rtke
         266 w rtke_w
         267 w wprof
         268 w wmax
         269 w wmin
         270 s tmfu
         271 s tmfd
         272 s wspmax
         273 s wspmin
         274 s zetamax
         275 s zetamin
         276 wvar_max
         277 wstar
         278 fbmin
         279 zfbmin
 
  ..... end domaindiag code ..... 
 
   next diagtim =    57600.0000000000     
 cflmax,ksmax,dt,nsound:  1.0000  0.0099    11.5403   14
          4675              0.625134 day 
 cflmax,ksmax,dt,nsound:  1.0000  0.0094    11.5394   14
          4676              0.625267 day 
 cflmax,ksmax,dt,nsound:  1.0000  0.0086    11.5387   14
          4677              0.625401 day 
 cflmax,ksmax,dt,nsound:  1.0000  0.0079    11.5381   14
          4678              0.625534 day 
 cflmax,ksmax,dt,nsound:  1.0000  0.0081    11.5377   14
          4679              0.625668 day 
 cflmax,ksmax,dt,nsound:  1.0000  0.0084    11.5373   14
          4680              0.625801 day 
 cflmax,ksmax,dt,nsound:  1.0000  0.0095    11.5372   14
          4681              0.625935 day 
 cflmax,ksmax,dt,nsound:  1.0000  0.0086    11.5372   14
          4682              0.626068 day 
 cflmax,ksmax,dt,nsound:  1.0000  0.0079    11.5373   14
          4683              0.626202 day 
 cflmax,ksmax,dt,nsound:  1.0000  0.0089    11.5373   14
          4684              0.626335 day 
 cflmax,ksmax,dt,nsound:  1.0000  0.0084    11.5376   14
          4685              0.626469 day 
 cflmax,ksmax,dt,nsound:  1.0000  0.0092    11.5379   14
          4686              0.626603 day 
 cflmax,ksmax,dt,nsound:  1.0000  0.0088    11.5384   14
          4687              0.626736 day 
 cflmax,ksmax,dt,nsound:  1.0000  0.0080    11.5389   14
          4688              0.626870 day 
 cflmax,ksmax,dt,nsound:  1.0000  0.0089    11.5392   14
          4689              0.627003 day 
 cflmax,ksmax,dt,nsound:  1.0000  0.0087    11.5390   14
          4690              0.627137 day 
 cflmax,ksmax,dt,nsound:  1.0000  0.0075    11.5388   14
          4691              0.627270 day 
 cflmax,ksmax,dt,nsound:  1.0000  0.0089    11.5389   14
          4692              0.627404 day 
 cflmax,ksmax,dt,nsound:  1.0000  0.0099    11.5390   14
          4693              0.627537 day 
 cflmax,ksmax,dt,nsound:  1.0000  0.0088    11.5392   14
          4694              0.627671 day 
 cflmax,ksmax,dt,nsound:  1.0000  0.0093    11.5398   14
          4695              0.627805 day 
 cflmax,ksmax,dt,nsound:  1.0000  0.0093    11.5405   14
          4696              0.627938 day 
 cflmax,ksmax,dt,nsound:  1.0000  0.0084    11.5412   14
          4697              0.628072 day 
 cflmax,ksmax,dt,nsound:  1.0000  0.0077    11.5420   14
          4698              0.628205 day 
 cflmax,ksmax,dt,nsound:  1.0000  0.0095    11.5431   14
          4699              0.628339 day 
   dorad =  T
 cflmax,ksmax,dt,nsound:  1.0000  0.0101    11.5430   14
 
 Entering RADIATION_DRIVER 
   rrtmg_lwrad 
   rrtmg_swrad 
 Leaving RADIATION_DRIVER 
 
          4700              0.628472 day 
 cflmax,ksmax,dt,nsound:  1.0000  0.0088    11.5421   14
          4701              0.628606 day 
 cflmax,ksmax,dt,nsound:  1.0000  0.0093    11.5412   14
          4702              0.628740 day 
 cflmax,ksmax,dt,nsound:  1.0000  0.0102    11.5405   14
          4703              0.628873 day 
 cflmax,ksmax,dt,nsound:  1.0000  0.0093    11.5398   14
          4704              0.629007 day 
 cflmax,ksmax,dt,nsound:  1.0000  0.0084    11.5392   14
          4705              0.629140 day 
 cflmax,ksmax,dt,nsound:  1.0000  0.0079    11.5386   14
          4706              0.629274 day 
 cflmax,ksmax,dt,nsound:  1.0000  0.0097    11.5381   14
          4707              0.629407 day 
 cflmax,ksmax,dt,nsound:  1.0000  0.0092    11.5378   14
          4708              0.629541 day 
 cflmax,ksmax,dt,nsound:  1.0000  0.0088    11.5375   14
          4709              0.629674 day 
 cflmax,ksmax,dt,nsound:  1.0000  0.0076    11.5373   14
          4710              0.629808 day 
 cflmax,ksmax,dt,nsound:  1.0000  0.0084    11.5372   14
          4711              0.629942 day 
 cflmax,ksmax,dt,nsound:  1.0000  0.0090    11.5372   14
          4712              0.630075 day 
 cflmax,ksmax,dt,nsound:  1.0000  0.0094    11.5372   14
          4713              0.630209 day 
 cflmax,ksmax,dt,nsound:  1.0000  0.0089    11.5374   14
          4714              0.630342 day 
 cflmax,ksmax,dt,nsound:  1.0000  0.0082    11.5376   14
          4715              0.630476 day 
 cflmax,ksmax,dt,nsound:  1.0000  0.0077    11.5379   14
          4716              0.630609 day 
 cflmax,ksmax,dt,nsound:  1.0000  0.0086    11.5384   14
          4717              0.630743 day 
 cflmax,ksmax,dt,nsound:  1.0000  0.0078    11.5389   14
          4718              0.630876 day 
 cflmax,ksmax,dt,nsound:  1.0000  0.0072    11.5395   14
          4719              0.631010 day 
 cflmax,ksmax,dt,nsound:  1.0000  0.0079    11.5401   14
          4720              0.631143 day 
 cflmax,ksmax,dt,nsound:  1.0000  0.0084    11.5409   14
          4721              0.631277 day 
 cflmax,ksmax,dt,nsound:  1.0000  0.0087    11.5417   14
          4722              0.631411 day 
 cflmax,ksmax,dt,nsound:  1.0000  0.0076    11.5424   14
          4723              0.631544 day 
 cflmax,ksmax,dt,nsound:  1.0000  0.0093    11.5421   14
          4724              0.631678 day 
 cflmax,ksmax,dt,nsound:  1.0000  0.0085    11.5415   14
          4725              0.631811 day 
   dorad =  T
 cflmax,ksmax,dt,nsound:  1.0000  0.0075    11.5411   14
 
 Entering RADIATION_DRIVER 
   rrtmg_lwrad 
   rrtmg_swrad 
 Leaving RADIATION_DRIVER 
 
          4726              0.631945 day 
 cflmax,ksmax,dt,nsound:  1.0000  0.0081    11.5408   14
          4727              0.632078 day 
 cflmax,ksmax,dt,nsound:  1.0000  0.0081    11.5406   14
          4728              0.632212 day 
 cflmax,ksmax,dt,nsound:  1.0000  0.0084    11.5405   14
          4729              0.632346 day 
 cflmax,ksmax,dt,nsound:  1.0000  0.0084    11.5406   14
          4730              0.632479 day 
 cflmax,ksmax,dt,nsound:  1.0000  0.0091    11.5410   14
          4731              0.632613 day 
 cflmax,ksmax,dt,nsound:  1.0000  0.0092    11.5414   14
          4732              0.632746 day 
 cflmax,ksmax,dt,nsound:  1.0000  0.0080    11.5414   14
          4733              0.632880 day 
 cflmax,ksmax,dt,nsound:  1.0000  0.0084    11.5409   14
          4734              0.633013 day 
 cflmax,ksmax,dt,nsound:  1.0000  0.0089    11.5405   14
          4735              0.633147 day 
 cflmax,ksmax,dt,nsound:  1.0000  0.0081    11.5401   14
          4736              0.633281 day 
 cflmax,ksmax,dt,nsound:  1.0000  0.0073    11.5399   14
          4737              0.633414 day 
 cflmax,ksmax,dt,nsound:  1.0000  0.0077    11.5397   14
          4738              0.633548 day 
 cflmax,ksmax,dt,nsound:  1.0000  0.0091    11.5397   14
          4739              0.633681 day 
 cflmax,ksmax,dt,nsound:  1.0000  0.0095    11.5398   14
          4740              0.633815 day 
 cflmax,ksmax,dt,nsound:  1.0000  0.0081    11.5401   14
          4741              0.633949 day 
 cflmax,ksmax,dt,nsound:  1.0000  0.0077    11.5404   14
          4742              0.634082 day 
 cflmax,ksmax,dt,nsound:  1.0000  0.0091    11.5409   14
          4743              0.634216 day 
 cflmax,ksmax,dt,nsound:  1.0000  0.0093    11.5414   14
          4744              0.634349 day 
 cflmax,ksmax,dt,nsound:  1.0000  0.0082    11.5421   14
          4745              0.634483 day 
 cflmax,ksmax,dt,nsound:  1.0000  0.0073    11.5429   14
          4746              0.634616 day 
 cflmax,ksmax,dt,nsound:  1.0000  0.0069    11.5438   14
          4747              0.634750 day 
 cflmax,ksmax,dt,nsound:  1.0000  0.0083    11.5448   14
          4748              0.634884 day 
 cflmax,ksmax,dt,nsound:  1.0000  0.0087    11.5455   14
          4749              0.635017 day 
 cflmax,ksmax,dt,nsound:  1.0000  0.0077    11.5457   14
          4750              0.635151 day 
 cflmax,ksmax,dt,nsound:  1.0000  0.0068    11.5449   14
          4751              0.635284 day 
   dorad =  T
 cflmax,ksmax,dt,nsound:  1.0000  0.0067    11.5444   14
 
 Entering RADIATION_DRIVER 
   rrtmg_lwrad 
   rrtmg_swrad 
 Leaving RADIATION_DRIVER 
 
          4752              0.635418 day 
 cflmax,ksmax,dt,nsound:  1.0000  0.0065    11.5439   14
          4753              0.635552 day 
 cflmax,ksmax,dt,nsound:  1.0000  0.0062    11.5436   14
          4754              0.635685 day 
 cflmax,ksmax,dt,nsound:  1.0000  0.0070    11.5435   14
          4755              0.635819 day 
 cflmax,ksmax,dt,nsound:  1.0000  0.0066    11.5435   14
          4756              0.635953 day 
 cflmax,ksmax,dt,nsound:  1.0000  0.0061    11.5435   14
          4757              0.636086 day 
 cflmax,ksmax,dt,nsound:  1.0000  0.0059    11.5437   14
          4758              0.636220 day 
 cflmax,ksmax,dt,nsound:  1.0000  0.0057    11.5441   14
          4759              0.636353 day 
 cflmax,ksmax,dt,nsound:  1.0000  0.0054    11.5444   14
          4760              0.636487 day 
 cflmax,ksmax,dt,nsound:  1.0000  0.0054    11.5442   14
          4761              0.636621 day 
 cflmax,ksmax,dt,nsound:  1.0000  0.0054    11.5440   14
          4762              0.636754 day 
 cflmax,ksmax,dt,nsound:  1.0000  0.0054    11.5440   14
          4763              0.636888 day 
 cflmax,ksmax,dt,nsound:  1.0000  0.0054    11.5441   14
          4764              0.637021 day 
 cflmax,ksmax,dt,nsound:  1.0000  0.0053    11.5442   14
          4765              0.637155 day 
 cflmax,ksmax,dt,nsound:  1.0000  0.0052    11.5445   14
          4766              0.637289 day 
 cflmax,ksmax,dt,nsound:  1.0000  0.0050    11.5449   14
          4767              0.637422 day 
 cflmax,ksmax,dt,nsound:  1.0000  0.0047    11.5450   14
          4768              0.637556 day 
 cflmax,ksmax,dt,nsound:  1.0000  0.0047    11.5449   14
          4769              0.637690 day 
 cflmax,ksmax,dt,nsound:  1.0000  0.0046    11.5449   14
          4770              0.637823 day 
 cflmax,ksmax,dt,nsound:  1.0000  0.0046    11.5449   14
          4771              0.637957 day 
 cflmax,ksmax,dt,nsound:  1.0000  0.0045    11.5449   14
          4772              0.638090 day 
 cflmax,ksmax,dt,nsound:  1.0000  0.0048    11.5449   14
          4773              0.638224 day 
 cflmax,ksmax,dt,nsound:  1.0000  0.0049    11.5445   14
          4774              0.638358 day 
 cflmax,ksmax,dt,nsound:  1.0000  0.0048    11.5442   14
          4775              0.638491 day 
 cflmax,ksmax,dt,nsound:  1.0000  0.0049    11.5440   14
          4776              0.638625 day 
 cflmax,ksmax,dt,nsound:  1.0000  0.0048    11.5440   14
          4777              0.638758 day 
   dorad =  T
 cflmax,ksmax,dt,nsound:  1.0000  0.0048    11.5440   14
 
 Entering RADIATION_DRIVER 
   rrtmg_lwrad 
   rrtmg_swrad 
 Leaving RADIATION_DRIVER 
 
          4778              0.638892 day 
 cflmax,ksmax,dt,nsound:  1.0000  0.0048    11.5442   14
          4779              0.639026 day 
 cflmax,ksmax,dt,nsound:  1.0000  0.0048    11.5445   14
          4780              0.639159 day 
 cflmax,ksmax,dt,nsound:  1.0000  0.0047    11.5449   14
          4781              0.639293 day 
 cflmax,ksmax,dt,nsound:  1.0000  0.0046    11.5454   14
          4782              0.639427 day 
 cflmax,ksmax,dt,nsound:  1.0000  0.0046    11.5460   14
          4783              0.639560 day 
 cflmax,ksmax,dt,nsound:  1.0000  0.0046    11.5466   14
          4784              0.639694 day 
 cflmax,ksmax,dt,nsound:  1.0000  0.0046    11.5471   14
          4785              0.639827 day 
 cflmax,ksmax,dt,nsound:  1.0000  0.0046    11.5465   14
          4786              0.639961 day 
 cflmax,ksmax,dt,nsound:  1.0000  0.0045    11.5458   14
          4787              0.640095 day 
 cflmax,ksmax,dt,nsound:  1.0000  0.0045    11.5452   14
          4788              0.640228 day 
 cflmax,ksmax,dt,nsound:  1.0000  0.0046    11.5438   14
          4789              0.640362 day 
 cflmax,ksmax,dt,nsound:  1.0000  0.0045    11.5426   14
          4790              0.640496 day 
 cflmax,ksmax,dt,nsound:  1.0000  0.0045    11.5415   14
          4791              0.640629 day 
 cflmax,ksmax,dt,nsound:  1.0000  0.0045    11.5405   14
          4792              0.640763 day 
 cflmax,ksmax,dt,nsound:  1.0000  0.0044    11.5397   14
          4793              0.640896 day 
 cflmax,ksmax,dt,nsound:  1.0000  0.0045    11.5390   14
          4794              0.641030 day 
 cflmax,ksmax,dt,nsound:  1.0000  0.0045    11.5385   14
          4795              0.641163 day 
 cflmax,ksmax,dt,nsound:  1.0000  0.0047    11.5383   14
          4796              0.641297 day 
 cflmax,ksmax,dt,nsound:  1.0000  0.0047    11.5382   14
          4797              0.641430 day 
 cflmax,ksmax,dt,nsound:  1.0000  0.0047    11.5382   14
          4798              0.641564 day 
 cflmax,ksmax,dt,nsound:  1.0000  0.0047    11.5384   14
          4799              0.641698 day 
 cflmax,ksmax,dt,nsound:  1.0000  0.0047    11.5389   14
          4800              0.641831 day 
 cflmax,ksmax,dt,nsound:  1.0000  0.0047    11.5395   14
          4801              0.641965 day 
 cflmax,ksmax,dt,nsound:  1.0000  0.0047    11.5402   14
          4802              0.642098 day 
 cflmax,ksmax,dt,nsound:  1.0000  0.0046    11.5411   14
          4803              0.642232 day 
   dorad =  T
 cflmax,ksmax,dt,nsound:  1.0000  0.0046    11.5414   14
 
 Entering RADIATION_DRIVER 
   rrtmg_lwrad 
   rrtmg_swrad 
 Leaving RADIATION_DRIVER 
 
          4804              0.642365 day 
 cflmax,ksmax,dt,nsound:  1.0000  0.0045    11.5416   14
          4805              0.642499 day 
 cflmax,ksmax,dt,nsound:  1.0000  0.0046    11.5418   14
          4806              0.642633 day 
 cflmax,ksmax,dt,nsound:  1.0000  0.0045    11.5420   14
          4807              0.642766 day 
 cflmax,ksmax,dt,nsound:  1.0000  0.0045    11.5419   14
          4808              0.642900 day 
 cflmax,ksmax,dt,nsound:  1.0000  0.0046    11.5417   14
          4809              0.643033 day 
 cflmax,ksmax,dt,nsound:  1.0000  0.0045    11.5416   14
          4810              0.643167 day 
 cflmax,ksmax,dt,nsound:  1.0000  0.0046    11.5417   14
          4811              0.643301 day 
 cflmax,ksmax,dt,nsound:  1.0000  0.0045    11.5419   14
          4812              0.643434 day 
 cflmax,ksmax,dt,nsound:  1.0000  0.0047    11.5423   14
          4813              0.643568 day 
 cflmax,ksmax,dt,nsound:  1.0000  0.0051    11.5428   14
          4814              0.643701 day 
 cflmax,ksmax,dt,nsound:  1.0000  0.0051    11.5435   14
          4815              0.643835 day 
 cflmax,ksmax,dt,nsound:  1.0000  0.0050    11.5443   14
          4816              0.643969 day 
 cflmax,ksmax,dt,nsound:  1.0000  0.0051    11.5452   14
          4817              0.644102 day 
 cflmax,ksmax,dt,nsound:  1.0000  0.0048    11.5462   14
          4818              0.644236 day 
 cflmax,ksmax,dt,nsound:  1.0000  0.0047    11.5466   14
          4819              0.644369 day 
 cflmax,ksmax,dt,nsound:  1.0000  0.0046    11.5469   14
          4820              0.644503 day 
 cflmax,ksmax,dt,nsound:  1.0000  0.0046    11.5472   14
          4821              0.644637 day 
 cflmax,ksmax,dt,nsound:  1.0000  0.0048    11.5468   14
          4822              0.644770 day 
 cflmax,ksmax,dt,nsound:  1.0000  0.0047    11.5465   14
          4823              0.644904 day 
 cflmax,ksmax,dt,nsound:  1.0000  0.0046    11.5464   14
          4824              0.645038 day 
 cflmax,ksmax,dt,nsound:  1.0000  0.0047    11.5462   14
          4825              0.645171 day 
 cflmax,ksmax,dt,nsound:  1.0000  0.0046    11.5450   14
          4826              0.645305 day 
 cflmax,ksmax,dt,nsound:  1.0000  0.0045    11.5440   14
          4827              0.645438 day 
 cflmax,ksmax,dt,nsound:  1.0000  0.0045    11.5430   14
          4828              0.645572 day 
 cflmax,ksmax,dt,nsound:  1.0000  0.0045    11.5421   14
          4829              0.645706 day 
   dorad =  T
 cflmax,ksmax,dt,nsound:  1.0000  0.0044    11.5413   14
 
 Entering RADIATION_DRIVER 
   rrtmg_lwrad 
   rrtmg_swrad 
 Leaving RADIATION_DRIVER 
 
          4830              0.645839 day 
 cflmax,ksmax,dt,nsound:  1.0000  0.0045    11.5407   14
          4831              0.645973 day 
 cflmax,ksmax,dt,nsound:  1.0000  0.0045    11.5402   14
          4832              0.646106 day 
 cflmax,ksmax,dt,nsound:  1.0000  0.0045    11.5398   14
          4833              0.646240 day 
 cflmax,ksmax,dt,nsound:  1.0000  0.0044    11.5395   14
          4834              0.646374 day 
 cflmax,ksmax,dt,nsound:  1.0000  0.0044    11.5394   14
          4835              0.646507 day 
 cflmax,ksmax,dt,nsound:  1.0000  0.0045    11.5381   14
          4836              0.646641 day 
 cflmax,ksmax,dt,nsound:  1.0000  0.0046    11.5364   14
          4837              0.646774 day 
 cflmax,ksmax,dt,nsound:  1.0000  0.0045    11.5349   14
          4838              0.646908 day 
 cflmax,ksmax,dt,nsound:  1.0000  0.0048    11.5335   14
          4839              0.647041 day 
 cflmax,ksmax,dt,nsound:  1.0000  0.0048    11.5324   14
          4840              0.647175 day 
 cflmax,ksmax,dt,nsound:  1.0000  0.0047    11.5316   14
          4841              0.647308 day 
 cflmax,ksmax,dt,nsound:  1.0000  0.0046    11.5308   14
          4842              0.647442 day 
 cflmax,ksmax,dt,nsound:  1.0000  0.0047    11.5300   14
          4843              0.647575 day 
 cflmax,ksmax,dt,nsound:  1.0000  0.0045    11.5290   14
          4844              0.647708 day 
 cflmax,ksmax,dt,nsound:  1.0000  0.0046    11.5281   14
          4845              0.647842 day 
 cflmax,ksmax,dt,nsound:  1.0000  0.0052    11.5274   14
          4846              0.647975 day 
 cflmax,ksmax,dt,nsound:  1.0000  0.0051    11.5269   14
          4847              0.648109 day 
 cflmax,ksmax,dt,nsound:  1.0000  0.0047    11.5265   14
          4848              0.648242 day 
 cflmax,ksmax,dt,nsound:  1.0000  0.0050    11.5264   14
          4849              0.648375 day 
 cflmax,ksmax,dt,nsound:  1.0000  0.0048    11.5263   14
          4850              0.648509 day 
 cflmax,ksmax,dt,nsound:  1.0000  0.0045    11.5264   14
          4851              0.648642 day 
 cflmax,ksmax,dt,nsound:  1.0000  0.0045    11.5267   14
          4852              0.648776 day 
 cflmax,ksmax,dt,nsound:  1.0000  0.0047    11.5270   14
          4853              0.648909 day 
 cflmax,ksmax,dt,nsound:  1.0000  0.0044    11.5277   14
          4854              0.649043 day 
 cflmax,ksmax,dt,nsound:  1.0000  0.0044    11.5285   14
          4855              0.649176 day 
   dorad =  T
 cflmax,ksmax,dt,nsound:  1.0000  0.0045    11.5294   14
 
 Entering RADIATION_DRIVER 
   rrtmg_lwrad 
   rrtmg_swrad 
 Leaving RADIATION_DRIVER 
 
          4856              0.649309 day 
 cflmax,ksmax,dt,nsound:  1.0000  0.0045    11.5306   14
          4857              0.649443 day 
 cflmax,ksmax,dt,nsound:  1.0000  0.0043    11.5319   14
          4858              0.649576 day 
 cflmax,ksmax,dt,nsound:  1.0000  0.0044    11.5334   14
          4859              0.649710 day 
 cflmax,ksmax,dt,nsound:  1.0000  0.0045    11.5350   14
          4860              0.649843 day 
 cflmax,ksmax,dt,nsound:  1.0000  0.0045    11.5368   14
          4861              0.649977 day 
 cflmax,ksmax,dt,nsound:  1.0000  0.0046    11.5372   14
          4862              0.650110 day 
 cflmax,ksmax,dt,nsound:  1.0000  0.0045    11.5371   14
          4863              0.650244 day 
 cflmax,ksmax,dt,nsound:  1.0000  0.0046    11.5364   14
          4864              0.650377 day 
 cflmax,ksmax,dt,nsound:  1.0000  0.0048    11.5357   14
          4865              0.650511 day 
 cflmax,ksmax,dt,nsound:  1.0000  0.0048    11.5351   14
          4866              0.650644 day 
 cflmax,ksmax,dt,nsound:  1.0000  0.0046    11.5347   14
          4867              0.650778 day 
 cflmax,ksmax,dt,nsound:  1.0000  0.0052    11.5343   14
          4868              0.650912 day 
 cflmax,ksmax,dt,nsound:  1.0000  0.0056    11.5341   14
          4869              0.651045 day 
 cflmax,ksmax,dt,nsound:  1.0000  0.0054    11.5340   14
          4870              0.651178 day 
 cflmax,ksmax,dt,nsound:  1.0000  0.0052    11.5342   14
          4871              0.651312 day 
 cflmax,ksmax,dt,nsound:  1.0000  0.0055    11.5344   14
          4872              0.651446 day 
 cflmax,ksmax,dt,nsound:  1.0000  0.0051    11.5347   14
          4873              0.651579 day 
 cflmax,ksmax,dt,nsound:  1.0000  0.0052    11.5344   14
          4874              0.651712 day 
 cflmax,ksmax,dt,nsound:  1.0000  0.0050    11.5337   14
          4875              0.651846 day 
 cflmax,ksmax,dt,nsound:  1.0000  0.0051    11.5332   14
          4876              0.651979 day 
 cflmax,ksmax,dt,nsound:  1.0000  0.0049    11.5328   14
          4877              0.652113 day 
 cflmax,ksmax,dt,nsound:  1.0000  0.0047    11.5324   14
          4878              0.652246 day 
 cflmax,ksmax,dt,nsound:  1.0000  0.0047    11.5323   14
          4879              0.652380 day 
 cflmax,ksmax,dt,nsound:  1.0000  0.0047    11.5323   14
          4880              0.652513 day 
 cflmax,ksmax,dt,nsound:  1.0000  0.0047    11.5324   14
          4881              0.652647 day 
   dorad =  T
 cflmax,ksmax,dt,nsound:  1.0000  0.0048    11.5323   14
 
 Entering RADIATION_DRIVER 
   rrtmg_lwrad 
   rrtmg_swrad 
 Leaving RADIATION_DRIVER 
 
          4882              0.652780 day 
 cflmax,ksmax,dt,nsound:  1.0000  0.0047    11.5313   14
          4883              0.652914 day 
 cflmax,ksmax,dt,nsound:  1.0000  0.0047    11.5303   14
          4884              0.653047 day 
 cflmax,ksmax,dt,nsound:  1.0000  0.0047    11.5295   14
          4885              0.653181 day 
 cflmax,ksmax,dt,nsound:  1.0000  0.0046    11.5289   14
          4886              0.653314 day 
 cflmax,ksmax,dt,nsound:  1.0000  0.0046    11.5285   14
          4887              0.653448 day 
 cflmax,ksmax,dt,nsound:  1.0000  0.0046    11.5282   14
          4888              0.653581 day 
 cflmax,ksmax,dt,nsound:  1.0000  0.0046    11.5281   14
          4889              0.653714 day 
 cflmax,ksmax,dt,nsound:  1.0000  0.0047    11.5282   14
          4890              0.653848 day 
 cflmax,ksmax,dt,nsound:  1.0000  0.0047    11.5284   14
          4891              0.653981 day 
 cflmax,ksmax,dt,nsound:  1.0000  0.0047    11.5289   14
          4892              0.654115 day 
 cflmax,ksmax,dt,nsound:  1.0000  0.0046    11.5295   14
          4893              0.654248 day 
 cflmax,ksmax,dt,nsound:  1.0000  0.0048    11.5302   14
          4894              0.654382 day 
 cflmax,ksmax,dt,nsound:  1.0000  0.0047    11.5311   14
          4895              0.654515 day 
 cflmax,ksmax,dt,nsound:  1.0000  0.0046    11.5321   14
          4896              0.654649 day 
 cflmax,ksmax,dt,nsound:  1.0000  0.0049    11.5334   14
          4897              0.654782 day 
 cflmax,ksmax,dt,nsound:  1.0000  0.0048    11.5320   14
          4898              0.654916 day 
 cflmax,ksmax,dt,nsound:  1.0000  0.0047    11.5306   14
          4899              0.655049 day 
 cflmax,ksmax,dt,nsound:  1.0000  0.0048    11.5295   14
          4900              0.655182 day 
 cflmax,ksmax,dt,nsound:  1.0000  0.0046    11.5285   14
          4901              0.655316 day 
 cflmax,ksmax,dt,nsound:  1.0000  0.0046    11.5277   14
          4902              0.655449 day 
 cflmax,ksmax,dt,nsound:  1.0000  0.0045    11.5272   14
          4903              0.655583 day 
 cflmax,ksmax,dt,nsound:  1.0000  0.0046    11.5266   14
          4904              0.655716 day 
 cflmax,ksmax,dt,nsound:  1.0000  0.0046    11.5265   14
          4905              0.655849 day 
 cflmax,ksmax,dt,nsound:  1.0000  0.0048    11.5263   14
          4906              0.655983 day 
 cflmax,ksmax,dt,nsound:  1.0000  0.0048    11.5264   14
          4907              0.656116 day 
   dorad =  T
 cflmax,ksmax,dt,nsound:  1.0000  0.0048    11.5266   14
 
 Entering RADIATION_DRIVER 
   rrtmg_lwrad 
   rrtmg_swrad 
 Leaving RADIATION_DRIVER 
 
          4908              0.656250 day 
 cflmax,ksmax,dt,nsound:  1.0000  0.0048    11.5272   14
          4909              0.656383 day 
 cflmax,ksmax,dt,nsound:  1.0000  0.0048    11.5278   14
          4910              0.656516 day 
 cflmax,ksmax,dt,nsound:  1.0000  0.0048    11.5287   14
          4911              0.656650 day 
 cflmax,ksmax,dt,nsound:  1.0000  0.0050    11.5297   14
          4912              0.656783 day 
 cflmax,ksmax,dt,nsound:  1.0000  0.0048    11.5311   14
          4913              0.656917 day 
 cflmax,ksmax,dt,nsound:  1.0000  0.0047    11.5324   14
          4914              0.657050 day 
 cflmax,ksmax,dt,nsound:  1.0000  0.0047    11.5342   14
          4915              0.657184 day 
 cflmax,ksmax,dt,nsound:  1.0000  0.0047    11.5350   14
          4916              0.657317 day 
 cflmax,ksmax,dt,nsound:  1.0000  0.0046    11.5354   14
          4917              0.657451 day 
 cflmax,ksmax,dt,nsound:  1.0000  0.0045    11.5362   14
          4918              0.657584 day 
 cflmax,ksmax,dt,nsound:  1.0000  0.0047    11.5370   14
          4919              0.657718 day 
 cflmax,ksmax,dt,nsound:  1.0000  0.0046    11.5369   14
          4920              0.657851 day 
 cflmax,ksmax,dt,nsound:  1.0000  0.0048    11.5353   14
          4921              0.657985 day 
 cflmax,ksmax,dt,nsound:  1.0000  0.0047    11.5340   14
          4922              0.658118 day 
 cflmax,ksmax,dt,nsound:  1.0000  0.0048    11.5329   14
          4923              0.658252 day 
 cflmax,ksmax,dt,nsound:  1.0000  0.0046    11.5320   14
          4924              0.658385 day 
 cflmax,ksmax,dt,nsound:  1.0000  0.0045    11.5314   14
          4925              0.658519 day 
 cflmax,ksmax,dt,nsound:  1.0000  0.0047    11.5310   14
          4926              0.658652 day 
 cflmax,ksmax,dt,nsound:  1.0000  0.0047    11.5308   14
          4927              0.658786 day 
 cflmax,ksmax,dt,nsound:  1.0000  0.0047    11.5310   14
          4928              0.658919 day 
 cflmax,ksmax,dt,nsound:  1.0000  0.0048    11.5313   14
          4929              0.659053 day 
 cflmax,ksmax,dt,nsound:  1.0000  0.0053    11.5318   14
          4930              0.659186 day 
 cflmax,ksmax,dt,nsound:  1.0000  0.0054    11.5325   14
          4931              0.659320 day 
 cflmax,ksmax,dt,nsound:  1.0000  0.0053    11.5335   14
          4932              0.659453 day 
 cflmax,ksmax,dt,nsound:  1.0000  0.0054    11.5346   14
          4933              0.659587 day 
   dorad =  T
 cflmax,ksmax,dt,nsound:  1.0000  0.0053    11.5359   14
 
 Entering RADIATION_DRIVER 
   rrtmg_lwrad 
   rrtmg_swrad 
 Leaving RADIATION_DRIVER 
 
          4934              0.659720 day 
 cflmax,ksmax,dt,nsound:  1.0000  0.0052    11.5374   14
          4935              0.659854 day 
 cflmax,ksmax,dt,nsound:  1.0000  0.0054    11.5390   14
          4936              0.659987 day 
 cflmax,ksmax,dt,nsound:  1.0000  0.0052    11.5408   14
          4937              0.660121 day 
 cflmax,ksmax,dt,nsound:  1.0000  0.0052    11.5427   14
          4938              0.660254 day 
 cflmax,ksmax,dt,nsound:  1.0000  0.0050    11.5435   14
          4939              0.660388 day 
 cflmax,ksmax,dt,nsound:  1.0000  0.0050    11.5431   14
          4940              0.660522 day 
 cflmax,ksmax,dt,nsound:  1.0000  0.0051    11.5421   14
          4941              0.660655 day 
 cflmax,ksmax,dt,nsound:  1.0000  0.0049    11.5413   14
          4942              0.660789 day 
 cflmax,ksmax,dt,nsound:  1.0000  0.0048    11.5407   14
          4943              0.660922 day 
 cflmax,ksmax,dt,nsound:  1.0000  0.0048    11.5403   14
          4944              0.661056 day 
 cflmax,ksmax,dt,nsound:  1.0000  0.0048    11.5400   14
          4945              0.661189 day 
 cflmax,ksmax,dt,nsound:  1.0000  0.0047    11.5400   14
          4946              0.661323 day 
 cflmax,ksmax,dt,nsound:  1.0000  0.0049    11.5402   14
          4947              0.661457 day 
 cflmax,ksmax,dt,nsound:  1.0000  0.0054    11.5398   14
          4948              0.661590 day 
 cflmax,ksmax,dt,nsound:  1.0000  0.0055    11.5387   14
          4949              0.661724 day 
 cflmax,ksmax,dt,nsound:  1.0000  0.0062    11.5377   14
          4950              0.661857 day 
 cflmax,ksmax,dt,nsound:  1.0000  0.0063    11.5370   14
          4951              0.661991 day 
 cflmax,ksmax,dt,nsound:  1.0000  0.0061    11.5364   14
          4952              0.662124 day 
 cflmax,ksmax,dt,nsound:  1.0000  0.0060    11.5359   14
          4953              0.662258 day 
 cflmax,ksmax,dt,nsound:  1.0000  0.0056    11.5357   14
          4954              0.662391 day 
 cflmax,ksmax,dt,nsound:  1.0000  0.0054    11.5355   14
          4955              0.662525 day 
 cflmax,ksmax,dt,nsound:  1.0000  0.0056    11.5349   14
          4956              0.662658 day 
 cflmax,ksmax,dt,nsound:  1.0000  0.0053    11.5343   14
          4957              0.662792 day 
 cflmax,ksmax,dt,nsound:  1.0000  0.0053    11.5340   14
          4958              0.662925 day 
 cflmax,ksmax,dt,nsound:  1.0000  0.0053    11.5337   14
          4959              0.663059 day 
   dorad =  T
 cflmax,ksmax,dt,nsound:  1.0000  0.0056    11.5329   14
 
 Entering RADIATION_DRIVER 
   rrtmg_lwrad 
   rrtmg_swrad 
 Leaving RADIATION_DRIVER 
 
          4960              0.663192 day 
 cflmax,ksmax,dt,nsound:  1.0000  0.0070    11.5322   14
          4961              0.663326 day 
 cflmax,ksmax,dt,nsound:  1.0000  0.0073    11.5316   14
          4962              0.663459 day 
 cflmax,ksmax,dt,nsound:  1.0000  0.0066    11.5311   14
          4963              0.663593 day 
 cflmax,ksmax,dt,nsound:  1.0000  0.0072    11.5308   14
          4964              0.663726 day 
 cflmax,ksmax,dt,nsound:  1.0000  0.0064    11.5306   14
          4965              0.663860 day 
 cflmax,ksmax,dt,nsound:  1.0000  0.0057    11.5306   14
          4966              0.663993 day 
 cflmax,ksmax,dt,nsound:  1.0000  0.0064    11.5307   14
          4967              0.664127 day 
 cflmax,ksmax,dt,nsound:  1.0000  0.0055    11.5310   14
          4968              0.664260 day 
 cflmax,ksmax,dt,nsound:  1.0000  0.0063    11.5315   14
          4969              0.664394 day 
 cflmax,ksmax,dt,nsound:  1.0000  0.0068    11.5318   14
          4970              0.664527 day 
 cflmax,ksmax,dt,nsound:  1.0000  0.0082    11.5310   14
          4971              0.664660 day 
 cflmax,ksmax,dt,nsound:  1.0000  0.0077    11.5304   14
          4972              0.664794 day 
 cflmax,ksmax,dt,nsound:  1.0000  0.0069    11.5299   14
          4973              0.664927 day 
 cflmax,ksmax,dt,nsound:  1.0000  0.0078    11.5295   14
          4974              0.665061 day 
 cflmax,ksmax,dt,nsound:  1.0000  0.0069    11.5291   14
          4975              0.665194 day 
 cflmax,ksmax,dt,nsound:  1.0000  0.0061    11.5289   14
          4976              0.665328 day 
 cflmax,ksmax,dt,nsound:  1.0000  0.0069    11.5287   14
          4977              0.665461 day 
 cflmax,ksmax,dt,nsound:  1.0000  0.0077    11.5287   14
          4978              0.665595 day 
 cflmax,ksmax,dt,nsound:  1.0000  0.0080    11.5287   14
          4979              0.665728 day 
 cflmax,ksmax,dt,nsound:  1.0000  0.0079    11.5288   14
          4980              0.665861 day 
 cflmax,ksmax,dt,nsound:  1.0000  0.0087    11.5291   14
          4981              0.665995 day 
 cflmax,ksmax,dt,nsound:  1.0000  0.0076    11.5294   14
          4982              0.666128 day 
 cflmax,ksmax,dt,nsound:  1.0000  0.0074    11.5299   14
          4983              0.666262 day 
 cflmax,ksmax,dt,nsound:  1.0000  0.0079    11.5305   14
   Note: setting dt based on upcoming stat time 
   Note: setting dt based on upcoming diag time 
          4984              0.666395 day 
 cflmax,ksmax,dt,nsound:  0.6780  0.0048     7.8181   10
   Note: setting dt based on upcoming stat time 
   Note: setting dt based on upcoming diag time 
          4985              0.666486 day 
 cflmax,ksmax,dt,nsound:  0.6780  0.0045     7.8181   10
   Note: setting dt based on upcoming stat time 
   Note: setting dt based on upcoming diag time 
          4986              0.666576 day 
   dorad =  T
   getvt =  T
   Getting dbz ... 
   dotbud =  T
   doqbud =  T
   doubud =  T
   dovbud =  T
   dowbud =  T
 cflmax,ksmax,dt,nsound:  0.6779  0.0045     7.8181   10
   Getting fall velocities for Morrison MP scheme 
 
 Entering RADIATION_DRIVER 
   rrtmg_lwrad 
   rrtmg_swrad 
 Leaving RADIATION_DRIVER 
 
  WMAX  :   8.40672      259  504   13    WMIN  :  -2.30606      257  504   13
  UMAX  :   12.3441      785  509    9    UMIN  :  -43.3540       39  209   41
  SUMAX :   6.96524      555  223    1    SUMIN :   5.22453      568  329    1
  VMAX  :   2.92409      259  505   13    VMIN  :  -2.87094      259  504   13
  SVMAX :   1.75681      320  266    1    SVMIN :  0.566771       57  356    1
  PPIMAX: -0.130600E-04   47  331    1    PPIMIN: -0.128820E-02  705  506   37
  PPMAX :  -4.61719       47  331    1    PPMIN :  -230.867      260  504   13
  THPMAX:   2.97878      409  118   45    THPMIN:  -3.25287       39  150   58
  STHPMX:  -1.44931      454  413    1    STHPMN:  -1.64818       11  145    1
  MAXqv :  0.217785E-01    9  145    1    MINqv :  0.301709E-05  989  448   43
  MAXqc :  0.197378E-02  259  504   13    MINqc :   0.00000        1    1    1
  MAXqr :  0.493723E-05  259  504   13    MINqr :   0.00000        1    1    1
  MAXqi :   0.00000        1    1    1    MINqi :   0.00000        1    1    1
  MAXqs :   0.00000        1    1    1    MINqs :   0.00000        1    1    1
  MAXqg :   0.00000        1    1    1    MINqg :   0.00000        1    1    1
  MAXnci:   0.00000        1    1    1    MINnci:   0.00000        1    1    1
  MAXncs:   0.00000        1    1    1    MINncs:   0.00000        1    1    1
  MAXncr:   52605.1      259  504   13    MINncr:   0.00000        1    1    1
  MAXncg:   0.00000        1    1    1    MINncg:   0.00000        1    1    1
  PRATMX:  0.647728E-08  397  345    1    PRATMN:   0.00000        1    1    1
  KMHMAX:   0.00000        1    1    1    KMHMIN:   0.00000        1    1    1
  KMVMAX:   118.574      259  504   14    KMVMIN:   0.00000        1    1   66
  KHHMAX:   0.00000        1    1    1    KHHMIN:   0.00000        1    1    1
  KHVMAX:   118.574      259  504   14    KHVMIN:   0.00000        1    1   66
  DIVMAX:  0.218039E-03  259  504   12    DIVMIN: -0.213434E-03  260  504   13
  RHMAX :   1.00001       46  103    6    RHMIN :  0.303907E-02  440  455   65
  RHIMAX:  0.998376      519   19   33    RHIMIN:  0.539001E-02  441  455   65
  THEMAX:   364.936        9  145    1    THEMIN:   317.879       68  184   18
  STHEMX:   364.936        9  145    1    STHEMN:   362.400      623  315    1
  QCTOP :   2330.263184    1    1    1    QCBOT :    414.473694    1    1    1
  SFPMAX:   100714.       47  331    1    SFPMIN:   100706.      397  342    1
  PSFCMX:   100997.       81  344    1    PSFCMN:   100988.      397  342    1
  WSPMAX:   43.3539       39  209   41    WSPMIN:  0.114388E-02  138  436   16
  SWSPMX:   7.05430      554  223    1    SWSPMN:   5.35764      568  329    1
  10MWMX:   6.55434      554  223    1    10MWMN:   4.99575      568  329    1
  HPBLMX:   762.600      441  306    1    HPBLMN:   498.485      951  481    1
  CFLMAX:      0.996101   39  209   41
  KSHMAX:   0.00000        0    0    0
  KSVMAX:  0.212351E-01  639   70    6
  VORSFC:  0.146928E-02
  VOR1KM:  0.311911E-02
  VOR2KM:  0.775911E-02
  VOR3KM:  0.204822E-02
  VOR4KM:  0.179569E-02
  VOR5KM:  0.206441E-02
  TMASS :  0.132247E+16
  TMOIS :  0.581365E+13
  qv MAS:  0.581361E+13
  qc MAS:  0.385289E+08
  qr MAS:  0.862352E+04
  qi MAS:  0.000000E+00
  qs MAS:  0.000000E+00
  qg MAS:  0.000000E+00
  TENERG:  0.342395E+21
  TMU   : -0.623482E+16
  TMV   :  0.190317E+15
  TMW   : -0.428196E+12
  TMFU  :  0.140594E+12
  TMFD  : -0.141520E+12
  tcond :  0.113216E+12
  tevac :  0.113858E+12
  tauto :  0.000000E+00
  taccr :  0.000000E+00
  tevar :  0.623978E+09
  train :  0.188058E+08
  erain :  0.000000E+00
  qsfc  :  0.113791E+12
  esfc  :  0.217684E+17
  erad  :  0.000000E+00
  asqv  :  0.000000E+00
  asqc  :  0.243639E+09
  asqr  :  0.122574E+06
  asqi  :  0.251349E+00
  asqs  :  0.150836E+01
  asqg  :  0.877958E+01
  asnci :  0.000000E+00
  asncs :  0.000000E+00
  asncr :  0.000000E+00
  asncg :  0.000000E+00
  bsqv  :  0.000000E+00
  bsqc  :  0.000000E+00
  bsqr  :  0.000000E+00
  bsqi  :  0.000000E+00
  bsqs  :  0.000000E+00
  bsqg  :  0.000000E+00
  bsnci :  0.000000E+00
  bsncs :  0.000000E+00
  bsncr :  0.000000E+00
  bsncg :  0.000000E+00
 cm1out_stats.ctl                                                               
                                          
   next stattim =    61200.0000000000     
          4987              0.666667 day 
 
  ..... begin domaindiag code ..... 
 
   nwritet =           17
 cm1out_diag_000017_s.dat                                                       
                                          
 cm1out_diag_000017_w.dat                                                       
                                          
   wloop =            1
           1 mtime
           2 nstep
           3 umove
           4 vmove
           5 domainlocx
           6 domainlocy
           7 ust
           8 stau
           9 znt
          10 tsk
          11 psfc
          12 qsfc
          13 thflux
          14 qvflux
          15 hfx
          16 qfx
          17 u10
          18 v10
          19 s10
          20 t2
          21 q2
          22 th2
          23 cd
          24 ch
          25 cq
          26 hpbl
          27 wspd
          28 zol
          29 br
          30 brcr
          31 phim
          32 phih
          33 psim
          34 psih
          35 tst
          36 qst
          37 mol
          38 rain
          39 prate
          40 cwp
          41 rwp
          42 lwp
          43 pwat
          44 spwr
          45 fwp
          46 iwp
          47 swp
          48 gwp
          49 tcwp
          50 cwpvar
          51 rwpvar
          52 lwpvar
          53 qcfrac_col
          54 qrfrac_col
          55 qlfrac_col
          56 qifrac_col
          57 qtfrac_col
          58 qcb
          59 qrb
          60 qlb
          61 qcbvar
          62 qrbvar
          63 qlbvar
          64 qct
          65 qrt
          66 qlt
          67 qctvar
          68 qrtvar
          69 qltvar
          70 lwupt
          71 lwdnt
          72 lwupb
          73 lwdnb
          74 swupt
          75 swdnt
          76 swupb
          77 swdnb
          78 lwuptc
          79 lwdntc
          80 lwupbc
          81 lwdnbc
          82 swuptc
          83 swdntc
          84 swupbc
          85 swdnbc
          86 lwcf
          87 swcf
          88 cape
          89 cin
          90 lcl
          91 lfc
          92 zmelt
          93 pmelt
          94 s u
          95 w uinterp
          96 s v
          97 w vinterp
          98 w w
          99 s th
         100 w thinterp
         101 s t
         102 s prs
         103 w prsinterp
         104 s rho
         105 w rhointerp
         106 s ppi
         107 s qv
         108 s qc
         109 s qr
         110 s qi
         111 s qs
         112 s qg
         113 s nci
         114 s ncs
         115 s ncr
         116 s ncg
         117 s shv
         118 s shc
         119 s shr
         120 s shi
         121 s shs
         122 s shg
         123 s qliq
         124 s qice
         125 s qt
         126 s dbz
         127 s fc
         128 s fr
         129 s fi
         130 s fs
         131 s fg
         132 s precc
         133 s precr
         134 s preci
         135 s precs
         136 s precg
         137 s prec
         138 s qcfrac
         139 s qrfrac
         140 s qlfrac
         141 s qifrac
         142 s qtfrac
         143 s clw
         144 s cli
         145 s plw
         146 s pli
         147 s thv
         148 s brz
         149 s thl
         150 s the
         151 s rh
         152 s rhi
         153 w dissten
         154 w epst
         155 w nm
         156 w defh
         157 w defv
         158 w kmh
         159 w kmv
         160 w khh
         161 w khv
         162 w pr
         163 w rinum
         164 w grdscl
         165 s wsp
         166 w wspinterp
         167 s wspan
         168 s wspa
         169 s sdwsp
         170 s o3
         171 s swten
         172 s lwten
         173 s swtenc
         174 s lwtenc
         175 s cldfra
         176 s effc
         177 s effr
         178 s effs
         179 s effi
         180 s effg
         181 s effis
         182 w ndws
         183 w ndws2
         184 w dtdz
         185 w dudz
         186 w dvdz
         187 w dsdz
         188 w dqvdz
         189 s ug
         190 s vg
         191 s u0
         192 s v0
         193 s upup
         194 s upupup
         195 s vpvp
         196 s vpvpvp
         197 s wpwp
         198 s upvp
         199 s upwp
         200 s vpwp
         201 s thvarr
         202 w thvarrinterp
         203 s tptptp
         204 s uptp
         205 s vptp
         206 s thvvarr
         207 s thlvarr
         208 s qvvarr
         209 s qpqpqp
         210 s qlvarr
         211 s qtvarr
         212 s wpwptp
         213 s wptptp
         214 w upup_w
         215 w vpvp_w
         216 w wpwp_w
         217 w upvp_w
         218 w upwp_w
         219 w vpwp_w
         220 w wpwpwp
         221 w wpupup
         222 w wpvpvp
         223 w ufr
         224 w ufs
         225 w ufd
         226 w vfr
         227 w vfs
         228 w vfd
         229 w thfr
         230 w thfs
         231 w thfd
         232 w thvfr
         233 w thvfs
         234 w thvfd
         235 w thlfr
         236 w thlfs
         237 w thlfd
         238 w qvfr
         239 w qvfs
         240 w qvfd
         241 w qlfr
         242 w qlfs
         243 w qlfd
         244 w qtfr
         245 w qtfs
         246 w qtfd
         247 s ptb_vturbr
         248 s ptb_vturbs
         249 s ptb_vturbd
         250 s ptb_frc
         251 s qvb_vturbr
         252 s qvb_vturbs
         253 s qvb_vturbd
         254 s qvb_frc
         255 s ub_vturbr
         256 s ub_vturbs
         257 s ub_vturbd
         258 s ub_lspg
         259 s ub_frc
         260 s vb_vturbr
         261 s vb_vturbs
         262 s vb_vturbd
         263 s vb_lspg
         264 s vb_frc
         265 s rtke
         266 w rtke_w
         267 w wprof
         268 w wmax
         269 w wmin
         270 s tmfu
         271 s tmfd
         272 s wspmax
         273 s wspmin
         274 s zetamax
         275 s zetamin
         276 wvar_max
         277 wstar
         278 fbmin
         279 zfbmin
 
  ..... end domaindiag code ..... 
 
   next diagtim =    61200.0000000000     
 cflmax,ksmax,dt,nsound:  0.7457  0.0058     8.6000   12
          4988              0.666766 day 
 cflmax,ksmax,dt,nsound:  0.8202  0.0070     9.4600   12
          4989              0.666876 day 
 cflmax,ksmax,dt,nsound:  0.9021  0.0081    10.4060   14
          4990              0.666996 day 
 cflmax,ksmax,dt,nsound:  0.9923  0.0077    11.4465   14
          4991              0.667129 day 
 cflmax,ksmax,dt,nsound:  1.0000  0.0080    11.5345   14
          4992              0.667262 day 
 cflmax,ksmax,dt,nsound:  1.0000  0.0089    11.5340   14
          4993              0.667396 day 
 cflmax,ksmax,dt,nsound:  1.0000  0.0078    11.5337   14
          4994              0.667529 day 
 cflmax,ksmax,dt,nsound:  1.0000  0.0068    11.5335   14
          4995              0.667663 day 
 cflmax,ksmax,dt,nsound:  1.0000  0.0075    11.5335   14
          4996              0.667796 day 
 cflmax,ksmax,dt,nsound:  1.0000  0.0081    11.5336   14
          4997              0.667930 day 
 cflmax,ksmax,dt,nsound:  1.0000  0.0073    11.5339   14
          4998              0.668063 day 
 cflmax,ksmax,dt,nsound:  1.0000  0.0078    11.5342   14
          4999              0.668197 day 
 cflmax,ksmax,dt,nsound:  1.0000  0.0079    11.5320   14
          5000              0.668330 day 
 cflmax,ksmax,dt,nsound:  1.0000  0.0077    11.5297   14
          5001              0.668463 day 
 cflmax,ksmax,dt,nsound:  1.0000  0.0082    11.5274   14
          5002              0.668597 day 
 cflmax,ksmax,dt,nsound:  1.0000  0.0081    11.5253   14
          5003              0.668730 day 
 cflmax,ksmax,dt,nsound:  1.0000  0.0069    11.5234   14
          5004              0.668864 day 
 cflmax,ksmax,dt,nsound:  1.0000  0.0073    11.5216   14
          5005              0.668997 day 
 cflmax,ksmax,dt,nsound:  1.0000  0.0083    11.5200   14
          5006              0.669130 day 
 cflmax,ksmax,dt,nsound:  1.0000  0.0084    11.5186   14
          5007              0.669264 day 
 cflmax,ksmax,dt,nsound:  1.0000  0.0091    11.5174   14
          5008              0.669397 day 
 cflmax,ksmax,dt,nsound:  1.0000  0.0087    11.5162   14
          5009              0.669530 day 
 cflmax,ksmax,dt,nsound:  1.0000  0.0077    11.5154   14
          5010              0.669664 day 
 cflmax,ksmax,dt,nsound:  1.0000  0.0089    11.5146   14
          5011              0.669797 day 
 cflmax,ksmax,dt,nsound:  1.0000  0.0081    11.5141   14
          5012              0.669930 day 
 cflmax,ksmax,dt,nsound:  1.0000  0.0080    11.5138   14
          5013              0.670063 day 
   dorad =  T
 cflmax,ksmax,dt,nsound:  1.0000  0.0088    11.5137   14
 
 Entering RADIATION_DRIVER 
   rrtmg_lwrad 
   rrtmg_swrad 
 Leaving RADIATION_DRIVER 
 
          5014              0.670197 day 
 cflmax,ksmax,dt,nsound:  1.0000  0.0100    11.5137   14
          5015              0.670330 day 
 cflmax,ksmax,dt,nsound:  1.0000  0.0088    11.5140   14
          5016              0.670463 day 
 cflmax,ksmax,dt,nsound:  1.0000  0.0090    11.5143   14
          5017              0.670596 day 
 cflmax,ksmax,dt,nsound:  1.0000  0.0095    11.5150   14
          5018              0.670730 day 
 cflmax,ksmax,dt,nsound:  1.0000  0.0088    11.5157   14
          5019              0.670863 day 
 cflmax,ksmax,dt,nsound:  1.0000  0.0078    11.5165   14
          5020              0.670996 day 
 cflmax,ksmax,dt,nsound:  1.0000  0.0093    11.5175   14
          5021              0.671130 day 
 cflmax,ksmax,dt,nsound:  1.0000  0.0101    11.5186   14
          5022              0.671263 day 
 cflmax,ksmax,dt,nsound:  1.0000  0.0088    11.5199   14
          5023              0.671396 day 
 cflmax,ksmax,dt,nsound:  1.0000  0.0091    11.5211   14
          5024              0.671530 day 
 cflmax,ksmax,dt,nsound:  1.0000  0.0103    11.5224   14
          5025              0.671663 day 
 cflmax,ksmax,dt,nsound:  1.0000  0.0094    11.5238   14
          5026              0.671796 day 
 cflmax,ksmax,dt,nsound:  1.0000  0.0084    11.5252   14
          5027              0.671930 day 
 cflmax,ksmax,dt,nsound:  1.0000  0.0090    11.5265   14
          5028              0.672063 day 
 cflmax,ksmax,dt,nsound:  1.0000  0.0101    11.5279   14
          5029              0.672197 day 
 cflmax,ksmax,dt,nsound:  1.0000  0.0099    11.5291   14
          5030              0.672330 day 
 cflmax,ksmax,dt,nsound:  1.0000  0.0090    11.5288   14
          5031              0.672463 day 
 cflmax,ksmax,dt,nsound:  1.0000  0.0096    11.5286   14
          5032              0.672597 day 
 cflmax,ksmax,dt,nsound:  1.0000  0.0099    11.5286   14
          5033              0.672730 day 
 cflmax,ksmax,dt,nsound:  1.0000  0.0097    11.5287   14
          5034              0.672864 day 
 cflmax,ksmax,dt,nsound:  1.0000  0.0118    11.5290   14
          5035              0.672997 day 
 cflmax,ksmax,dt,nsound:  1.0000  0.0109    11.5293   14
          5036              0.673131 day 
 cflmax,ksmax,dt,nsound:  1.0000  0.0100    11.5298   14
          5037              0.673264 day 
 cflmax,ksmax,dt,nsound:  1.0000  0.0110    11.5304   14
          5038              0.673397 day 
 cflmax,ksmax,dt,nsound:  1.0000  0.0116    11.5310   14
          5039              0.673531 day 
   dorad =  T
 cflmax,ksmax,dt,nsound:  1.0000  0.0109    11.5318   14
 
 Entering RADIATION_DRIVER 
   rrtmg_lwrad 
   rrtmg_swrad 
 Leaving RADIATION_DRIVER 
 
          5040              0.673664 day 
 cflmax,ksmax,dt,nsound:  1.0000  0.0127    11.5326   14
          5041              0.673798 day 
 cflmax,ksmax,dt,nsound:  1.0000  0.0123    11.5335   14
          5042              0.673931 day 
 cflmax,ksmax,dt,nsound:  1.0000  0.0119    11.5345   14
          5043              0.674065 day 
 cflmax,ksmax,dt,nsound:  1.0000  0.0134    11.5336   14
          5044              0.674198 day 
 cflmax,ksmax,dt,nsound:  1.0000  0.0126    11.5329   14
          5045              0.674332 day 
 cflmax,ksmax,dt,nsound:  1.0000  0.0127    11.5323   14
          5046              0.674465 day 
 cflmax,ksmax,dt,nsound:  1.0000  0.0137    11.5319   14
          5047              0.674599 day 
 cflmax,ksmax,dt,nsound:  1.0000  0.0139    11.5316   14
          5048              0.674732 day 
 cflmax,ksmax,dt,nsound:  1.0000  0.0138    11.5315   14
          5049              0.674866 day 
 cflmax,ksmax,dt,nsound:  1.0000  0.0134    11.5315   14
          5050              0.674999 day 
 cflmax,ksmax,dt,nsound:  1.0000  0.0138    11.5316   14
          5051              0.675133 day 
 cflmax,ksmax,dt,nsound:  1.0000  0.0134    11.5319   14
          5052              0.675266 day 
 cflmax,ksmax,dt,nsound:  1.0000  0.0131    11.5323   14
          5053              0.675400 day 
 cflmax,ksmax,dt,nsound:  1.0000  0.0126    11.5328   14
          5054              0.675533 day 
 cflmax,ksmax,dt,nsound:  1.0000  0.0140    11.5329   14
          5055              0.675667 day 
 cflmax,ksmax,dt,nsound:  1.0000  0.0133    11.5329   14
          5056              0.675800 day 
 cflmax,ksmax,dt,nsound:  1.0000  0.0121    11.5330   14
          5057              0.675934 day 
 cflmax,ksmax,dt,nsound:  1.0000  0.0113    11.5332   14
          5058              0.676067 day 
 cflmax,ksmax,dt,nsound:  1.0000  0.0123    11.5336   14
          5059              0.676201 day 
 cflmax,ksmax,dt,nsound:  1.0000  0.0128    11.5340   14
          5060              0.676334 day 
 cflmax,ksmax,dt,nsound:  1.0000  0.0123    11.5346   14
          5061              0.676468 day 
 cflmax,ksmax,dt,nsound:  1.0000  0.0116    11.5353   14
          5062              0.676601 day 
 cflmax,ksmax,dt,nsound:  1.0000  0.0108    11.5360   14
          5063              0.676735 day 
 cflmax,ksmax,dt,nsound:  1.0000  0.0098    11.5367   14
          5064              0.676868 day 
 cflmax,ksmax,dt,nsound:  1.0000  0.0094    11.5375   14
          5065              0.677002 day 
   dorad =  T
 cflmax,ksmax,dt,nsound:  1.0000  0.0099    11.5383   14
 
 Entering RADIATION_DRIVER 
   rrtmg_lwrad 
   rrtmg_swrad 
 Leaving RADIATION_DRIVER 
 
          5066              0.677135 day 
 cflmax,ksmax,dt,nsound:  1.0000  0.0100    11.5391   14
          5067              0.677269 day 
 cflmax,ksmax,dt,nsound:  1.0000  0.0099    11.5389   14
          5068              0.677402 day 
 cflmax,ksmax,dt,nsound:  1.0000  0.0097    11.5389   14
          5069              0.677536 day 
 cflmax,ksmax,dt,nsound:  1.0000  0.0094    11.5390   14
          5070              0.677669 day 
 cflmax,ksmax,dt,nsound:  1.0000  0.0091    11.5392   14
          5071              0.677803 day 
 cflmax,ksmax,dt,nsound:  1.0000  0.0096    11.5396   14
          5072              0.677936 day 
 cflmax,ksmax,dt,nsound:  1.0000  0.0094    11.5402   14
          5073              0.678070 day 
 cflmax,ksmax,dt,nsound:  1.0000  0.0092    11.5408   14
          5074              0.678204 day 
 cflmax,ksmax,dt,nsound:  1.0000  0.0092    11.5407   14
          5075              0.678337 day 
 cflmax,ksmax,dt,nsound:  1.0000  0.0103    11.5405   14
          5076              0.678471 day 
 cflmax,ksmax,dt,nsound:  1.0000  0.0098    11.5405   14
          5077              0.678604 day 
 cflmax,ksmax,dt,nsound:  1.0000  0.0099    11.5394   14
          5078              0.678738 day 
 cflmax,ksmax,dt,nsound:  1.0000  0.0107    11.5378   14
          5079              0.678871 day 
 cflmax,ksmax,dt,nsound:  1.0000  0.0107    11.5363   14
          5080              0.679005 day 
 cflmax,ksmax,dt,nsound:  1.0000  0.0117    11.5350   14
          5081              0.679138 day 
 cflmax,ksmax,dt,nsound:  1.0000  0.0111    11.5338   14
          5082              0.679272 day 
 cflmax,ksmax,dt,nsound:  1.0000  0.0108    11.5327   14
          5083              0.679405 day 
 cflmax,ksmax,dt,nsound:  1.0000  0.0131    11.5317   14
          5084              0.679539 day 
 cflmax,ksmax,dt,nsound:  1.0000  0.0128    11.5309   14
          5085              0.679672 day 
 cflmax,ksmax,dt,nsound:  1.0000  0.0122    11.5303   14
          5086              0.679806 day 
 cflmax,ksmax,dt,nsound:  1.0000  0.0132    11.5297   14
          5087              0.679939 day 
 cflmax,ksmax,dt,nsound:  1.0000  0.0133    11.5294   14
          5088              0.680073 day 
 cflmax,ksmax,dt,nsound:  1.0000  0.0143    11.5292   14
          5089              0.680206 day 
 cflmax,ksmax,dt,nsound:  1.0000  0.0149    11.5291   14
          5090              0.680340 day 
 cflmax,ksmax,dt,nsound:  1.0000  0.0154    11.5292   14
          5091              0.680473 day 
   dorad =  T
 cflmax,ksmax,dt,nsound:  1.0000  0.0156    11.5295   14
 
 Entering RADIATION_DRIVER 
   rrtmg_lwrad 
   rrtmg_swrad 
 Leaving RADIATION_DRIVER 
 
          5092              0.680606 day 
 cflmax,ksmax,dt,nsound:  1.0000  0.0159    11.5298   14
          5093              0.680740 day 
 cflmax,ksmax,dt,nsound:  1.0000  0.0159    11.5294   14
          5094              0.680873 day 
 cflmax,ksmax,dt,nsound:  1.0000  0.0166    11.5290   14
          5095              0.681007 day 
 cflmax,ksmax,dt,nsound:  1.0000  0.0173    11.5289   14
          5096              0.681140 day 
 cflmax,ksmax,dt,nsound:  1.0000  0.0181    11.5289   14
          5097              0.681274 day 
 cflmax,ksmax,dt,nsound:  1.0000  0.0176    11.5290   14
          5098              0.681407 day 
 cflmax,ksmax,dt,nsound:  1.0000  0.0180    11.5292   14
          5099              0.681541 day 
 cflmax,ksmax,dt,nsound:  1.0000  0.0179    11.5297   14
          5100              0.681674 day 
 cflmax,ksmax,dt,nsound:  1.0000  0.0169    11.5303   14
          5101              0.681807 day 
 cflmax,ksmax,dt,nsound:  1.0000  0.0170    11.5310   14
          5102              0.681941 day 
 cflmax,ksmax,dt,nsound:  1.0000  0.0170    11.5318   14
          5103              0.682074 day 
 cflmax,ksmax,dt,nsound:  1.0000  0.0172    11.5327   14
          5104              0.682208 day 
 cflmax,ksmax,dt,nsound:  1.0000  0.0168    11.5332   14
          5105              0.682341 day 
 cflmax,ksmax,dt,nsound:  1.0000  0.0154    11.5331   14
          5106              0.682475 day 
 cflmax,ksmax,dt,nsound:  1.0000  0.0156    11.5327   14
          5107              0.682608 day 
 cflmax,ksmax,dt,nsound:  1.0000  0.0151    11.5324   14
          5108              0.682742 day 
 cflmax,ksmax,dt,nsound:  1.0000  0.0156    11.5321   14
          5109              0.682875 day 
 cflmax,ksmax,dt,nsound:  1.0000  0.0152    11.5318   14
          5110              0.683009 day 
 cflmax,ksmax,dt,nsound:  1.0000  0.0145    11.5316   14
          5111              0.683142 day 
 cflmax,ksmax,dt,nsound:  1.0000  0.0132    11.5314   14
          5112              0.683276 day 
 cflmax,ksmax,dt,nsound:  1.0000  0.0134    11.5312   14
          5113              0.683409 day 
 cflmax,ksmax,dt,nsound:  1.0000  0.0131    11.5311   14
          5114              0.683543 day 
 cflmax,ksmax,dt,nsound:  1.0000  0.0126    11.5304   14
          5115              0.683676 day 
 cflmax,ksmax,dt,nsound:  1.0000  0.0130    11.5296   14
          5116              0.683809 day 
 cflmax,ksmax,dt,nsound:  1.0000  0.0118    11.5289   14
          5117              0.683943 day 
   dorad =  T
 cflmax,ksmax,dt,nsound:  1.0000  0.0115    11.5283   14
 
 Entering RADIATION_DRIVER 
   rrtmg_lwrad 
   rrtmg_swrad 
 Leaving RADIATION_DRIVER 
 
          5118              0.684076 day 
 cflmax,ksmax,dt,nsound:  1.0000  0.0107    11.5277   14
          5119              0.684210 day 
 cflmax,ksmax,dt,nsound:  1.0000  0.0121    11.5273   14
          5120              0.684343 day 
 cflmax,ksmax,dt,nsound:  1.0000  0.0110    11.5270   14
          5121              0.684477 day 
 cflmax,ksmax,dt,nsound:  1.0000  0.0107    11.5269   14
          5122              0.684610 day 
 cflmax,ksmax,dt,nsound:  1.0000  0.0121    11.5267   14
          5123              0.684743 day 
 cflmax,ksmax,dt,nsound:  1.0000  0.0117    11.5267   14
          5124              0.684877 day 
 cflmax,ksmax,dt,nsound:  1.0000  0.0112    11.5268   14
          5125              0.685010 day 
 cflmax,ksmax,dt,nsound:  1.0000  0.0129    11.5269   14
          5126              0.685144 day 
 cflmax,ksmax,dt,nsound:  1.0000  0.0121    11.5271   14
          5127              0.685277 day 
 cflmax,ksmax,dt,nsound:  1.0000  0.0117    11.5275   14
          5128              0.685410 day 
 cflmax,ksmax,dt,nsound:  1.0000  0.0116    11.5279   14
          5129              0.685544 day 
 cflmax,ksmax,dt,nsound:  1.0000  0.0128    11.5283   14
          5130              0.685677 day 
 cflmax,ksmax,dt,nsound:  1.0000  0.0125    11.5289   14
          5131              0.685811 day 
 cflmax,ksmax,dt,nsound:  1.0000  0.0120    11.5291   14
          5132              0.685944 day 
 cflmax,ksmax,dt,nsound:  1.0000  0.0120    11.5277   14
          5133              0.686078 day 
 cflmax,ksmax,dt,nsound:  1.0000  0.0128    11.5265   14
          5134              0.686211 day 
 cflmax,ksmax,dt,nsound:  1.0000  0.0120    11.5255   14
          5135              0.686344 day 
 cflmax,ksmax,dt,nsound:  1.0000  0.0114    11.5246   14
          5136              0.686478 day 
 cflmax,ksmax,dt,nsound:  1.0000  0.0105    11.5239   14
          5137              0.686611 day 
 cflmax,ksmax,dt,nsound:  1.0000  0.0115    11.5236   14
          5138              0.686745 day 
 cflmax,ksmax,dt,nsound:  1.0000  0.0123    11.5233   14
          5139              0.686878 day 
 cflmax,ksmax,dt,nsound:  1.0000  0.0111    11.5233   14
          5140              0.687011 day 
 cflmax,ksmax,dt,nsound:  1.0000  0.0109    11.5236   14
          5141              0.687145 day 
 cflmax,ksmax,dt,nsound:  1.0000  0.0106    11.5240   14
          5142              0.687278 day 
 cflmax,ksmax,dt,nsound:  1.0000  0.0113    11.5246   14
          5143              0.687411 day 
   dorad =  T
 cflmax,ksmax,dt,nsound:  1.0000  0.0116    11.5256   14
 
 Entering RADIATION_DRIVER 
   rrtmg_lwrad 
   rrtmg_swrad 
 Leaving RADIATION_DRIVER 
 
          5144              0.687545 day 
 cflmax,ksmax,dt,nsound:  1.0000  0.0108    11.5267   14
          5145              0.687678 day 
 cflmax,ksmax,dt,nsound:  1.0000  0.0110    11.5279   14
          5146              0.687812 day 
 cflmax,ksmax,dt,nsound:  1.0000  0.0112    11.5295   14
          5147              0.687945 day 
 cflmax,ksmax,dt,nsound:  1.0000  0.0107    11.5312   14
          5148              0.688079 day 
 cflmax,ksmax,dt,nsound:  1.0000  0.0106    11.5330   14
          5149              0.688212 day 
 cflmax,ksmax,dt,nsound:  1.0000  0.0112    11.5338   14
          5150              0.688346 day 
 cflmax,ksmax,dt,nsound:  1.0000  0.0113    11.5327   14
          5151              0.688479 day 
 cflmax,ksmax,dt,nsound:  1.0000  0.0105    11.5316   14
          5152              0.688613 day 
 cflmax,ksmax,dt,nsound:  1.0000  0.0105    11.5305   14
          5153              0.688746 day 
 cflmax,ksmax,dt,nsound:  1.0000  0.0112    11.5293   14
          5154              0.688879 day 
 cflmax,ksmax,dt,nsound:  1.0000  0.0108    11.5282   14
          5155              0.689013 day 
 cflmax,ksmax,dt,nsound:  1.0000  0.0110    11.5273   14
          5156              0.689146 day 
 cflmax,ksmax,dt,nsound:  1.0000  0.0117    11.5262   14
          5157              0.689280 day 
 cflmax,ksmax,dt,nsound:  1.0000  0.0107    11.5251   14
          5158              0.689413 day 
 cflmax,ksmax,dt,nsound:  1.0000  0.0104    11.5240   14
          5159              0.689546 day 
 cflmax,ksmax,dt,nsound:  1.0000  0.0114    11.5228   14
          5160              0.689680 day 
 cflmax,ksmax,dt,nsound:  1.0000  0.0113    11.5215   14
          5161              0.689813 day 
 cflmax,ksmax,dt,nsound:  1.0000  0.0110    11.5202   14
          5162              0.689946 day 
 cflmax,ksmax,dt,nsound:  1.0000  0.0118    11.5188   14
          5163              0.690080 day 
 cflmax,ksmax,dt,nsound:  1.0000  0.0117    11.5175   14
          5164              0.690213 day 
 cflmax,ksmax,dt,nsound:  1.0000  0.0109    11.5161   14
          5165              0.690346 day 
 cflmax,ksmax,dt,nsound:  1.0000  0.0104    11.5147   14
          5166              0.690480 day 
 cflmax,ksmax,dt,nsound:  1.0000  0.0114    11.5133   14
          5167              0.690613 day 
 cflmax,ksmax,dt,nsound:  1.0000  0.0117    11.5119   14
          5168              0.690746 day 
 cflmax,ksmax,dt,nsound:  1.0000  0.0109    11.5107   14
          5169              0.690879 day 
   dorad =  T
 cflmax,ksmax,dt,nsound:  1.0000  0.0107    11.5095   14
 
 Entering RADIATION_DRIVER 
   rrtmg_lwrad 
   rrtmg_swrad 
 Leaving RADIATION_DRIVER 
 
          5170              0.691013 day 
 cflmax,ksmax,dt,nsound:  1.0000  0.0117    11.5086   14
          5171              0.691146 day 
 cflmax,ksmax,dt,nsound:  1.0000  0.0108    11.5077   14
          5172              0.691279 day 
 cflmax,ksmax,dt,nsound:  1.0000  0.0111    11.5070   14
          5173              0.691412 day 
 cflmax,ksmax,dt,nsound:  1.0000  0.0108    11.5065   14
          5174              0.691545 day 
 cflmax,ksmax,dt,nsound:  1.0000  0.0115    11.5063   14
          5175              0.691679 day 
 cflmax,ksmax,dt,nsound:  1.0000  0.0111    11.5061   14
          5176              0.691812 day 
 cflmax,ksmax,dt,nsound:  1.0000  0.0125    11.5059   14
          5177              0.691945 day 
 cflmax,ksmax,dt,nsound:  1.0000  0.0118    11.5059   14
          5178              0.692078 day 
 cflmax,ksmax,dt,nsound:  1.0000  0.0110    11.5062   14
          5179              0.692211 day 
 cflmax,ksmax,dt,nsound:  1.0000  0.0123    11.5065   14
          5180              0.692344 day 
 cflmax,ksmax,dt,nsound:  1.0000  0.0121    11.5066   14
          5181              0.692478 day 
 cflmax,ksmax,dt,nsound:  1.0000  0.0124    11.5067   14
          5182              0.692611 day 
 cflmax,ksmax,dt,nsound:  1.0000  0.0136    11.5066   14
          5183              0.692744 day 
 cflmax,ksmax,dt,nsound:  1.0000  0.0136    11.5065   14
          5184              0.692877 day 
 cflmax,ksmax,dt,nsound:  1.0000  0.0132    11.5062   14
          5185              0.693010 day 
 cflmax,ksmax,dt,nsound:  1.0000  0.0136    11.5056   14
          5186              0.693143 day 
 cflmax,ksmax,dt,nsound:  1.0000  0.0136    11.5049   14
          5187              0.693277 day 
 cflmax,ksmax,dt,nsound:  1.0000  0.0138    11.5042   14
          5188              0.693410 day 
 cflmax,ksmax,dt,nsound:  1.0000  0.0134    11.5035   14
          5189              0.693543 day 
 cflmax,ksmax,dt,nsound:  1.0000  0.0145    11.5028   14
          5190              0.693676 day 
 cflmax,ksmax,dt,nsound:  1.0000  0.0141    11.5023   14
          5191              0.693809 day 
 cflmax,ksmax,dt,nsound:  1.0000  0.0135    11.5020   14
          5192              0.693942 day 
 cflmax,ksmax,dt,nsound:  1.0000  0.0125    11.5016   14
          5193              0.694075 day 
 cflmax,ksmax,dt,nsound:  1.0000  0.0127    11.5015   14
          5194              0.694209 day 
 cflmax,ksmax,dt,nsound:  1.0000  0.0136    11.5017   14
          5195              0.694342 day 
   dorad =  T
 cflmax,ksmax,dt,nsound:  1.0000  0.0129    11.5023   14
 
 Entering RADIATION_DRIVER 
   rrtmg_lwrad 
   rrtmg_swrad 
 Leaving RADIATION_DRIVER 
 
          5196              0.694475 day 
 cflmax,ksmax,dt,nsound:  1.0000  0.0122    11.5028   14
          5197              0.694608 day 
 cflmax,ksmax,dt,nsound:  1.0000  0.0124    11.5038   14
          5198              0.694741 day 
 cflmax,ksmax,dt,nsound:  1.0000  0.0123    11.5049   14
          5199              0.694874 day 
 cflmax,ksmax,dt,nsound:  1.0000  0.0118    11.5064   14
          5200              0.695007 day 
 cflmax,ksmax,dt,nsound:  1.0000  0.0123    11.5082   14
          5201              0.695141 day 
 cflmax,ksmax,dt,nsound:  1.0000  0.0125    11.5099   14
          5202              0.695274 day 
 cflmax,ksmax,dt,nsound:  1.0000  0.0120    11.5121   14
          5203              0.695407 day 
 cflmax,ksmax,dt,nsound:  1.0000  0.0115    11.5144   14
          5204              0.695540 day 
 cflmax,ksmax,dt,nsound:  1.0000  0.0119    11.5168   14
          5205              0.695674 day 
 cflmax,ksmax,dt,nsound:  1.0000  0.0123    11.5195   14
          5206              0.695807 day 
 cflmax,ksmax,dt,nsound:  1.0000  0.0118    11.5222   14
          5207              0.695940 day 
 cflmax,ksmax,dt,nsound:  1.0000  0.0114    11.5248   14
          5208              0.696074 day 
 cflmax,ksmax,dt,nsound:  1.0000  0.0125    11.5269   14
          5209              0.696207 day 
 cflmax,ksmax,dt,nsound:  1.0000  0.0126    11.5269   14
          5210              0.696341 day 
 cflmax,ksmax,dt,nsound:  1.0000  0.0118    11.5271   14
          5211              0.696474 day 
 cflmax,ksmax,dt,nsound:  1.0000  0.0121    11.5273   14
          5212              0.696607 day 
 cflmax,ksmax,dt,nsound:  1.0000  0.0125    11.5274   14
          5213              0.696741 day 
 cflmax,ksmax,dt,nsound:  1.0000  0.0126    11.5277   14
          5214              0.696874 day 
 cflmax,ksmax,dt,nsound:  1.0000  0.0119    11.5278   14
          5215              0.697008 day 
 cflmax,ksmax,dt,nsound:  1.0000  0.0122    11.5279   14
          5216              0.697141 day 
 cflmax,ksmax,dt,nsound:  1.0000  0.0127    11.5281   14
          5217              0.697275 day 
 cflmax,ksmax,dt,nsound:  1.0000  0.0120    11.5280   14
          5218              0.697408 day 
 cflmax,ksmax,dt,nsound:  1.0000  0.0119    11.5279   14
          5219              0.697541 day 
 cflmax,ksmax,dt,nsound:  1.0000  0.0120    11.5277   14
          5220              0.697675 day 
 cflmax,ksmax,dt,nsound:  1.0000  0.0126    11.5271   14
          5221              0.697808 day 
   dorad =  T
 cflmax,ksmax,dt,nsound:  1.0000  0.0131    11.5261   14
 
 Entering RADIATION_DRIVER 
   rrtmg_lwrad 
   rrtmg_swrad 
 Leaving RADIATION_DRIVER 
 
          5222              0.697942 day 
 cflmax,ksmax,dt,nsound:  1.0000  0.0128    11.5250   14
          5223              0.698075 day 
 cflmax,ksmax,dt,nsound:  1.0000  0.0126    11.5239   14
          5224              0.698208 day 
 cflmax,ksmax,dt,nsound:  1.0000  0.0125    11.5230   14
          5225              0.698342 day 
 cflmax,ksmax,dt,nsound:  1.0000  0.0131    11.5223   14
          5226              0.698475 day 
 cflmax,ksmax,dt,nsound:  1.0000  0.0129    11.5215   14
          5227              0.698608 day 
 cflmax,ksmax,dt,nsound:  1.0000  0.0132    11.5207   14
          5228              0.698742 day 
 cflmax,ksmax,dt,nsound:  1.0000  0.0131    11.5202   14
          5229              0.698875 day 
 cflmax,ksmax,dt,nsound:  1.0000  0.0137    11.5200   14
          5230              0.699008 day 
 cflmax,ksmax,dt,nsound:  1.0000  0.0134    11.5196   14
          5231              0.699142 day 
 cflmax,ksmax,dt,nsound:  1.0000  0.0128    11.5191   14
          5232              0.699275 day 
 cflmax,ksmax,dt,nsound:  1.0000  0.0124    11.5194   14
          5233              0.699408 day 
 cflmax,ksmax,dt,nsound:  1.0000  0.0122    11.5191   14
          5234              0.699542 day 
 cflmax,ksmax,dt,nsound:  1.0000  0.0136    11.5188   14
          5235              0.699675 day 
 cflmax,ksmax,dt,nsound:  1.0000  0.0134    11.5183   14
          5236              0.699808 day 
 cflmax,ksmax,dt,nsound:  1.0000  0.0129    11.5179   14
          5237              0.699942 day 
 cflmax,ksmax,dt,nsound:  1.0000  0.0138    11.5176   14
          5238              0.700075 day 
 cflmax,ksmax,dt,nsound:  1.0000  0.0139    11.5169   14
          5239              0.700208 day 
 cflmax,ksmax,dt,nsound:  1.0000  0.0138    11.5163   14
          5240              0.700342 day 
 cflmax,ksmax,dt,nsound:  1.0000  0.0133    11.5157   14
          5241              0.700475 day 
 cflmax,ksmax,dt,nsound:  1.0000  0.0145    11.5152   14
          5242              0.700608 day 
 cflmax,ksmax,dt,nsound:  1.0000  0.0139    11.5150   14
          5243              0.700741 day 
 cflmax,ksmax,dt,nsound:  1.0000  0.0137    11.5148   14
          5244              0.700875 day 
 cflmax,ksmax,dt,nsound:  1.0000  0.0135    11.5145   14
          5245              0.701008 day 
 cflmax,ksmax,dt,nsound:  1.0000  0.0144    11.5146   14
          5246              0.701141 day 
 cflmax,ksmax,dt,nsound:  1.0000  0.0143    11.5148   14
          5247              0.701274 day 
   dorad =  T
 cflmax,ksmax,dt,nsound:  1.0000  0.0142    11.5150   14
 
 Entering RADIATION_DRIVER 
   rrtmg_lwrad 
   rrtmg_swrad 
 Leaving RADIATION_DRIVER 
 
          5248              0.701408 day 
 cflmax,ksmax,dt,nsound:  1.0000  0.0135    11.5154   14
          5249              0.701541 day 
 cflmax,ksmax,dt,nsound:  1.0000  0.0142    11.5161   14
          5250              0.701674 day 
 cflmax,ksmax,dt,nsound:  1.0000  0.0142    11.5168   14
          5251              0.701808 day 
 cflmax,ksmax,dt,nsound:  1.0000  0.0140    11.5176   14
srun: Job step aborted: Waiting up to 32 seconds for job step to finish.
slurmstepd-amaterasu16: error: *** STEP 2619545.0 ON amaterasu16 CANCELLED AT 2026-02-14T13:41:32 DUE TO TIME LIMIT ***
